NC_089035.1:6548277-6548492(6548278:6548492|tsd_l:tsd)-0.8614	NC_089035.1	100.000	144	0	0	1	144	6548224	6548367	1.89e-70	267	144
NC_089035.1:8491585-8492059(8491586:8492059|tsd_l:tsd)-0.5433	NC_089035.1	100.000	90	0	0	1	90	8491768	8491857	1.08e-40	167	90
NC_089035.1:8689751-8690048(8689752:8690048|tsd_l:20|tsd_s:8689753|tsd_e:8690045)-0.6671	NC_089035.1	100.000	76	0	0	1	76	8689717	8689792	5.22e-33	141	76
NC_089035.1:9169789-9169952(9169790:9169952|tsd_l:11|tsd_s:9169796|tsd_e:9169974)-0.7230	NC_089035.1	100.000	132	0	0	1	132	9169814	9169945	7.96e-64	244	132
NC_089035.1:9169789-9169952(9169790:9169952|tsd_l:11|tsd_s:9169796|tsd_e:9169974)-0.7230	NC_089040.1	96.154	130	5	0	3	132	17890735	17890864	2.24e-54	213	132
NC_089035.1:9169789-9169952(9169790:9169952|tsd_l:11|tsd_s:9169796|tsd_e:9169974)-0.7230	NC_089036.1	96.748	123	4	0	4	126	13299761	13299639	3.75e-52	206	132
NC_089035.1:12855292-12855542(12855293:12855542|tsd_l:tsd)-0.6306	NC_089035.1	100.000	262	0	0	1	262	12855185	12855446	9.50e-136	484	262
NC_089035.1:12855292-12855542(12855293:12855542|tsd_l:tsd)-0.6306	NC_089035.1	96.565	262	4	2	1	262	2330476	2330220	4.51e-119	429	262
NC_089035.1:12855292-12855542(12855293:12855542|tsd_l:tsd)-0.6306	NC_089035.1	96.565	262	4	2	1	262	16148061	16147805	4.51e-119	429	262
NC_089035.1:12855292-12855542(12855293:12855542|tsd_l:tsd)-0.6306	NC_089035.1	95.420	262	7	2	1	262	10869691	10869435	4.55e-114	412	262
NC_089035.1:12855292-12855542(12855293:12855542|tsd_l:tsd)-0.6306	NC_089044.1	90.909	264	17	4	1	262	1829299	1829557	1.30e-94	348	262
NC_089035.1:12855292-12855542(12855293:12855542|tsd_l:tsd)-0.6306	NC_089036.1	88.104	269	21	4	1	262	11273640	11273904	6.14e-83	309	262
NC_089035.1:14180698-14181007(14180699:14181007|tsd_l:tsd)-0.5089	NC_089035.1	100.000	48	0	0	1	48	14180988	14181035	9.22e-18	89.8	48
NC_089035.1:15915758-15916023(15915759:15916023|tsd_l:12|tsd_s:15915762|tsd_e:15916033)-0.5536	NC_089035.1	100.000	90	0	0	1	90	15915840	15915929	1.08e-40	167	90
NC_089035.1:24908135-24908355(24908136:24908355|tsd_l:tsd)-0.5485	NC_089035.1	100.000	263	0	0	1	263	24908128	24908390	2.65e-136	486	263
NC_089035.1:29397836-29398079(29397837:29398079|tsd_l:tsd)-0.6595	NC_089035.1	100.000	42	0	0	1	42	29397753	29397794	1.52e-14	78.7	42
NC_089035.1:29397836-29398079(29397837:29398079|tsd_l:tsd)-0.6595	NC_089043.1	95.238	42	2	0	1	42	12173060	12173019	3.28e-11	67.6	42
NC_089035.1:29397836-29398079(29397837:29398079|tsd_l:tsd)-0.6595	NC_089043.1	95.238	42	2	0	1	42	13925297	13925256	3.28e-11	67.6	42
NC_089035.1:29397836-29398079(29397837:29398079|tsd_l:tsd)-0.6595	NC_089043.1	95.238	42	2	0	1	42	18145135	18145094	3.28e-11	67.6	42
NC_089035.1:29397836-29398079(29397837:29398079|tsd_l:tsd)-0.6595	NC_089041.1	95.238	42	2	0	1	42	20590839	20590880	3.28e-11	67.6	42
NC_089035.1:29397836-29398079(29397837:29398079|tsd_l:tsd)-0.6595	NC_089038.1	95.238	42	2	0	1	42	5676186	5676227	3.28e-11	67.6	42
NC_089035.1:29397836-29398079(29397837:29398079|tsd_l:tsd)-0.6595	NC_089037.1	95.238	42	2	0	1	42	23271113	23271072	3.28e-11	67.6	42
NC_089035.1:29397836-29398079(29397837:29398079|tsd_l:tsd)-0.6595	NC_089036.1	95.238	42	2	0	1	42	8181367	8181408	3.28e-11	67.6	42
NC_089035.1:41718187-41718359(41718188:41718359|tsd_l:tsd)-0.5426	NC_089035.1	100.000	42	0	0	1	42	41718392	41718433	1.52e-14	78.7	42
NC_089036.1:4515562-4515907(4515563:4515907|tsd_l:11|tsd_s:4515565|tsd_e:4515900)-0.6116	NC_089036.1	100.000	54	0	0	1	54	4515555	4515608	5.11e-21	100	54
NC_089036.1:4571423-4571562(4571424:4571562|tsd_l:tsd)-0.5094	NC_089036.1	100.000	49	0	0	1	49	4571318	4571366	2.56e-18	91.6	49
NC_089036.1:6426286-6426517(6426287:6426517|tsd_l:12|tsd_s:6426272|tsd_e:6426517)-0.5237	NC_089036.1	100.000	48	0	0	1	48	6426510	6426557	9.22e-18	89.8	48
NC_089036.1:6732253-6732551(6732254:6732551|tsd_l:tsd)-0.5317	NC_089036.1	100.000	112	0	0	1	112	6732307	6732418	8.49e-53	207	112
NC_089036.1:6732253-6732551(6732254:6732551|tsd_l:tsd)-0.5317	NC_089038.1	86.364	110	11	2	7	112	11413773	11413664	1.47e-25	117	112
NC_089036.1:6732253-6732551(6732254:6732551|tsd_l:tsd)-0.5317	NC_089039.1	86.139	101	10	2	16	112	20772843	20772943	3.19e-22	106	112
NC_089036.1:6732253-6732551(6732254:6732551|tsd_l:tsd)-0.5317	NC_089035.1	82.456	114	16	2	1	110	19903491	19903604	1.92e-19	97.1	112
NC_089036.1:7268732-7268911(7268733:7268911|tsd_l:tsd)-0.5391	NC_089036.1	100.000	73	0	0	1	73	7268789	7268861	2.29e-31	135	73
NC_089036.1:7268732-7268911(7268733:7268911|tsd_l:tsd)-0.5391	NC_089041.1	95.833	72	3	0	2	73	8042057	8042128	8.29e-26	117	73
NC_089036.1:7268732-7268911(7268733:7268911|tsd_l:tsd)-0.5391	NC_089041.1	95.833	72	3	0	2	73	8496239	8496310	8.29e-26	117	73
NC_089036.1:7268732-7268911(7268733:7268911|tsd_l:tsd)-0.5391	NC_089041.1	89.041	73	8	0	1	73	13654226	13654298	5.02e-18	91.6	73
NC_089036.1:7268732-7268911(7268733:7268911|tsd_l:tsd)-0.5391	NC_089041.1	88.889	72	8	0	2	73	15520549	15520620	1.81e-17	89.8	73
NC_089036.1:7268732-7268911(7268733:7268911|tsd_l:tsd)-0.5391	NC_089035.1	88.889	72	8	0	2	73	20622199	20622270	1.81e-17	89.8	73
NC_089036.1:8611466-8611699(8611467:8611699|tsd_l:tsd)-0.7530	NC_089036.1	100.000	59	0	0	1	59	8611601	8611659	9.91e-24	110	59
NC_089036.1:8703938-8704175(8703939:8704175|tsd_l:16|tsd_s:8703945|tsd_e:8704175)-0.5880	NC_089036.1	100.000	60	0	0	1	60	7317556	7317497	2.83e-24	111	60
NC_089036.1:8703938-8704175(8703939:8704175|tsd_l:16|tsd_s:8703945|tsd_e:8704175)-0.5880	NC_089036.1	100.000	60	0	0	1	60	8703921	8703980	2.83e-24	111	60
NC_089036.1:8703938-8704175(8703939:8704175|tsd_l:16|tsd_s:8703945|tsd_e:8704175)-0.5880	NC_089036.1	98.333	60	1	0	1	60	9765544	9765603	1.32e-22	106	60
NC_089036.1:11125190-11125294(11125191:11125294|tsd_l:tsd)-0.5271	NC_089036.1	100.000	35	0	0	1	35	11125041	11125075	7.46e-11	65.8	35
NC_089036.1:12309106-12309293(12309107:12309293|tsd_l:tsd)-0.7924	NC_089036.1	100.000	78	0	0	1	78	12309107	12309184	4.19e-34	145	78
NC_089036.1:18485056-18485177(18485057:18485177|tsd_l:tsd)-0.5218	NC_089036.1	100.000	48	0	0	1	48	18485059	18485106	9.22e-18	89.8	48
NC_089036.1:21831571-21831753(21831572:21831753|tsd_l:tsd)-0.5080	NC_089036.1	100.000	36	0	0	1	36	21831701	21831736	2.25e-11	67.6	36
NC_089036.1:23973776-23974033(23973777:23974033|tsd_l:tsd)-0.5037	NC_089036.1	100.000	66	0	0	1	66	23973776	23973841	1.53e-27	122	66
NC_089036.1:26357167-26357463(26357168:26357463|tsd_l:tsd)-0.7645	NC_089036.1	100.000	96	0	0	1	96	26357293	26357388	5.43e-44	178	96
NC_089036.1:29636601-29636687(29636602:29636687|tsd_l:tsd)-0.7622	NC_089036.1	100.000	57	0	0	1	57	29636488	29636544	1.21e-22	106	57
NC_089036.1:29636601-29636687(29636602:29636687|tsd_l:tsd)-0.7622	NC_089046.1	96.610	59	0	1	1	57	13732602	13732660	7.27e-20	97.1	57
NC_089036.1:29636601-29636687(29636602:29636687|tsd_l:tsd)-0.7622	NC_089035.1	92.593	54	3	1	1	53	20971766	20971713	9.47e-14	76.8	57
NC_089036.1:34423436-34423522(34423437:34423522|tsd_l:tsd)-0.6517	NC_089036.1	100.000	71	0	0	1	71	34423299	34423369	2.84e-30	132	71
NC_089036.1:35120799-35120925(35120800:35120925|tsd_l:tsd)-0.5327	NC_089036.1	100.000	42	0	0	1	42	35120751	35120792	1.52e-14	78.7	42
NC_089037.1:170853-171179(170854:171179|tsd_l:16|tsd_s:170853|tsd_e:171184)-0.8508	NC_089037.1	100.000	316	0	0	1	316	170815	171130	1.12e-165	584	316
NC_089037.1:3355741-3355956(3355742:3355956|tsd_l:tsd)-0.6356	NC_089037.1	100.000	47	0	0	1	47	3355723	3355769	3.18e-17	87.9	47
NC_089037.1:6617426-6617584(6617427:6617584|tsd_l:tsd)-0.5777	NC_089037.1	100.000	90	0	0	1	90	6617283	6617372	1.08e-40	167	90
NC_089037.1:7296568-7296859(7296569:7296859|tsd_l:tsd)-0.7494	NC_089037.1	100.000	77	0	0	1	77	7296524	7296600	1.48e-33	143	77
NC_089037.1:10233896-10234150(10233897:10234150|tsd_l:tsd)-0.5382	NC_089037.1	100.000	89	0	0	1	89	10233897	10233985	3.81e-40	165	89
NC_089037.1:12616595-12616709(12616596:12616709|tsd_l:tsd)-0.6074	NC_089037.1	100.000	65	0	0	1	65	12616577	12616641	5.36e-27	121	65
NC_089037.1:12979871-12980099(12979872:12980099|tsd_l:tsd)-0.5375	NC_089037.1	100.000	60	0	0	1	60	12979868	12979927	2.83e-24	111	60
NC_089037.1:14265188-14265444(14265189:14265444|tsd_l:tsd)-0.7389	NC_089037.1	100.000	70	0	0	1	70	14265099	14265168	9.99e-30	130	70
NC_089037.1:16407075-16407414(16407076:16407414|tsd_l:tsd)-0.7829	NC_089037.1	100.000	114	0	0	1	114	16407055	16407168	6.71e-54	211	114
NC_089037.1:16407075-16407414(16407076:16407414|tsd_l:tsd)-0.7829	NC_089037.1	88.235	68	7	1	23	90	1059841	1059775	1.97e-14	80.5	114
NC_089037.1:16407075-16407414(16407076:16407414|tsd_l:tsd)-0.7829	NC_089038.1	89.286	56	4	2	31	85	5867041	5866987	4.27e-11	69.4	114
NC_089037.1:16507515-16507889(16507516:16507889|tsd_l:tsd)-0.5493	NC_089037.1	100.000	150	0	0	1	150	16507366	16507515	9.16e-74	278	150
NC_089037.1:16881296-16881528(16881297:16881528|tsd_l:tsd)-0.7668	NC_089037.1	100.000	126	0	0	1	126	16881354	16881479	1.63e-60	233	126
NC_089037.1:16881296-16881528(16881297:16881528|tsd_l:tsd)-0.7668	NC_089046.1	86.726	113	15	0	3	115	23856475	23856363	2.84e-28	126	126
NC_089037.1:17164917-17165222(17164918:17165222|tsd_l:16|tsd_s:17164919|tsd_e:17165222)-0.7336	NC_089037.1	100.000	96	0	0	1	96	17164918	17165013	5.43e-44	178	96
NC_089037.1:17164917-17165222(17164918:17165222|tsd_l:16|tsd_s:17164919|tsd_e:17165222)-0.7336	NC_089045.1	81.720	93	17	0	4	96	27079301	27079393	5.67e-14	78.7	96
NC_089037.1:17405918-17406209(17405919:17406209|tsd_l:tsd)-0.7467	NC_089037.1	100.000	42	0	0	1	42	17405931	17405972	1.52e-14	78.7	42
NC_089037.1:22091249-22091574(22091250:22091574|tsd_l:tsd)-0.5983	NC_089037.1	100.000	126	0	0	1	126	22091416	22091541	1.63e-60	233	126
NC_089037.1:22091249-22091574(22091250:22091574|tsd_l:tsd)-0.5983	NC_089037.1	81.081	111	20	1	15	124	16407259	16407369	1.34e-16	87.9	126
NC_089037.1:22749358-22749515(22749359:22749515|tsd_l:15|tsd_s:22749346|tsd_e:22749511)-0.5460	NC_089037.1	100.000	36	0	0	1	36	22749341	22749376	2.25e-11	67.6	36
NC_089037.1:23599263-23599504(23599264:23599504|tsd_l:tsd)-0.8593	NC_089037.1	100.000	180	0	0	1	180	23599275	23599454	2.38e-90	333	180
NC_089037.1:24409041-24409161(24409042:24409161|tsd_l:tsd)-0.6378	NC_089037.1	100.000	102	0	0	1	102	24409065	24409166	2.72e-47	189	102
NC_089037.1:24409041-24409161(24409042:24409161|tsd_l:tsd)-0.6378	NC_089037.1	86.170	94	12	1	1	94	2197634	2197726	1.31e-20	100	102
NC_089037.1:24409041-24409161(24409042:24409161|tsd_l:tsd)-0.6378	NC_089045.1	92.308	91	6	1	1	91	10163580	10163669	6.02e-29	128	102
NC_089037.1:24409041-24409161(24409042:24409161|tsd_l:tsd)-0.6378	NC_089035.1	91.304	92	8	0	1	92	14693043	14693134	2.16e-28	126	102
NC_089037.1:24409041-24409161(24409042:24409161|tsd_l:tsd)-0.6378	NC_089035.1	91.071	56	5	0	5	60	4322451	4322506	2.21e-13	76.8	102
NC_089037.1:24409041-24409161(24409042:24409161|tsd_l:tsd)-0.6378	NC_089046.1	89.655	87	7	1	1	87	10801817	10801733	2.18e-23	110	102
NC_089037.1:32465133-32465416(32465134:32465416|tsd_l:tsd)-0.6103	NC_089037.1	100.000	221	0	0	1	221	32465082	32465302	4.86e-113	409	221
NC_089037.1:32465133-32465416(32465134:32465416|tsd_l:tsd)-0.6103	NC_089037.1	92.453	53	3	1	1	53	4232175	4232226	2.01e-12	75.0	221
NC_089037.1:32465133-32465416(32465134:32465416|tsd_l:tsd)-0.6103	NC_089037.1	93.617	47	3	0	1	47	4230601	4230647	2.60e-11	71.3	221
NC_089037.1:32465133-32465416(32465134:32465416|tsd_l:tsd)-0.6103	NC_089040.1	92.453	53	4	0	1	53	13798222	13798274	5.60e-13	76.8	221
NC_089038.1:456638-456863(456639:456863|tsd_l:tsd)-0.6236	NC_089038.1	100.000	36	0	0	1	36	456844	456879	2.25e-11	67.6	36
NC_089038.1:1873703-1873986(1873704:1873986|tsd_l:tsd)-0.5410	NC_089038.1	100.000	89	0	0	1	89	1873645	1873733	3.81e-40	165	89
NC_089038.1:4665183-4665436(4665184:4665436|tsd_l:tsd)-0.5522	NC_089038.1	100.000	72	0	0	1	72	4665326	4665397	8.06e-31	134	72
NC_089038.1:4665183-4665436(4665184:4665436|tsd_l:tsd)-0.5522	NC_089038.1	89.091	55	6	0	10	64	1337307	1337253	2.31e-11	69.4	72
NC_089038.1:4665183-4665436(4665184:4665436|tsd_l:tsd)-0.5522	NC_089043.1	88.571	70	8	0	1	70	14413336	14413405	2.29e-16	86.1	72
NC_089038.1:4665183-4665436(4665184:4665436|tsd_l:tsd)-0.5522	NC_089039.1	89.394	66	6	1	5	69	14594219	14594154	2.96e-15	82.4	72
NC_089038.1:4665183-4665436(4665184:4665436|tsd_l:tsd)-0.5522	NC_089039.1	88.525	61	7	0	10	70	1685205	1685145	4.96e-13	75.0	72
NC_089038.1:4665183-4665436(4665184:4665436|tsd_l:tsd)-0.5522	NC_089039.1	92.308	52	4	0	10	61	20249234	20249183	4.96e-13	75.0	72
NC_089038.1:4665183-4665436(4665184:4665436|tsd_l:tsd)-0.5522	NC_089044.1	88.710	62	7	0	1	62	22907813	22907874	1.38e-13	76.8	72
NC_089038.1:4852093-4852374(4852094:4852374|tsd_l:tsd)-0.7314	NC_089038.1	100.000	89	0	0	1	89	4852080	4852168	3.81e-40	165	89
NC_089038.1:7026454-7026749(7026455:7026749|tsd_l:tsd)-0.5572	NC_089038.1	100.000	54	0	0	1	54	7026555	7026608	5.11e-21	100	54
NC_089038.1:12280842-12281116(12280843:12281116|tsd_l:tsd)-0.6747	NC_089038.1	100.000	89	0	0	1	89	12280854	12280942	3.81e-40	165	89
NC_089038.1:12280842-12281116(12280843:12281116|tsd_l:tsd)-0.6747	NC_089046.1	92.135	89	7	0	1	89	25762535	25762623	1.80e-28	126	89
NC_089038.1:12280842-12281116(12280843:12281116|tsd_l:tsd)-0.6747	NC_089044.1	93.023	86	6	0	4	89	21670081	21669996	1.80e-28	126	89
NC_089038.1:12280842-12281116(12280843:12281116|tsd_l:tsd)-0.6747	NC_089035.1	91.011	89	8	0	1	89	7574534	7574622	8.37e-27	121	89
NC_089038.1:12280842-12281116(12280843:12281116|tsd_l:tsd)-0.6747	NC_089037.1	91.250	80	7	0	1	80	26221050	26221129	1.81e-23	110	89
NC_089038.1:12280842-12281116(12280843:12281116|tsd_l:tsd)-0.6747	NC_089045.1	83.721	86	14	0	4	89	27810679	27810764	3.95e-15	82.4	89
NC_089038.1:12346239-12346457(12346240:12346457|tsd_l:tsd)-0.6830	NC_089038.1	100.000	161	0	0	1	161	12346182	12346342	7.60e-80	298	161
NC_089038.1:12524366-12524542(12524367:12524542|tsd_l:tsd)-0.6112	NC_089038.1	100.000	54	0	0	1	54	12524560	12524613	5.11e-21	100	54
NC_089038.1:18467941-18468230(18467942:18468230|tsd_l:tsd)-0.8270	NC_089038.1	100.000	101	0	0	1	101	18467909	18468009	9.66e-47	187	101
NC_089038.1:19345686-19345950(19345687:19345950|tsd_l:tsd)-0.8997	NC_089038.1	100.000	101	0	0	1	101	19345657	19345757	9.66e-47	187	101
NC_089038.1:19345686-19345950(19345687:19345950|tsd_l:tsd)-0.8997	NC_089043.1	89.041	73	8	0	29	101	5328260	5328188	7.79e-18	91.6	101
NC_089038.1:19345686-19345950(19345687:19345950|tsd_l:tsd)-0.8997	NC_089035.1	90.476	63	6	0	39	101	32624954	32624892	1.30e-15	84.2	101
NC_089038.1:19345686-19345950(19345687:19345950|tsd_l:tsd)-0.8997	NC_089039.1	87.500	64	8	0	36	99	13592337	13592400	7.85e-13	75.0	101
NC_089038.1:19345686-19345950(19345687:19345950|tsd_l:tsd)-0.8997	NC_089041.1	90.741	54	5	0	46	99	28623392	28623339	2.82e-12	73.1	101
NC_089038.1:19778363-19778490(19778364:19778490|tsd_l:tsd)-0.6357	NC_089038.1	100.000	55	0	0	1	55	19778399	19778453	1.47e-21	102	55
NC_089038.1:20196718-20196911(20196719:20196911|tsd_l:tsd)-0.6287	NC_089038.1	100.000	60	0	0	1	60	20196640	20196699	2.83e-24	111	60
NC_089038.1:28224556-28224780(28224557:28224780|tsd_l:tsd)-0.6264	NC_089038.1	100.000	65	0	0	1	65	28224443	28224507	5.36e-27	121	65
NC_089038.1:30554798-30555125(30554799:30555125|tsd_l:16|tsd_s:30554793|tsd_e:30555130)-0.6212	NC_089038.1	100.000	234	0	0	1	234	30554877	30555110	3.08e-120	433	234
NC_089038.1:31540647-31540928(31540648:31540928|tsd_l:tsd)-0.8156	NC_089038.1	100.000	107	0	0	1	107	31540717	31540823	4.81e-50	198	107
NC_089038.1:31540647-31540928(31540648:31540928|tsd_l:tsd)-0.8156	NC_089038.1	92.523	107	8	0	1	107	12410660	12410766	1.06e-36	154	107
NC_089038.1:31540647-31540928(31540648:31540928|tsd_l:tsd)-0.8156	NC_089038.1	91.743	109	7	1	1	107	4399355	4399247	1.37e-35	150	107
NC_089038.1:31540647-31540928(31540648:31540928|tsd_l:tsd)-0.8156	NC_089037.1	94.393	107	4	1	1	105	16005187	16005293	1.76e-39	163	107
NC_089038.1:31540647-31540928(31540648:31540928|tsd_l:tsd)-0.8156	NC_089037.1	89.796	98	10	0	1	98	8362044	8362141	2.30e-28	126	107
NC_089038.1:31540647-31540928(31540648:31540928|tsd_l:tsd)-0.8156	NC_089037.1	86.916	107	13	1	1	107	21906879	21906984	3.86e-26	119	107
NC_089038.1:31540647-31540928(31540648:31540928|tsd_l:tsd)-0.8156	NC_089037.1	89.873	79	6	1	2	78	25668489	25668567	1.40e-20	100	107
NC_089038.1:31540647-31540928(31540648:31540928|tsd_l:tsd)-0.8156	NC_089037.1	86.957	92	9	3	12	102	34221986	34221897	1.40e-20	100	107
NC_089038.1:31540647-31540928(31540648:31540928|tsd_l:tsd)-0.8156	NC_089037.1	96.000	50	2	0	58	107	22749417	22749368	5.06e-15	82.4	107
NC_089038.1:31540647-31540928(31540648:31540928|tsd_l:tsd)-0.8156	NC_089037.1	90.323	62	6	0	45	106	29745113	29745052	5.06e-15	82.4	107
NC_089038.1:31540647-31540928(31540648:31540928|tsd_l:tsd)-0.8156	NC_089035.1	93.578	109	5	1	1	107	22507738	22507846	6.32e-39	161	107
NC_089038.1:31540647-31540928(31540648:31540928|tsd_l:tsd)-0.8156	NC_089035.1	93.333	90	4	1	1	88	22507637	22507726	4.95e-30	132	107
NC_089038.1:31540647-31540928(31540648:31540928|tsd_l:tsd)-0.8156	NC_089036.1	92.523	107	6	1	1	105	20958765	20958659	3.80e-36	152	107
NC_089038.1:31540647-31540928(31540648:31540928|tsd_l:tsd)-0.8156	NC_089036.1	89.524	105	9	2	1	104	21831700	21831597	4.95e-30	132	107
NC_089038.1:31540647-31540928(31540648:31540928|tsd_l:tsd)-0.8156	NC_089036.1	88.421	95	7	2	15	105	12792136	12792230	6.45e-24	111	107
NC_089038.1:31540647-31540928(31540648:31540928|tsd_l:tsd)-0.8156	NC_089046.1	90.654	107	10	0	1	107	20340856	20340962	2.29e-33	143	107
NC_089038.1:31540647-31540928(31540648:31540928|tsd_l:tsd)-0.8156	NC_089046.1	90.566	106	10	0	1	106	3626396	3626291	8.23e-33	141	107
NC_089038.1:31540647-31540928(31540648:31540928|tsd_l:tsd)-0.8156	NC_089046.1	88.172	93	11	0	15	107	746328	746420	6.45e-24	111	107
NC_089038.1:31540647-31540928(31540648:31540928|tsd_l:tsd)-0.8156	NC_089044.1	91.919	99	8	0	9	107	15804268	15804366	2.96e-32	139	107
NC_089038.1:31540647-31540928(31540648:31540928|tsd_l:tsd)-0.8156	NC_089044.1	86.792	106	14	0	2	107	17148764	17148659	3.86e-26	119	107
NC_089038.1:31540647-31540928(31540648:31540928|tsd_l:tsd)-0.8156	NC_089044.1	88.298	94	9	2	15	107	4322512	4322420	6.45e-24	111	107
NC_089038.1:31540647-31540928(31540648:31540928|tsd_l:tsd)-0.8156	NC_089044.1	93.151	73	4	1	35	107	14630914	14630843	3.00e-22	106	107
NC_089038.1:31540647-31540928(31540648:31540928|tsd_l:tsd)-0.8156	NC_089045.1	89.720	107	10	1	1	107	27810941	27810836	3.83e-31	135	107
NC_089038.1:31540647-31540928(31540648:31540928|tsd_l:tsd)-0.8156	NC_089043.1	95.122	82	4	0	26	107	9325705	9325786	1.78e-29	130	107
NC_089038.1:31540647-31540928(31540648:31540928|tsd_l:tsd)-0.8156	NC_089039.1	88.298	94	9	2	15	107	20249335	20249243	6.45e-24	111	107
NC_089038.1:31540647-31540928(31540648:31540928|tsd_l:tsd)-0.8156	NC_089039.1	98.039	51	1	0	57	107	5326933	5326983	3.02e-17	89.8	107
NC_089039.1:673961-674204(673962:674204|tsd_l:tsd)-0.5246	NC_089039.1	100.000	126	0	0	1	126	673973	674098	1.63e-60	233	126
NC_089039.1:855849-856111(855850:856111|tsd_l:11|tsd_s:855850|tsd_e:856115)-0.7031	NC_089039.1	100.000	156	0	0	1	156	855798	855953	4.44e-77	289	156
NC_089039.1:855849-856111(855850:856111|tsd_l:11|tsd_s:855850|tsd_e:856115)-0.7031	NC_089039.1	87.255	102	11	2	8	109	20961163	20961262	7.97e-25	115	156
NC_089039.1:855849-856111(855850:856111|tsd_l:11|tsd_s:855850|tsd_e:856115)-0.7031	NC_089043.1	94.231	156	8	1	1	156	9695491	9695645	1.63e-61	237	156
NC_089039.1:855849-856111(855850:856111|tsd_l:11|tsd_s:855850|tsd_e:856115)-0.7031	NC_089043.1	94.231	156	8	1	1	156	9737131	9736977	1.63e-61	237	156
NC_089039.1:855849-856111(855850:856111|tsd_l:11|tsd_s:855850|tsd_e:856115)-0.7031	NC_089043.1	94.231	156	8	1	1	156	13637311	13637465	1.63e-61	237	156
NC_089039.1:855849-856111(855850:856111|tsd_l:11|tsd_s:855850|tsd_e:856115)-0.7031	NC_089043.1	92.308	156	11	1	1	156	15155905	15156059	1.64e-56	220	156
NC_089039.1:855849-856111(855850:856111|tsd_l:11|tsd_s:855850|tsd_e:856115)-0.7031	NC_089043.1	95.968	124	4	1	1	124	17289351	17289229	2.14e-50	200	156
NC_089039.1:855849-856111(855850:856111|tsd_l:11|tsd_s:855850|tsd_e:856115)-0.7031	NC_089036.1	87.975	158	16	3	1	156	7268496	7268652	2.15e-45	183	156
NC_089039.1:855849-856111(855850:856111|tsd_l:11|tsd_s:855850|tsd_e:856115)-0.7031	NC_089036.1	86.538	156	19	2	1	156	7317251	7317404	1.68e-41	171	156
NC_089039.1:855849-856111(855850:856111|tsd_l:11|tsd_s:855850|tsd_e:856115)-0.7031	NC_089036.1	86.538	156	19	2	1	156	8704226	8704073	1.68e-41	171	156
NC_089039.1:855849-856111(855850:856111|tsd_l:11|tsd_s:855850|tsd_e:856115)-0.7031	NC_089036.1	85.256	156	20	3	1	156	9765848	9765696	1.31e-37	158	156
NC_089039.1:855849-856111(855850:856111|tsd_l:11|tsd_s:855850|tsd_e:856115)-0.7031	NC_089041.1	89.630	135	12	2	8	141	4102721	4102588	1.68e-41	171	156
NC_089039.1:855849-856111(855850:856111|tsd_l:11|tsd_s:855850|tsd_e:856115)-0.7031	NC_089041.1	78.846	156	14	9	1	156	7002645	7002781	1.74e-16	87.9	156
NC_089039.1:855849-856111(855850:856111|tsd_l:11|tsd_s:855850|tsd_e:856115)-0.7031	NC_089045.1	87.333	150	12	6	1	148	16228989	16228845	7.80e-40	165	156
NC_089039.1:855849-856111(855850:856111|tsd_l:11|tsd_s:855850|tsd_e:856115)-0.7031	NC_089035.1	85.443	158	17	5	1	156	30930806	30930653	3.63e-38	159	156
NC_089039.1:1685091-1685308(1685092:1685308|tsd_l:tsd)-0.7166	NC_089039.1	100.000	95	0	0	1	95	1685067	1685161	1.93e-43	176	95
NC_089039.1:1685091-1685308(1685092:1685308|tsd_l:tsd)-0.7166	NC_089039.1	87.368	95	8	1	1	95	1684816	1684906	2.56e-22	106	95
NC_089039.1:9690318-9690577(9690319:9690577|tsd_l:tsd)-0.7910	NC_089039.1	100.000	90	0	0	1	90	9690300	9690389	1.08e-40	167	90
NC_089039.1:9690318-9690577(9690319:9690577|tsd_l:tsd)-0.7910	NC_089036.1	93.103	58	4	0	29	86	2926110	2926053	3.10e-16	86.1	90
NC_089039.1:9690318-9690577(9690319:9690577|tsd_l:tsd)-0.7910	NC_089037.1	88.406	69	7	1	19	86	16881297	16881365	4.01e-15	82.4	90
NC_089039.1:9690318-9690577(9690319:9690577|tsd_l:tsd)-0.7910	NC_089040.1	86.765	68	7	2	20	86	21834211	21834277	6.71e-13	75.0	90
NC_089039.1:14594111-14594432(14594112:14594432|tsd_l:tsd)-0.5772	NC_089039.1	100.000	48	0	0	1	48	14594363	14594410	9.22e-18	89.8	48
NC_089039.1:15857912-15858190(15857913:15858190|tsd_l:tsd)-0.7340	NC_089039.1	100.000	54	0	0	1	54	15857787	15857840	5.11e-21	100	54
NC_089039.1:18709343-18709473(18709344:18709473|tsd_l:tsd)-0.5875	NC_089039.1	100.000	72	0	0	1	72	18709368	18709439	8.06e-31	134	72
NC_089039.1:24921854-24922135(24921855:24922135|tsd_l:tsd)-0.5995	NC_089039.1	100.000	96	0	0	1	96	24921860	24921955	5.43e-44	178	96
NC_089039.1:25741713-25741982(25741714:25741982|tsd_l:tsd)-0.6804	NC_089039.1	100.000	90	0	0	1	90	25741692	25741781	1.08e-40	167	90
NC_089040.1:1195402-1195683(1195403:1195683|tsd_l:tsd)-0.5999	NC_089040.1	100.000	144	0	0	1	144	1195366	1195509	1.89e-70	267	144
NC_089040.1:4082166-4082400(4082167:4082400|tsd_l:tsd)-0.5187	NC_089040.1	100.000	60	0	0	1	60	4082123	4082182	2.83e-24	111	60
NC_089040.1:5138313-5138511(5138314:5138511|tsd_l:tsd)-0.8436	NC_089040.1	100.000	108	0	0	1	108	5138548	5138655	1.35e-50	200	108
NC_089040.1:5158543-5158842(5158544:5158842|tsd_l:15|tsd_s:5158534|tsd_e:5158839)-0.6925	NC_089040.1	100.000	66	0	0	1	66	5158542	5158607	1.53e-27	122	66
NC_089040.1:8693576-8693866(8693577:8693866|tsd_l:15|tsd_s:8693576|tsd_e:8693862)-0.6119	NC_089040.1	100.000	86	0	0	1	86	8693542	8693627	1.69e-38	159	86
NC_089040.1:11716914-11717207(11716915:11717207|tsd_l:tsd)-0.8369	NC_089040.1	100.000	48	0	0	1	48	11716897	11716944	9.22e-18	89.8	48
NC_089040.1:12862987-12863255(12862988:12863255|tsd_l:tsd)-0.5553	NC_089040.1	100.000	60	0	0	1	60	12863247	12863306	2.83e-24	111	60
NC_089040.1:15064348-15064476(15064349:15064476|tsd_l:tsd)-0.5349	NC_089040.1	100.000	35	0	0	1	35	15064342	15064376	7.46e-11	65.8	35
NC_089040.1:17892809-17893003(17892810:17893003|tsd_l:tsd)-0.5847	NC_089040.1	100.000	67	0	0	1	67	17892884	17892950	4.35e-28	124	67
NC_089040.1:21834209-21834489(21834210:21834489|tsd_l:tsd)-0.8020	NC_089040.1	100.000	77	0	0	1	77	21834210	21834286	1.48e-33	143	77
NC_089040.1:21834209-21834489(21834210:21834489|tsd_l:tsd)-0.8020	NC_089040.1	86.765	68	8	1	11	77	6674857	6674790	5.47e-13	75.0	77
NC_089040.1:21834209-21834489(21834210:21834489|tsd_l:tsd)-0.8020	NC_089037.1	92.958	71	4	1	2	71	16881298	16881368	2.51e-21	102	77
NC_089040.1:21834209-21834489(21834210:21834489|tsd_l:tsd)-0.8020	NC_089036.1	91.304	69	5	1	2	69	2926120	2926052	1.51e-18	93.5	77
NC_089040.1:21834209-21834489(21834210:21834489|tsd_l:tsd)-0.8020	NC_089044.1	90.909	66	5	1	7	71	1761266	1761331	7.03e-17	87.9	77
NC_089040.1:21834209-21834489(21834210:21834489|tsd_l:tsd)-0.8020	NC_089039.1	86.765	68	7	2	2	68	9690319	9690385	5.47e-13	75.0	77
NC_089040.1:21834209-21834489(21834210:21834489|tsd_l:tsd)-0.8020	NC_089042.1	95.652	46	1	1	2	47	21129364	21129320	1.97e-12	73.1	77
NC_089040.1:21904404-21904700(21904405:21904700|tsd_l:tsd)-0.8107	NC_089040.1	100.000	114	0	0	1	114	21904536	21904649	6.71e-54	211	114
NC_089040.1:22196103-22196285(22196104:22196285|tsd_l:tsd)-0.5510	NC_089040.1	100.000	60	0	0	1	60	22196091	22196150	2.83e-24	111	60
NC_089040.1:22837600-22837722(22837601:22837722|tsd_l:tsd)-0.5994	NC_089040.1	100.000	126	0	0	1	126	22837595	22837720	1.63e-60	233	126
NC_089040.1:27568242-27568472(27568243:27568472|tsd_l:tsd)-0.5915	NC_089040.1	100.000	104	0	0	1	104	27568286	27568389	2.16e-48	193	104
NC_089040.1:27568242-27568472(27568243:27568472|tsd_l:tsd)-0.5915	NC_089046.1	83.000	100	15	2	6	104	26397853	26397951	2.91e-17	89.8	104
NC_089041.1:4061403-4061540(4061404:4061540|tsd_l:10|tsd_s:4061421|tsd_e:4061576)-0.5579	NC_089041.1	100.000	66	0	0	1	66	4061308	4061373	1.53e-27	122	66
NC_089041.1:7420278-7420533(7420279:7420533|tsd_l:tsd)-0.8371	NC_089041.1	100.000	102	0	0	1	102	7420279	7420380	2.72e-47	189	102
NC_089041.1:8952024-8952306(8952025:8952306|tsd_l:tsd)-0.7137	NC_089041.1	100.000	77	0	0	1	77	8952012	8952088	1.48e-33	143	77
NC_089041.1:13654088-13654356(13654089:13654356|tsd_l:tsd)-0.5700	NC_089041.1	100.000	61	0	0	1	61	13654266	13654326	8.09e-25	113	61
NC_089041.1:13654088-13654356(13654089:13654356|tsd_l:tsd)-0.5700	NC_089041.1	98.361	61	1	0	1	61	15520588	15520648	3.77e-23	108	61
NC_089041.1:13654088-13654356(13654089:13654356|tsd_l:tsd)-0.5700	NC_089041.1	96.667	60	2	0	1	60	15193258	15193199	6.30e-21	100	61
NC_089041.1:14908467-14908724(14908468:14908724|tsd_l:tsd)-0.6949	NC_089041.1	100.000	72	0	0	1	72	14908657	14908728	8.06e-31	134	72
NC_089041.1:15466814-15467108(15466815:15467108|tsd_l:tsd)-0.5486	NC_089041.1	100.000	108	0	0	1	108	15466815	15466922	1.35e-50	200	108
NC_089041.1:16011523-16011698(16011524:16011698|tsd_l:tsd)-0.5607	NC_089041.1	100.000	36	0	0	1	36	16011476	16011511	2.25e-11	67.6	36
NC_089041.1:16278447-16278598(16278448:16278598|tsd_l:tsd)-0.5573	NC_089041.1	100.000	85	0	0	1	85	16278490	16278574	5.98e-38	158	85
NC_089041.1:22607624-22607809(22607625:22607809|tsd_l:tsd)-0.6138	NC_089041.1	100.000	72	0	0	1	72	22607475	22607546	8.06e-31	134	72
NC_089041.1:24563967-24564106(24563968:24564106|tsd_l:tsd)-0.5242	NC_089041.1	100.000	60	0	0	1	60	24563847	24563906	2.83e-24	111	60
NC_089041.1:27654388-27654546(27654389:27654546|tsd_l:tsd)-0.5285	NC_089041.1	100.000	48	0	0	1	48	27654361	27654408	9.22e-18	89.8	48
NC_089042.1:64914-65234(64915:65234|tsd_l:tsd)-0.8873	NC_089042.1	100.000	318	0	0	1	318	64915	65232	8.71e-167	588	318
NC_089042.1:64914-65234(64915:65234|tsd_l:tsd)-0.8873	NC_089035.1	85.893	319	35	6	2	318	15545401	15545711	1.62e-89	331	318
NC_089042.1:64914-65234(64915:65234|tsd_l:tsd)-0.8873	NC_089041.1	85.149	202	28	2	118	318	581817	582017	1.02e-51	206	318
NC_089042.1:64914-65234(64915:65234|tsd_l:tsd)-0.8873	NC_089037.1	80.874	183	25	3	8	188	27920903	27920729	1.36e-30	135	318
NC_089042.1:1588883-1589127(1588884:1589127|tsd_l:tsd)-0.5631	NC_089042.1	100.000	66	0	0	1	66	1588917	1588982	1.53e-27	122	66
NC_089042.1:2096452-2096724(2096453:2096724|tsd_l:tsd)-0.6090	NC_089042.1	100.000	48	0	0	1	48	2096716	2096763	9.22e-18	89.8	48
NC_089042.1:3605822-3606005(3605823:3606005|tsd_l:tsd)-0.7361	NC_089042.1	100.000	94	0	0	1	94	3605774	3605867	6.83e-43	174	94
NC_089042.1:7653742-7653935(7653743:7653935|tsd_l:tsd)-0.7876	NC_089042.1	100.000	51	0	0	1	51	7653653	7653703	2.14e-19	95.3	51
NC_089042.1:8704496-8704682(8704497:8704682|tsd_l:11|tsd_s:8704500|tsd_e:8704683)-0.5813	NC_089042.1	100.000	66	0	0	1	66	8704583	8704648	1.53e-27	122	66
NC_089042.1:9345282-9345461(9345283:9345461|tsd_l:14|tsd_s:9345283|tsd_e:9345451)-0.8391	NC_089042.1	100.000	76	0	0	1	76	9345204	9345279	5.22e-33	141	76
NC_089042.1:10214800-10214960(10214801:10214960|tsd_l:tsd)-0.5920	NC_089042.1	100.000	78	0	0	1	78	10214776	10214853	4.19e-34	145	78
NC_089042.1:14075151-14075429(14075152:14075429|tsd_l:tsd)-0.5762	NC_089042.1	100.000	72	0	0	1	72	14075273	14075344	8.06e-31	134	72
NC_089042.1:16479848-16480191(16479849:16480191|tsd_l:tsd)-0.7072	NC_089042.1	100.000	96	0	0	1	96	16479798	16479893	5.43e-44	178	96
NC_089042.1:16776657-16776835(16776658:16776835|tsd_l:tsd)-0.6646	NC_089042.1	100.000	102	0	0	1	102	16776602	16776703	2.72e-47	189	102
NC_089042.1:21058097-21058253(21058098:21058253|tsd_l:tsd)-0.5922	NC_089042.1	100.000	96	0	0	1	96	21058098	21058193	5.43e-44	178	96
NC_089042.1:21058097-21058253(21058098:21058253|tsd_l:tsd)-0.5922	NC_089035.1	93.220	59	4	0	16	74	16252878	16252820	9.42e-17	87.9	96
NC_089042.1:21583117-21583382(21583118:21583382|tsd_l:tsd)-0.5509	NC_089042.1	100.000	83	0	0	1	83	21583142	21583224	7.48e-37	154	83
NC_089042.1:21583117-21583382(21583118:21583382|tsd_l:tsd)-0.5509	NC_089042.1	91.139	79	7	0	1	79	20367722	20367800	5.90e-23	108	83
NC_089042.1:21583117-21583382(21583118:21583382|tsd_l:tsd)-0.5509	NC_089045.1	93.590	78	5	0	1	78	6477630	6477707	9.81e-26	117	83
NC_089042.1:21583117-21583382(21583118:21583382|tsd_l:tsd)-0.5509	NC_089045.1	93.590	78	5	0	1	78	6513810	6513733	9.81e-26	117	83
NC_089042.1:21583117-21583382(21583118:21583382|tsd_l:tsd)-0.5509	NC_089045.1	96.825	63	2	0	7	69	4426346	4426284	2.12e-22	106	83
NC_089042.1:21583117-21583382(21583118:21583382|tsd_l:tsd)-0.5509	NC_089045.1	89.024	82	9	0	1	82	23004472	23004391	2.75e-21	102	83
NC_089042.1:21583117-21583382(21583118:21583382|tsd_l:tsd)-0.5509	NC_089045.1	88.608	79	9	0	1	79	26346522	26346600	1.28e-19	97.1	83
NC_089042.1:21583117-21583382(21583118:21583382|tsd_l:tsd)-0.5509	NC_089045.1	91.304	69	6	0	11	79	27177228	27177296	4.60e-19	95.3	83
NC_089042.1:21583117-21583382(21583118:21583382|tsd_l:tsd)-0.5509	NC_089045.1	84.810	79	12	0	1	79	8757751	8757829	1.29e-14	80.5	83
NC_089042.1:21583117-21583382(21583118:21583382|tsd_l:tsd)-0.5509	NC_089043.1	94.595	74	4	0	5	78	6037051	6036978	3.53e-25	115	83
NC_089042.1:21583117-21583382(21583118:21583382|tsd_l:tsd)-0.5509	NC_089043.1	95.588	68	3	0	1	68	17102252	17102185	1.64e-23	110	83
NC_089042.1:21583117-21583382(21583118:21583382|tsd_l:tsd)-0.5509	NC_089043.1	91.026	78	7	0	1	78	25409809	25409886	2.12e-22	106	83
NC_089042.1:21583117-21583382(21583118:21583382|tsd_l:tsd)-0.5509	NC_089043.1	91.892	74	6	0	5	78	23503544	23503471	7.64e-22	104	83
NC_089042.1:21583117-21583382(21583118:21583382|tsd_l:tsd)-0.5509	NC_089043.1	85.366	82	8	2	1	78	22046010	22045929	3.58e-15	82.4	83
NC_089042.1:21583117-21583382(21583118:21583382|tsd_l:tsd)-0.5509	NC_089043.1	90.566	53	5	0	1	53	25601501	25601449	7.75e-12	71.3	83
NC_089042.1:21583117-21583382(21583118:21583382|tsd_l:tsd)-0.5509	NC_089038.1	92.405	79	6	0	1	79	4399380	4399302	1.27e-24	113	83
NC_089042.1:21583117-21583382(21583118:21583382|tsd_l:tsd)-0.5509	NC_089038.1	92.308	78	6	0	1	78	33809024	33809101	4.56e-24	111	83
NC_089042.1:21583117-21583382(21583118:21583382|tsd_l:tsd)-0.5509	NC_089038.1	92.000	75	6	0	5	79	12410639	12410713	2.12e-22	106	83
NC_089042.1:21583117-21583382(21583118:21583382|tsd_l:tsd)-0.5509	NC_089038.1	91.026	78	7	0	1	78	25520101	25520024	2.12e-22	106	83
NC_089042.1:21583117-21583382(21583118:21583382|tsd_l:tsd)-0.5509	NC_089038.1	89.873	79	8	0	1	79	323013	323091	2.75e-21	102	83
NC_089042.1:21583117-21583382(21583118:21583382|tsd_l:tsd)-0.5509	NC_089036.1	92.405	79	6	0	1	79	20958790	20958712	1.27e-24	113	83
NC_089042.1:21583117-21583382(21583118:21583382|tsd_l:tsd)-0.5509	NC_089036.1	91.026	78	7	0	1	78	26746384	26746461	2.12e-22	106	83
NC_089042.1:21583117-21583382(21583118:21583382|tsd_l:tsd)-0.5509	NC_089036.1	88.462	78	9	0	5	82	5776719	5776642	4.60e-19	95.3	83
NC_089042.1:21583117-21583382(21583118:21583382|tsd_l:tsd)-0.5509	NC_089036.1	93.878	49	3	0	10	58	21636094	21636142	5.99e-13	75.0	83
NC_089042.1:21583117-21583382(21583118:21583382|tsd_l:tsd)-0.5509	NC_089044.1	92.308	78	6	0	1	78	14732065	14732142	4.56e-24	111	83
NC_089042.1:21583117-21583382(21583118:21583382|tsd_l:tsd)-0.5509	NC_089044.1	91.139	79	7	0	1	79	6891769	6891847	5.90e-23	108	83
NC_089042.1:21583117-21583382(21583118:21583382|tsd_l:tsd)-0.5509	NC_089044.1	90.244	82	8	0	1	82	10810084	10810003	5.90e-23	108	83
NC_089042.1:21583117-21583382(21583118:21583382|tsd_l:tsd)-0.5509	NC_089044.1	91.549	71	6	0	8	78	14732163	14732233	3.55e-20	99.0	83
NC_089042.1:21583117-21583382(21583118:21583382|tsd_l:tsd)-0.5509	NC_089044.1	94.545	55	3	0	1	55	8897188	8897242	2.77e-16	86.1	83
NC_089042.1:21583117-21583382(21583118:21583382|tsd_l:tsd)-0.5509	NC_089044.1	96.078	51	2	0	1	51	21702478	21702528	9.95e-16	84.2	83
NC_089042.1:21583117-21583382(21583118:21583382|tsd_l:tsd)-0.5509	NC_089035.1	92.308	78	6	0	1	78	22507612	22507689	4.56e-24	111	83
NC_089042.1:21583117-21583382(21583118:21583382|tsd_l:tsd)-0.5509	NC_089035.1	96.923	65	2	0	5	69	5719973	5719909	1.64e-23	110	83
NC_089042.1:21583117-21583382(21583118:21583382|tsd_l:tsd)-0.5509	NC_089035.1	91.026	78	7	0	1	78	13897318	13897241	2.12e-22	106	83
NC_089042.1:21583117-21583382(21583118:21583382|tsd_l:tsd)-0.5509	NC_089035.1	91.026	78	7	0	1	78	26300927	26300850	2.12e-22	106	83
NC_089042.1:21583117-21583382(21583118:21583382|tsd_l:tsd)-0.5509	NC_089035.1	89.024	82	8	1	1	82	9030794	9030714	9.88e-21	100	83
NC_089042.1:21583117-21583382(21583118:21583382|tsd_l:tsd)-0.5509	NC_089035.1	89.744	78	7	1	1	78	42722858	42722782	3.55e-20	99.0	83
NC_089042.1:21583117-21583382(21583118:21583382|tsd_l:tsd)-0.5509	NC_089035.1	91.045	67	5	1	3	69	26301034	26300969	2.14e-17	89.8	83
NC_089042.1:21583117-21583382(21583118:21583382|tsd_l:tsd)-0.5509	NC_089035.1	95.918	49	2	0	16	64	5719696	5719648	1.29e-14	80.5	83
NC_089042.1:21583117-21583382(21583118:21583382|tsd_l:tsd)-0.5509	NC_089040.1	91.139	79	7	0	1	79	5108585	5108663	5.90e-23	108	83
NC_089042.1:21583117-21583382(21583118:21583382|tsd_l:tsd)-0.5509	NC_089040.1	91.139	79	7	0	1	79	5123697	5123775	5.90e-23	108	83
NC_089042.1:21583117-21583382(21583118:21583382|tsd_l:tsd)-0.5509	NC_089040.1	91.026	78	7	0	1	78	13045700	13045777	2.12e-22	106	83
NC_089042.1:21583117-21583382(21583118:21583382|tsd_l:tsd)-0.5509	NC_089040.1	94.203	69	4	0	1	69	16548569	16548637	2.12e-22	106	83
NC_089042.1:21583117-21583382(21583118:21583382|tsd_l:tsd)-0.5509	NC_089040.1	91.026	78	6	1	1	78	2924199	2924275	7.64e-22	104	83
NC_089042.1:21583117-21583382(21583118:21583382|tsd_l:tsd)-0.5509	NC_089040.1	92.727	55	4	0	15	69	31276341	31276395	1.29e-14	80.5	83
NC_089042.1:21583117-21583382(21583118:21583382|tsd_l:tsd)-0.5509	NC_089041.1	89.744	78	8	0	1	78	4359723	4359646	9.88e-21	100	83
NC_089042.1:21583117-21583382(21583118:21583382|tsd_l:tsd)-0.5509	NC_089041.1	88.462	78	9	0	1	78	19391872	19391949	4.60e-19	95.3	83
NC_089042.1:21583117-21583382(21583118:21583382|tsd_l:tsd)-0.5509	NC_089041.1	94.118	51	3	0	1	51	13439349	13439399	4.63e-14	78.7	83
NC_089042.1:21583117-21583382(21583118:21583382|tsd_l:tsd)-0.5509	NC_089039.1	88.608	79	9	0	1	79	2663762	2663840	1.28e-19	97.1	83
NC_089042.1:21583117-21583382(21583118:21583382|tsd_l:tsd)-0.5509	NC_089037.1	90.909	55	5	0	9	63	29663365	29663311	5.99e-13	75.0	83
NC_089042.1:21603611-21603813(21603612:21603813|tsd_l:tsd)-0.6460	NC_089042.1	100.000	102	0	0	1	102	21603612	21603713	2.72e-47	189	102
NC_089042.1:23204766-23205042(23204767:23205042|tsd_l:tsd)-0.7960	NC_089042.1	100.000	36	0	0	1	36	23204761	23204796	2.25e-11	67.6	36
NC_089042.1:24190749-24190976(24190750:24190976|tsd_l:tsd)-0.7536	NC_089042.1	100.000	60	0	0	1	60	24190749	24190808	2.83e-24	111	60
NC_089042.1:26012854-26013092(26012855:26013092|tsd_l:tsd)-0.6601	NC_089042.1	100.000	78	0	0	1	78	26013076	26013153	4.19e-34	145	78
NC_089043.1:5048406-5048691(5048407:5048691|tsd_l:tsd)-0.5915	NC_089043.1	100.000	66	0	0	1	66	5048548	5048613	1.53e-27	122	66
NC_089043.1:6113906-6114174(6113907:6114174|tsd_l:tsd)-0.6252	NC_089043.1	100.000	60	0	0	1	60	6113872	6113931	2.83e-24	111	60
NC_089043.1:12082115-12082394(12082116:12082394|tsd_l:tsd)-0.5332	NC_089043.1	100.000	78	0	0	1	78	12082420	12082497	4.19e-34	145	78
NC_089043.1:13905793-13905941(13905794:13905941|tsd_l:tsd)-0.5236	NC_089043.1	100.000	95	0	0	1	95	13905807	13905901	1.93e-43	176	95
NC_089043.1:14121336-14121483(14121337:14121483|tsd_l:tsd)-0.5783	NC_089043.1	100.000	42	0	0	1	42	14121187	14121228	1.52e-14	78.7	42
NC_089043.1:14538886-14539291(14538887:14539291|tsd_l:tsd)-0.5499	NC_089043.1	100.000	36	0	0	1	36	14539112	14539147	2.25e-11	67.6	36
NC_089043.1:17705425-17705512(17705426:17705512|tsd_l:tsd)-0.7544	NC_089043.1	100.000	78	0	0	1	78	17705413	17705490	4.19e-34	145	78
NC_089043.1:20120287-20120475(20120288:20120475|tsd_l:tsd)-0.5468	NC_089043.1	100.000	72	0	0	1	72	20120347	20120418	8.06e-31	134	72
NC_089043.1:20967195-20967381(20967196:20967381|tsd_l:tsd)-0.5174	NC_089043.1	100.000	36	0	0	1	36	20967378	20967413	2.25e-11	67.6	36
NC_089043.1:24280724-24280918(24280725:24280918|tsd_l:tsd)-0.5741	NC_089043.1	100.000	42	0	0	1	42	24280707	24280748	1.52e-14	78.7	42
NC_089043.1:25409763-25409978(25409764:25409978|tsd_l:tsd)-0.5233	NC_089043.1	100.000	35	0	0	1	35	25409614	25409648	7.46e-11	65.8	35
NC_089044.1:1008656-1008894(1008657:1008894|tsd_l:tsd)-0.5378	NC_089044.1	100.000	142	0	0	1	142	1008832	1008973	2.40e-69	263	142
NC_089044.1:1008656-1008894(1008657:1008894|tsd_l:tsd)-0.5378	NC_089042.1	95.833	48	2	0	68	115	21444138	21444091	9.34e-14	78.7	142
NC_089044.1:1008656-1008894(1008657:1008894|tsd_l:tsd)-0.5378	NC_089035.1	84.211	76	10	2	62	136	19563482	19563556	4.34e-12	73.1	142
NC_089044.1:7508087-7508323(7508088:7508323|tsd_l:tsd)-0.5776	NC_089044.1	100.000	56	0	0	1	56	7507993	7508048	4.21e-22	104	56
NC_089044.1:8897146-8897242(8897147:8897242|tsd_l:tsd)-0.6303	NC_089044.1	100.000	42	0	0	1	42	8896997	8897038	1.52e-14	78.7	42
NC_089044.1:11775212-11775359(11775213:11775359|tsd_l:tsd)-0.5138	NC_089044.1	100.000	167	0	0	1	167	11775063	11775229	3.67e-83	309	167
NC_089044.1:11889509-11889758(11889510:11889758|tsd_l:tsd)-0.5393	NC_089044.1	100.000	48	0	0	1	48	11889490	11889537	9.22e-18	89.8	48
NC_089044.1:20171326-20171663(20171327:20171663|tsd_l:tsd)-0.5911	NC_089044.1	100.000	60	0	0	1	60	20171396	20171455	2.83e-24	111	60
NC_089044.1:20435012-20435277(20435013:20435277|tsd_l:tsd)-0.6510	NC_089044.1	100.000	102	0	0	1	102	20435012	20435113	2.72e-47	189	102
NC_089044.1:20541590-20541818(20541591:20541818|tsd_l:tsd)-0.5375	NC_089044.1	100.000	103	0	0	1	103	20541591	20541693	7.66e-48	191	103
NC_089044.1:21574924-21575201(21574925:21575201|tsd_l:15|tsd_s:21574926|tsd_e:21575197)-0.6490	NC_089044.1	100.000	48	0	0	1	48	21574923	21574970	9.22e-18	89.8	48
NC_089044.1:23235678-23235766(23235679:23235766|tsd_l:tsd)-0.7727	NC_089044.1	100.000	52	0	0	1	52	23235669	23235720	6.17e-20	97.1	52
NC_089045.1:400231-400444(400232:400444|tsd_l:tsd)-0.6035	NC_089045.1	100.000	76	0	0	1	76	400232	400307	5.22e-33	141	76
NC_089045.1:2100159-2100385(2100160:2100385|tsd_l:tsd)-0.6531	NC_089045.1	100.000	78	0	0	1	78	2100016	2100093	4.19e-34	145	78
NC_089045.1:2100159-2100385(2100160:2100385|tsd_l:tsd)-0.6531	NC_089046.1	93.590	78	4	1	1	78	2010778	2010854	3.28e-25	115	78
NC_089045.1:2448336-2448575(2448337:2448575|tsd_l:tsd)-0.7291	NC_089045.1	100.000	72	0	0	1	72	2448411	2448482	8.06e-31	134	72
NC_089045.1:2687890-2688222(2687891:2688222|tsd_l:tsd)-0.7876	NC_089045.1	100.000	93	0	0	1	93	2687825	2687917	2.42e-42	172	93
NC_089045.1:2726150-2726418(2726151:2726418|tsd_l:tsd)-0.5663	NC_089045.1	100.000	78	0	0	1	78	2726181	2726258	4.19e-34	145	78
NC_089045.1:5201400-5201542(5201401:5201542|tsd_l:tsd)-0.5544	NC_089045.1	100.000	66	0	0	1	66	5201275	5201340	1.53e-27	122	66
NC_089045.1:8323234-8323384(8323235:8323384|tsd_l:tsd)-0.5373	NC_089045.1	100.000	65	0	0	1	65	8323231	8323295	5.36e-27	121	65
NC_089045.1:8409394-8409631(8409395:8409631|tsd_l:tsd)-0.5453	NC_089045.1	100.000	270	0	0	1	270	8409401	8409670	3.51e-140	499	270
NC_089045.1:9449552-9449718(9449553:9449718|tsd_l:tsd)-0.5023	NC_089045.1	100.000	36	0	0	1	36	9449526	9449561	2.25e-11	67.6	36
NC_089045.1:10721788-10722088(10721789:10722088|tsd_l:13|tsd_s:10721788|tsd_e:10722094)-0.7953	NC_089045.1	100.000	102	0	0	1	102	10721777	10721878	2.72e-47	189	102
NC_089045.1:11739798-11740099(11739799:11740099|tsd_l:tsd)-0.5570	NC_089045.1	100.000	68	0	0	1	68	11739710	11739777	1.24e-28	126	68
NC_089045.1:18575907-18576166(18575908:18576166|tsd_l:tsd)-0.5487	NC_089045.1	100.000	52	0	0	1	52	18575932	18575983	6.17e-20	97.1	52
NC_089045.1:20494296-20494542(20494297:20494542|tsd_l:tsd)-0.7008	NC_089045.1	100.000	48	0	0	1	48	20494285	20494332	9.22e-18	89.8	48
NC_089045.1:21421865-21421997(21421866:21421997|tsd_l:tsd)-0.8999	NC_089045.1	100.000	162	0	0	1	162	21421824	21421985	2.13e-80	300	162
NC_089045.1:21421865-21421997(21421866:21421997|tsd_l:tsd)-0.8999	NC_089036.1	88.060	67	8	0	91	157	27812799	27812865	3.02e-14	80.5	162
NC_089045.1:22545407-22545676(22545408:22545676|tsd_l:tsd)-0.6279	NC_089045.1	100.000	108	0	0	1	108	22545419	22545526	1.35e-50	200	108
NC_089045.1:22717003-22717289(22717004:22717289|tsd_l:12|tsd_s:22717006|tsd_e:22717291)-0.5456	NC_089045.1	100.000	59	0	0	1	59	22717161	22717219	9.91e-24	110	59
NC_089045.1:24494810-24495073(24494811:24495073|tsd_l:tsd)-0.5037	NC_089045.1	100.000	42	0	0	1	42	24494929	24494970	1.52e-14	78.7	42
NC_089045.1:25006932-25007098(25006933:25007098|tsd_l:tsd)-0.7810	NC_089045.1	100.000	90	0	0	1	90	25006918	25007007	1.08e-40	167	90
NC_089045.1:27082595-27082853(27082596:27082853|tsd_l:tsd)-0.8222	NC_089045.1	100.000	90	0	0	1	90	27082749	27082838	1.08e-40	167	90
NC_089046.1:2552181-2552448(2552182:2552448|tsd_l:tsd)-0.5934	NC_089046.1	100.000	174	0	0	1	174	2552164	2552337	4.94e-87	322	174
NC_089046.1:7924573-7924705(7924574:7924705|tsd_l:tsd)-0.5256	NC_089046.1	100.000	36	0	0	1	36	7924531	7924566	2.25e-11	67.6	36
NC_089046.1:8971429-8971727(8971430:8971727|tsd_l:tsd)-0.6853	NC_089046.1	100.000	36	0	0	1	36	8971526	8971561	2.25e-11	67.6	36
NC_089046.1:18774272-18774485(18774273:18774485|tsd_l:tsd)-0.5242	NC_089046.1	100.000	48	0	0	1	48	18774249	18774296	9.22e-18	89.8	48
NC_089046.1:23856235-23856480(23856236:23856480|tsd_l:tsd)-0.7134	NC_089046.1	100.000	180	0	0	1	180	23856224	23856403	2.38e-90	333	180
NC_089046.1:27187268-27187430(27187269:27187430|tsd_l:tsd)-0.5575	NC_089046.1	100.000	129	0	0	1	129	27187257	27187385	3.60e-62	239	129
NC_089035.1:25270743-25270992(25270744:25270992|tsd_l:tsd)-0.6033	NC_089035.1	100.000	96	0	0	1	96	25270744	25270839	5.43e-44	178	96
NC_089035.1:31871180-31871307(31871181:31871307|tsd_l:tsd)-0.5689	NC_089035.1	100.000	84	0	0	1	84	31871181	31871264	2.11e-37	156	84
NC_089035.1:41096263-41096520(41096264:41096520|tsd_l:18|tsd_s:41096263|tsd_e:41096522)-0.7099	NC_089035.1	100.000	72	0	0	1	72	41096252	41096323	8.06e-31	134	72
NC_089035.1:41372255-41372569(41372256:41372569|tsd_l:16|tsd_s:41372257|tsd_e:41372573)-0.7755	NC_089035.1	100.000	150	0	0	1	150	41372370	41372519	9.16e-74	278	150
NC_089036.1:22694795-22694935(22694796:22694935|tsd_l:16|tsd_s:22694796|tsd_e:22694936)-0.7097	NC_089036.1	100.000	101	0	0	1	101	22694729	22694829	9.66e-47	187	101
NC_089036.1:32329602-32329790(32329603:32329790|tsd_l:13|tsd_s:32329619|tsd_e:32329793)-0.6906	NC_089036.1	100.000	103	0	0	1	103	32329669	32329771	7.66e-48	191	103
NC_089037.1:4964951-4965088(4964952:4965088|tsd_l:11|tsd_s:4964953|tsd_e:4965091)-0.6297	NC_089037.1	100.000	78	0	0	1	78	4965156	4965233	4.19e-34	145	78
NC_089037.1:25503029-25503173(25503030:25503173|tsd_l:16|tsd_s:25503030|tsd_e:25503174)-0.7686	NC_089037.1	100.000	96	0	0	1	96	25503030	25503125	5.43e-44	178	96
NC_089037.1:25503029-25503173(25503030:25503173|tsd_l:16|tsd_s:25503030|tsd_e:25503174)-0.7686	NC_089037.1	84.783	92	13	1	1	92	1533416	1533506	7.28e-18	91.6	96
NC_089037.1:25503029-25503173(25503030:25503173|tsd_l:16|tsd_s:25503030|tsd_e:25503174)-0.7686	NC_089036.1	85.263	95	13	1	1	95	5274685	5274778	1.56e-19	97.1	96
NC_089037.1:25503029-25503173(25503030:25503173|tsd_l:16|tsd_s:25503030|tsd_e:25503174)-0.7686	NC_089038.1	86.207	87	12	0	1	87	7620306	7620392	5.63e-19	95.3	96
NC_089038.1:12280843-12281115(12280844:12281115|tsd_l:tsd)-0.7769	NC_089038.1	100.000	48	0	0	1	48	12280796	12280843	9.22e-18	89.8	48
NC_089038.1:19225021-19225259(19225022:19225259|tsd_l:16|tsd_s:19225022|tsd_e:19225257)-0.7640	NC_089038.1	100.000	245	0	0	1	245	19225022	19225266	2.49e-126	453	245
NC_089038.1:19240366-19240838(19240367:19240838|tsd_l:tsd)-0.7372	NC_089038.1	100.000	55	0	0	1	55	19240249	19240303	1.47e-21	102	55
NC_089038.1:19240366-19240838(19240367:19240838|tsd_l:tsd)-0.7372	NC_089038.1	100.000	53	0	0	1	53	23078086	23078034	1.90e-20	99.0	55
NC_089038.1:19240366-19240838(19240367:19240838|tsd_l:tsd)-0.7372	NC_089038.1	100.000	53	0	0	1	53	24977109	24977161	1.90e-20	99.0	55
NC_089038.1:19240366-19240838(19240367:19240838|tsd_l:tsd)-0.7372	NC_089038.1	98.113	53	1	0	1	53	2917326	2917378	8.84e-19	93.5	55
NC_089038.1:19240366-19240838(19240367:19240838|tsd_l:tsd)-0.7372	NC_089038.1	98.113	53	1	0	1	53	3399053	3399105	8.84e-19	93.5	55
NC_089038.1:19240366-19240838(19240367:19240838|tsd_l:tsd)-0.7372	NC_089038.1	98.113	53	1	0	1	53	15244174	15244122	8.84e-19	93.5	55
NC_089038.1:19240366-19240838(19240367:19240838|tsd_l:tsd)-0.7372	NC_089038.1	98.113	53	1	0	1	53	18828375	18828427	8.84e-19	93.5	55
NC_089038.1:19240366-19240838(19240367:19240838|tsd_l:tsd)-0.7372	NC_089038.1	98.113	53	1	0	1	53	18828584	18828532	8.84e-19	93.5	55
NC_089038.1:19240366-19240838(19240367:19240838|tsd_l:tsd)-0.7372	NC_089038.1	98.113	53	1	0	1	53	21933219	21933167	8.84e-19	93.5	55
NC_089038.1:19240366-19240838(19240367:19240838|tsd_l:tsd)-0.7372	NC_089038.1	98.113	53	1	0	1	53	24977316	24977264	8.84e-19	93.5	55
NC_089038.1:19240366-19240838(19240367:19240838|tsd_l:tsd)-0.7372	NC_089038.1	98.113	53	1	0	1	53	26589759	26589707	8.84e-19	93.5	55
NC_089038.1:19240366-19240838(19240367:19240838|tsd_l:tsd)-0.7372	NC_089038.1	98.113	53	1	0	1	53	27001501	27001553	8.84e-19	93.5	55
NC_089038.1:19240366-19240838(19240367:19240838|tsd_l:tsd)-0.7372	NC_089038.1	98.113	53	1	0	1	53	27911801	27911749	8.84e-19	93.5	55
NC_089038.1:19240366-19240838(19240367:19240838|tsd_l:tsd)-0.7372	NC_089038.1	98.113	53	1	0	1	53	33835364	33835416	8.84e-19	93.5	55
NC_089038.1:19240366-19240838(19240367:19240838|tsd_l:tsd)-0.7372	NC_089038.1	98.113	53	1	0	1	53	35008146	35008198	8.84e-19	93.5	55
NC_089038.1:19240366-19240838(19240367:19240838|tsd_l:tsd)-0.7372	NC_089038.1	98.077	52	1	0	2	53	5005408	5005357	3.18e-18	91.6	55
NC_089038.1:19240366-19240838(19240367:19240838|tsd_l:tsd)-0.7372	NC_089038.1	98.039	51	1	0	3	53	18674001	18673951	1.14e-17	89.8	55
NC_089038.1:19240366-19240838(19240367:19240838|tsd_l:tsd)-0.7372	NC_089038.1	96.364	55	1	1	1	55	23823384	23823437	1.14e-17	89.8	55
NC_089038.1:19240366-19240838(19240367:19240838|tsd_l:tsd)-0.7372	NC_089038.1	96.226	53	2	0	1	53	14772416	14772468	4.11e-17	87.9	55
NC_089038.1:19240366-19240838(19240367:19240838|tsd_l:tsd)-0.7372	NC_089038.1	96.226	53	2	0	1	53	15528631	15528579	4.11e-17	87.9	55
NC_089038.1:19240366-19240838(19240367:19240838|tsd_l:tsd)-0.7372	NC_089038.1	96.226	53	2	0	1	53	21890426	21890374	4.11e-17	87.9	55
NC_089038.1:19240366-19240838(19240367:19240838|tsd_l:tsd)-0.7372	NC_089038.1	96.226	53	2	0	1	53	24392531	24392479	4.11e-17	87.9	55
NC_089038.1:19240366-19240838(19240367:19240838|tsd_l:tsd)-0.7372	NC_089038.1	96.226	53	2	0	1	53	26270249	26270301	4.11e-17	87.9	55
NC_089038.1:19240366-19240838(19240367:19240838|tsd_l:tsd)-0.7372	NC_089038.1	96.226	53	2	0	1	53	26270456	26270404	4.11e-17	87.9	55
NC_089038.1:19240366-19240838(19240367:19240838|tsd_l:tsd)-0.7372	NC_089038.1	96.226	53	2	0	1	53	26733503	26733555	4.11e-17	87.9	55
NC_089038.1:19240366-19240838(19240367:19240838|tsd_l:tsd)-0.7372	NC_089038.1	96.226	53	2	0	1	53	31196862	31196810	4.11e-17	87.9	55
NC_089038.1:19240366-19240838(19240367:19240838|tsd_l:tsd)-0.7372	NC_089038.1	96.226	53	2	0	1	53	33780019	33780071	4.11e-17	87.9	55
NC_089038.1:19240366-19240838(19240367:19240838|tsd_l:tsd)-0.7372	NC_089038.1	96.226	53	2	0	1	53	33817465	33817517	4.11e-17	87.9	55
NC_089038.1:19240366-19240838(19240367:19240838|tsd_l:tsd)-0.7372	NC_089038.1	96.226	53	2	0	1	53	35062274	35062326	4.11e-17	87.9	55
NC_089038.1:19240366-19240838(19240367:19240838|tsd_l:tsd)-0.7372	NC_089038.1	96.226	53	2	0	1	53	35062481	35062429	4.11e-17	87.9	55
NC_089038.1:19240366-19240838(19240367:19240838|tsd_l:tsd)-0.7372	NC_089038.1	96.154	52	2	0	2	53	18298487	18298436	1.48e-16	86.1	55
NC_089038.1:19240366-19240838(19240367:19240838|tsd_l:tsd)-0.7372	NC_089038.1	96.078	51	2	0	3	53	1274279	1274329	5.32e-16	84.2	55
NC_089038.1:19240366-19240838(19240367:19240838|tsd_l:tsd)-0.7372	NC_089038.1	94.340	53	3	0	1	53	18952116	18952168	1.91e-15	82.4	55
NC_089038.1:19240366-19240838(19240367:19240838|tsd_l:tsd)-0.7372	NC_089038.1	94.340	53	3	0	1	53	31196654	31196706	1.91e-15	82.4	55
NC_089038.1:19240366-19240838(19240367:19240838|tsd_l:tsd)-0.7372	NC_089038.1	96.000	50	2	0	4	53	33932181	33932230	1.91e-15	82.4	55
NC_089038.1:19240366-19240838(19240367:19240838|tsd_l:tsd)-0.7372	NC_089038.1	94.340	53	2	1	1	53	3399259	3399208	6.88e-15	80.5	55
NC_089038.1:19240366-19240838(19240367:19240838|tsd_l:tsd)-0.7372	NC_089038.1	92.453	53	4	0	1	53	19303259	19303207	8.90e-14	76.8	55
NC_089038.1:19240366-19240838(19240367:19240838|tsd_l:tsd)-0.7372	NC_089038.1	92.453	53	4	0	1	53	33940982	33940930	8.90e-14	76.8	55
NC_089038.1:19240366-19240838(19240367:19240838|tsd_l:tsd)-0.7372	NC_089038.1	92.308	52	3	1	3	53	18807480	18807531	1.15e-12	73.1	55
NC_089038.1:19240366-19240838(19240367:19240838|tsd_l:tsd)-0.7372	NC_089038.1	92.308	52	3	1	3	53	23734295	23734346	1.15e-12	73.1	55
NC_089038.1:19240366-19240838(19240367:19240838|tsd_l:tsd)-0.7372	NC_089045.1	100.000	53	0	0	1	53	23973729	23973781	1.90e-20	99.0	55
NC_089038.1:19240366-19240838(19240367:19240838|tsd_l:tsd)-0.7372	NC_089045.1	98.113	53	1	0	1	53	1493917	1493969	8.84e-19	93.5	55
NC_089038.1:19240366-19240838(19240367:19240838|tsd_l:tsd)-0.7372	NC_089045.1	98.113	53	1	0	1	53	5790163	5790111	8.84e-19	93.5	55
NC_089038.1:19240366-19240838(19240367:19240838|tsd_l:tsd)-0.7372	NC_089045.1	98.113	53	1	0	1	53	6256954	6256902	8.84e-19	93.5	55
NC_089038.1:19240366-19240838(19240367:19240838|tsd_l:tsd)-0.7372	NC_089045.1	98.113	53	1	0	1	53	20718449	20718501	8.84e-19	93.5	55
NC_089038.1:19240366-19240838(19240367:19240838|tsd_l:tsd)-0.7372	NC_089045.1	98.113	53	1	0	1	53	21127982	21128034	8.84e-19	93.5	55
NC_089038.1:19240366-19240838(19240367:19240838|tsd_l:tsd)-0.7372	NC_089045.1	98.113	53	1	0	1	53	21396336	21396284	8.84e-19	93.5	55
NC_089038.1:19240366-19240838(19240367:19240838|tsd_l:tsd)-0.7372	NC_089045.1	98.113	53	1	0	1	53	27467679	27467731	8.84e-19	93.5	55
NC_089038.1:19240366-19240838(19240367:19240838|tsd_l:tsd)-0.7372	NC_089045.1	98.113	53	1	0	1	53	28111510	28111562	8.84e-19	93.5	55
NC_089038.1:19240366-19240838(19240367:19240838|tsd_l:tsd)-0.7372	NC_089045.1	98.113	53	1	0	1	53	28230875	28230927	8.84e-19	93.5	55
NC_089038.1:19240366-19240838(19240367:19240838|tsd_l:tsd)-0.7372	NC_089045.1	98.113	53	1	0	1	53	30318755	30318807	8.84e-19	93.5	55
NC_089038.1:19240366-19240838(19240367:19240838|tsd_l:tsd)-0.7372	NC_089045.1	96.226	53	2	0	1	53	10403414	10403466	4.11e-17	87.9	55
NC_089038.1:19240366-19240838(19240367:19240838|tsd_l:tsd)-0.7372	NC_089045.1	96.226	53	2	0	1	53	22246318	22246370	4.11e-17	87.9	55
NC_089038.1:19240366-19240838(19240367:19240838|tsd_l:tsd)-0.7372	NC_089045.1	96.226	53	2	0	1	53	22246525	22246473	4.11e-17	87.9	55
NC_089038.1:19240366-19240838(19240367:19240838|tsd_l:tsd)-0.7372	NC_089045.1	96.226	53	2	0	1	53	26346241	26346293	4.11e-17	87.9	55
NC_089038.1:19240366-19240838(19240367:19240838|tsd_l:tsd)-0.7372	NC_089045.1	96.226	53	2	0	1	53	26346448	26346396	4.11e-17	87.9	55
NC_089038.1:19240366-19240838(19240367:19240838|tsd_l:tsd)-0.7372	NC_089045.1	96.226	53	2	0	1	53	27422678	27422730	4.11e-17	87.9	55
NC_089038.1:19240366-19240838(19240367:19240838|tsd_l:tsd)-0.7372	NC_089045.1	96.226	53	2	0	1	53	28229780	28229832	4.11e-17	87.9	55
NC_089038.1:19240366-19240838(19240367:19240838|tsd_l:tsd)-0.7372	NC_089045.1	96.226	53	2	0	1	53	30318962	30318910	4.11e-17	87.9	55
NC_089038.1:19240366-19240838(19240367:19240838|tsd_l:tsd)-0.7372	NC_089045.1	96.078	51	2	0	3	53	23973934	23973884	5.32e-16	84.2	55
NC_089038.1:19240366-19240838(19240367:19240838|tsd_l:tsd)-0.7372	NC_089045.1	94.340	53	3	0	1	53	1851644	1851592	1.91e-15	82.4	55
NC_089038.1:19240366-19240838(19240367:19240838|tsd_l:tsd)-0.7372	NC_089045.1	94.340	53	3	0	1	53	20164074	20164126	1.91e-15	82.4	55
NC_089038.1:19240366-19240838(19240367:19240838|tsd_l:tsd)-0.7372	NC_089045.1	94.340	53	3	0	1	53	30780726	30780674	1.91e-15	82.4	55
NC_089038.1:19240366-19240838(19240367:19240838|tsd_l:tsd)-0.7372	NC_089045.1	94.340	53	2	1	1	53	28111716	28111665	6.88e-15	80.5	55
NC_089038.1:19240366-19240838(19240367:19240838|tsd_l:tsd)-0.7372	NC_089045.1	92.453	53	4	0	1	53	18301966	18301914	8.90e-14	76.8	55
NC_089038.1:19240366-19240838(19240367:19240838|tsd_l:tsd)-0.7372	NC_089045.1	92.308	52	3	1	1	51	29073444	29073495	1.15e-12	73.1	55
NC_089038.1:19240366-19240838(19240367:19240838|tsd_l:tsd)-0.7372	NC_089042.1	100.000	53	0	0	1	53	9491653	9491601	1.90e-20	99.0	55
NC_089038.1:19240366-19240838(19240367:19240838|tsd_l:tsd)-0.7372	NC_089042.1	100.000	53	0	0	1	53	11081212	11081160	1.90e-20	99.0	55
NC_089038.1:19240366-19240838(19240367:19240838|tsd_l:tsd)-0.7372	NC_089042.1	98.182	55	1	0	1	55	26057821	26057875	6.83e-20	97.1	55
NC_089038.1:19240366-19240838(19240367:19240838|tsd_l:tsd)-0.7372	NC_089042.1	98.182	55	1	0	1	55	26196839	26196785	6.83e-20	97.1	55
NC_089038.1:19240366-19240838(19240367:19240838|tsd_l:tsd)-0.7372	NC_089042.1	98.113	53	1	0	1	53	700293	700345	8.84e-19	93.5	55
NC_089038.1:19240366-19240838(19240367:19240838|tsd_l:tsd)-0.7372	NC_089042.1	98.113	53	1	0	1	53	1684077	1684025	8.84e-19	93.5	55
NC_089038.1:19240366-19240838(19240367:19240838|tsd_l:tsd)-0.7372	NC_089042.1	98.113	53	1	0	1	53	2005203	2005151	8.84e-19	93.5	55
NC_089038.1:19240366-19240838(19240367:19240838|tsd_l:tsd)-0.7372	NC_089042.1	98.113	53	1	0	1	53	3645168	3645220	8.84e-19	93.5	55
NC_089038.1:19240366-19240838(19240367:19240838|tsd_l:tsd)-0.7372	NC_089042.1	98.113	53	1	0	1	53	3645375	3645323	8.84e-19	93.5	55
NC_089038.1:19240366-19240838(19240367:19240838|tsd_l:tsd)-0.7372	NC_089042.1	98.113	53	1	0	1	53	5409868	5409920	8.84e-19	93.5	55
NC_089038.1:19240366-19240838(19240367:19240838|tsd_l:tsd)-0.7372	NC_089042.1	98.113	53	1	0	1	53	14073485	14073537	8.84e-19	93.5	55
NC_089038.1:19240366-19240838(19240367:19240838|tsd_l:tsd)-0.7372	NC_089042.1	98.113	53	1	0	1	53	18594748	18594696	8.84e-19	93.5	55
NC_089038.1:19240366-19240838(19240367:19240838|tsd_l:tsd)-0.7372	NC_089042.1	98.113	53	1	0	1	53	18977015	18976963	8.84e-19	93.5	55
NC_089038.1:19240366-19240838(19240367:19240838|tsd_l:tsd)-0.7372	NC_089042.1	98.113	53	1	0	1	53	19929923	19929871	8.84e-19	93.5	55
NC_089038.1:19240366-19240838(19240367:19240838|tsd_l:tsd)-0.7372	NC_089042.1	98.113	53	1	0	1	53	21151264	21151316	8.84e-19	93.5	55
NC_089038.1:19240366-19240838(19240367:19240838|tsd_l:tsd)-0.7372	NC_089042.1	98.113	53	1	0	1	53	21655503	21655451	8.84e-19	93.5	55
NC_089038.1:19240366-19240838(19240367:19240838|tsd_l:tsd)-0.7372	NC_089042.1	96.364	55	2	0	1	55	731526	731472	3.18e-18	91.6	55
NC_089038.1:19240366-19240838(19240367:19240838|tsd_l:tsd)-0.7372	NC_089042.1	98.077	52	1	0	2	53	22317894	22317843	3.18e-18	91.6	55
NC_089038.1:19240366-19240838(19240367:19240838|tsd_l:tsd)-0.7372	NC_089042.1	98.077	52	1	0	2	53	26180243	26180294	3.18e-18	91.6	55
NC_089038.1:19240366-19240838(19240367:19240838|tsd_l:tsd)-0.7372	NC_089042.1	96.226	53	2	0	1	53	700500	700448	4.11e-17	87.9	55
NC_089038.1:19240366-19240838(19240367:19240838|tsd_l:tsd)-0.7372	NC_089042.1	96.226	53	2	0	1	53	2004996	2005048	4.11e-17	87.9	55
NC_089038.1:19240366-19240838(19240367:19240838|tsd_l:tsd)-0.7372	NC_089042.1	96.226	53	2	0	1	53	6309908	6309856	4.11e-17	87.9	55
NC_089038.1:19240366-19240838(19240367:19240838|tsd_l:tsd)-0.7372	NC_089042.1	96.226	53	2	0	1	53	8233623	8233571	4.11e-17	87.9	55
NC_089038.1:19240366-19240838(19240367:19240838|tsd_l:tsd)-0.7372	NC_089042.1	96.226	53	2	0	1	53	9491446	9491498	4.11e-17	87.9	55
NC_089038.1:19240366-19240838(19240367:19240838|tsd_l:tsd)-0.7372	NC_089042.1	96.226	53	2	0	1	53	10937974	10938026	4.11e-17	87.9	55
NC_089038.1:19240366-19240838(19240367:19240838|tsd_l:tsd)-0.7372	NC_089042.1	96.226	53	2	0	1	53	11081005	11081057	4.11e-17	87.9	55
NC_089038.1:19240366-19240838(19240367:19240838|tsd_l:tsd)-0.7372	NC_089042.1	96.226	53	2	0	1	53	12925336	12925284	4.11e-17	87.9	55
NC_089038.1:19240366-19240838(19240367:19240838|tsd_l:tsd)-0.7372	NC_089042.1	96.226	53	2	0	1	53	22634067	22634119	4.11e-17	87.9	55
NC_089038.1:19240366-19240838(19240367:19240838|tsd_l:tsd)-0.7372	NC_089042.1	96.226	53	2	0	1	53	24190336	24190388	4.11e-17	87.9	55
NC_089038.1:19240366-19240838(19240367:19240838|tsd_l:tsd)-0.7372	NC_089042.1	96.226	53	2	0	1	53	26180447	26180395	4.11e-17	87.9	55
NC_089038.1:19240366-19240838(19240367:19240838|tsd_l:tsd)-0.7372	NC_089042.1	96.226	53	2	0	1	53	26196632	26196684	4.11e-17	87.9	55
NC_089038.1:19240366-19240838(19240367:19240838|tsd_l:tsd)-0.7372	NC_089042.1	94.545	55	3	0	1	55	3489806	3489860	1.48e-16	86.1	55
NC_089038.1:19240366-19240838(19240367:19240838|tsd_l:tsd)-0.7372	NC_089042.1	96.154	52	2	0	2	53	20685712	20685763	1.48e-16	86.1	55
NC_089038.1:19240366-19240838(19240367:19240838|tsd_l:tsd)-0.7372	NC_089042.1	94.340	53	3	0	1	53	14438733	14438681	1.91e-15	82.4	55
NC_089038.1:19240366-19240838(19240367:19240838|tsd_l:tsd)-0.7372	NC_089042.1	94.340	53	3	0	1	53	16114444	16114496	1.91e-15	82.4	55
NC_089038.1:19240366-19240838(19240367:19240838|tsd_l:tsd)-0.7372	NC_089042.1	94.340	53	1	1	1	53	5410073	5410023	6.88e-15	80.5	55
NC_089038.1:19240366-19240838(19240367:19240838|tsd_l:tsd)-0.7372	NC_089042.1	94.340	53	2	1	1	53	21645677	21645626	6.88e-15	80.5	55
NC_089038.1:19240366-19240838(19240367:19240838|tsd_l:tsd)-0.7372	NC_089042.1	94.118	51	3	0	3	53	19669673	19669723	2.47e-14	78.7	55
NC_089038.1:19240366-19240838(19240367:19240838|tsd_l:tsd)-0.7372	NC_089042.1	94.118	51	3	0	3	53	27577700	27577650	2.47e-14	78.7	55
NC_089038.1:19240366-19240838(19240367:19240838|tsd_l:tsd)-0.7372	NC_089042.1	95.745	47	2	0	7	53	16114645	16114599	8.90e-14	76.8	55
NC_089038.1:19240366-19240838(19240367:19240838|tsd_l:tsd)-0.7372	NC_089041.1	100.000	53	0	0	1	53	1507411	1507463	1.90e-20	99.0	55
NC_089038.1:19240366-19240838(19240367:19240838|tsd_l:tsd)-0.7372	NC_089041.1	98.182	55	1	0	1	55	18069916	18069862	6.83e-20	97.1	55
NC_089038.1:19240366-19240838(19240367:19240838|tsd_l:tsd)-0.7372	NC_089041.1	98.113	53	1	0	1	53	3324935	3324883	8.84e-19	93.5	55
NC_089038.1:19240366-19240838(19240367:19240838|tsd_l:tsd)-0.7372	NC_089041.1	98.113	53	1	0	1	53	3435275	3435327	8.84e-19	93.5	55
NC_089038.1:19240366-19240838(19240367:19240838|tsd_l:tsd)-0.7372	NC_089041.1	98.113	53	1	0	1	53	3965834	3965782	8.84e-19	93.5	55
NC_089038.1:19240366-19240838(19240367:19240838|tsd_l:tsd)-0.7372	NC_089041.1	98.113	53	1	0	1	53	3967484	3967432	8.84e-19	93.5	55
NC_089038.1:19240366-19240838(19240367:19240838|tsd_l:tsd)-0.7372	NC_089041.1	98.113	53	1	0	1	53	5824554	5824606	8.84e-19	93.5	55
NC_089038.1:19240366-19240838(19240367:19240838|tsd_l:tsd)-0.7372	NC_089041.1	98.113	53	1	0	1	53	7724105	7724053	8.84e-19	93.5	55
NC_089038.1:19240366-19240838(19240367:19240838|tsd_l:tsd)-0.7372	NC_089041.1	98.113	53	1	0	1	53	23355311	23355363	8.84e-19	93.5	55
NC_089038.1:19240366-19240838(19240367:19240838|tsd_l:tsd)-0.7372	NC_089041.1	98.113	53	1	0	1	53	24617828	24617776	8.84e-19	93.5	55
NC_089038.1:19240366-19240838(19240367:19240838|tsd_l:tsd)-0.7372	NC_089041.1	98.113	53	1	0	1	53	29899356	29899304	8.84e-19	93.5	55
NC_089038.1:19240366-19240838(19240367:19240838|tsd_l:tsd)-0.7372	NC_089041.1	96.364	55	2	0	1	55	7484785	7484731	3.18e-18	91.6	55
NC_089038.1:19240366-19240838(19240367:19240838|tsd_l:tsd)-0.7372	NC_089041.1	96.364	55	2	0	1	55	27079549	27079603	3.18e-18	91.6	55
NC_089038.1:19240366-19240838(19240367:19240838|tsd_l:tsd)-0.7372	NC_089041.1	98.039	51	1	0	3	53	22301366	22301416	1.14e-17	89.8	55
NC_089038.1:19240366-19240838(19240367:19240838|tsd_l:tsd)-0.7372	NC_089041.1	96.226	53	2	0	1	53	2652872	2652820	4.11e-17	87.9	55
NC_089038.1:19240366-19240838(19240367:19240838|tsd_l:tsd)-0.7372	NC_089041.1	96.226	53	2	0	1	53	3324728	3324780	4.11e-17	87.9	55
NC_089038.1:19240366-19240838(19240367:19240838|tsd_l:tsd)-0.7372	NC_089041.1	96.226	53	2	0	1	53	4588955	4588903	4.11e-17	87.9	55
NC_089038.1:19240366-19240838(19240367:19240838|tsd_l:tsd)-0.7372	NC_089041.1	96.226	53	2	0	1	53	6181959	6181907	4.11e-17	87.9	55
NC_089038.1:19240366-19240838(19240367:19240838|tsd_l:tsd)-0.7372	NC_089041.1	96.226	53	2	0	1	53	6722886	6722834	4.11e-17	87.9	55
NC_089038.1:19240366-19240838(19240367:19240838|tsd_l:tsd)-0.7372	NC_089041.1	96.226	53	2	0	1	53	9101502	9101554	4.11e-17	87.9	55
NC_089038.1:19240366-19240838(19240367:19240838|tsd_l:tsd)-0.7372	NC_089041.1	96.226	53	2	0	1	53	18742893	18742841	4.11e-17	87.9	55
NC_089038.1:19240366-19240838(19240367:19240838|tsd_l:tsd)-0.7372	NC_089041.1	96.226	53	2	0	1	53	28185433	28185485	4.11e-17	87.9	55
NC_089038.1:19240366-19240838(19240367:19240838|tsd_l:tsd)-0.7372	NC_089041.1	96.226	53	2	0	1	53	28185641	28185589	4.11e-17	87.9	55
NC_089038.1:19240366-19240838(19240367:19240838|tsd_l:tsd)-0.7372	NC_089041.1	96.226	53	2	0	1	53	28397693	28397745	4.11e-17	87.9	55
NC_089038.1:19240366-19240838(19240367:19240838|tsd_l:tsd)-0.7372	NC_089041.1	96.226	53	2	0	1	53	28985580	28985528	4.11e-17	87.9	55
NC_089038.1:19240366-19240838(19240367:19240838|tsd_l:tsd)-0.7372	NC_089041.1	96.154	52	2	0	2	53	17574891	17574840	1.48e-16	86.1	55
NC_089038.1:19240366-19240838(19240367:19240838|tsd_l:tsd)-0.7372	NC_089041.1	96.078	51	2	0	3	53	17297622	17297572	5.32e-16	84.2	55
NC_089038.1:19240366-19240838(19240367:19240838|tsd_l:tsd)-0.7372	NC_089041.1	96.078	51	2	0	3	53	29644736	29644786	5.32e-16	84.2	55
NC_089038.1:19240366-19240838(19240367:19240838|tsd_l:tsd)-0.7372	NC_089041.1	94.340	53	3	0	1	53	5757693	5757641	1.91e-15	82.4	55
NC_089038.1:19240366-19240838(19240367:19240838|tsd_l:tsd)-0.7372	NC_089041.1	96.000	50	2	0	1	50	6181752	6181801	1.91e-15	82.4	55
NC_089038.1:19240366-19240838(19240367:19240838|tsd_l:tsd)-0.7372	NC_089041.1	94.340	53	3	0	1	53	19136467	19136519	1.91e-15	82.4	55
NC_089038.1:19240366-19240838(19240367:19240838|tsd_l:tsd)-0.7372	NC_089041.1	94.340	53	3	0	1	53	29591881	29591829	1.91e-15	82.4	55
NC_089038.1:19240366-19240838(19240367:19240838|tsd_l:tsd)-0.7372	NC_089041.1	94.340	53	3	0	1	53	29644942	29644890	1.91e-15	82.4	55
NC_089038.1:19240366-19240838(19240367:19240838|tsd_l:tsd)-0.7372	NC_089041.1	92.727	55	4	0	1	55	22027453	22027399	6.88e-15	80.5	55
NC_089038.1:19240366-19240838(19240367:19240838|tsd_l:tsd)-0.7372	NC_089041.1	97.826	46	1	0	8	53	22560206	22560251	6.88e-15	80.5	55
NC_089038.1:19240366-19240838(19240367:19240838|tsd_l:tsd)-0.7372	NC_089041.1	92.453	53	4	0	1	53	2652665	2652717	8.90e-14	76.8	55
NC_089038.1:19240366-19240838(19240367:19240838|tsd_l:tsd)-0.7372	NC_089041.1	92.453	53	4	0	1	53	9830530	9830478	8.90e-14	76.8	55
NC_089038.1:19240366-19240838(19240367:19240838|tsd_l:tsd)-0.7372	NC_089041.1	92.453	53	4	0	1	53	18742688	18742740	8.90e-14	76.8	55
NC_089038.1:19240366-19240838(19240367:19240838|tsd_l:tsd)-0.7372	NC_089041.1	92.593	54	3	1	1	53	24617619	24617672	8.90e-14	76.8	55
NC_089038.1:19240366-19240838(19240367:19240838|tsd_l:tsd)-0.7372	NC_089041.1	89.286	56	3	1	1	53	22027244	22027299	5.36e-11	67.6	55
NC_089038.1:19240366-19240838(19240367:19240838|tsd_l:tsd)-0.7372	NC_089040.1	100.000	53	0	0	1	53	2896157	2896105	1.90e-20	99.0	55
NC_089038.1:19240366-19240838(19240367:19240838|tsd_l:tsd)-0.7372	NC_089040.1	100.000	53	0	0	1	53	21499755	21499807	1.90e-20	99.0	55
NC_089038.1:19240366-19240838(19240367:19240838|tsd_l:tsd)-0.7372	NC_089040.1	98.113	53	1	0	1	53	1138398	1138450	8.84e-19	93.5	55
NC_089038.1:19240366-19240838(19240367:19240838|tsd_l:tsd)-0.7372	NC_089040.1	98.113	53	1	0	1	53	1337739	1337791	8.84e-19	93.5	55
NC_089038.1:19240366-19240838(19240367:19240838|tsd_l:tsd)-0.7372	NC_089040.1	98.113	53	1	0	1	53	1960496	1960548	8.84e-19	93.5	55
NC_089038.1:19240366-19240838(19240367:19240838|tsd_l:tsd)-0.7372	NC_089040.1	98.113	53	1	0	1	53	2848095	2848147	8.84e-19	93.5	55
NC_089038.1:19240366-19240838(19240367:19240838|tsd_l:tsd)-0.7372	NC_089040.1	98.113	53	1	0	1	53	2848302	2848250	8.84e-19	93.5	55
NC_089038.1:19240366-19240838(19240367:19240838|tsd_l:tsd)-0.7372	NC_089040.1	98.113	53	1	0	1	53	3121102	3121050	8.84e-19	93.5	55
NC_089038.1:19240366-19240838(19240367:19240838|tsd_l:tsd)-0.7372	NC_089040.1	98.113	53	1	0	1	53	3276970	3276918	8.84e-19	93.5	55
NC_089038.1:19240366-19240838(19240367:19240838|tsd_l:tsd)-0.7372	NC_089040.1	98.113	53	1	0	1	53	3914195	3914143	8.84e-19	93.5	55
NC_089038.1:19240366-19240838(19240367:19240838|tsd_l:tsd)-0.7372	NC_089040.1	98.113	53	1	0	1	53	4189048	4188996	8.84e-19	93.5	55
NC_089038.1:19240366-19240838(19240367:19240838|tsd_l:tsd)-0.7372	NC_089040.1	98.113	53	1	0	1	53	4827065	4827013	8.84e-19	93.5	55
NC_089038.1:19240366-19240838(19240367:19240838|tsd_l:tsd)-0.7372	NC_089040.1	98.113	53	1	0	1	53	5327752	5327700	8.84e-19	93.5	55
NC_089038.1:19240366-19240838(19240367:19240838|tsd_l:tsd)-0.7372	NC_089040.1	98.113	53	1	0	1	53	6697750	6697698	8.84e-19	93.5	55
NC_089038.1:19240366-19240838(19240367:19240838|tsd_l:tsd)-0.7372	NC_089040.1	98.113	53	1	0	1	53	7774001	7774053	8.84e-19	93.5	55
NC_089038.1:19240366-19240838(19240367:19240838|tsd_l:tsd)-0.7372	NC_089040.1	98.113	53	1	0	1	53	7774208	7774156	8.84e-19	93.5	55
NC_089038.1:19240366-19240838(19240367:19240838|tsd_l:tsd)-0.7372	NC_089040.1	98.113	53	1	0	1	53	9735772	9735824	8.84e-19	93.5	55
NC_089038.1:19240366-19240838(19240367:19240838|tsd_l:tsd)-0.7372	NC_089040.1	98.113	53	1	0	1	53	9735979	9735927	8.84e-19	93.5	55
NC_089038.1:19240366-19240838(19240367:19240838|tsd_l:tsd)-0.7372	NC_089040.1	98.113	53	1	0	1	53	9913816	9913764	8.84e-19	93.5	55
NC_089038.1:19240366-19240838(19240367:19240838|tsd_l:tsd)-0.7372	NC_089040.1	98.113	53	1	0	1	53	14120407	14120459	8.84e-19	93.5	55
NC_089038.1:19240366-19240838(19240367:19240838|tsd_l:tsd)-0.7372	NC_089040.1	98.113	53	1	0	1	53	17156692	17156744	8.84e-19	93.5	55
NC_089038.1:19240366-19240838(19240367:19240838|tsd_l:tsd)-0.7372	NC_089040.1	98.113	53	1	0	1	53	17156887	17156835	8.84e-19	93.5	55
NC_089038.1:19240366-19240838(19240367:19240838|tsd_l:tsd)-0.7372	NC_089040.1	98.113	53	1	0	1	53	20950364	20950416	8.84e-19	93.5	55
NC_089038.1:19240366-19240838(19240367:19240838|tsd_l:tsd)-0.7372	NC_089040.1	98.113	53	1	0	1	53	24091363	24091311	8.84e-19	93.5	55
NC_089038.1:19240366-19240838(19240367:19240838|tsd_l:tsd)-0.7372	NC_089040.1	96.226	53	2	0	1	53	1138606	1138554	4.11e-17	87.9	55
NC_089038.1:19240366-19240838(19240367:19240838|tsd_l:tsd)-0.7372	NC_089040.1	96.226	53	2	0	1	53	1337946	1337894	4.11e-17	87.9	55
NC_089038.1:19240366-19240838(19240367:19240838|tsd_l:tsd)-0.7372	NC_089040.1	96.226	53	2	0	1	53	1955506	1955558	4.11e-17	87.9	55
NC_089038.1:19240366-19240838(19240367:19240838|tsd_l:tsd)-0.7372	NC_089040.1	96.226	53	2	0	1	53	1955713	1955661	4.11e-17	87.9	55
NC_089038.1:19240366-19240838(19240367:19240838|tsd_l:tsd)-0.7372	NC_089040.1	96.226	53	2	0	1	53	1958031	1958083	4.11e-17	87.9	55
NC_089038.1:19240366-19240838(19240367:19240838|tsd_l:tsd)-0.7372	NC_089040.1	96.226	53	2	0	1	53	3120895	3120947	4.11e-17	87.9	55
NC_089038.1:19240366-19240838(19240367:19240838|tsd_l:tsd)-0.7372	NC_089040.1	96.226	53	2	0	1	53	4826858	4826910	4.11e-17	87.9	55
NC_089038.1:19240366-19240838(19240367:19240838|tsd_l:tsd)-0.7372	NC_089040.1	96.226	53	2	0	1	53	21499962	21499910	4.11e-17	87.9	55
NC_089038.1:19240366-19240838(19240367:19240838|tsd_l:tsd)-0.7372	NC_089040.1	96.226	53	2	0	1	53	26189256	26189204	4.11e-17	87.9	55
NC_089038.1:19240366-19240838(19240367:19240838|tsd_l:tsd)-0.7372	NC_089040.1	94.643	56	2	1	1	55	10824607	10824662	1.48e-16	86.1	55
NC_089038.1:19240366-19240838(19240367:19240838|tsd_l:tsd)-0.7372	NC_089040.1	94.340	53	3	0	1	53	6463323	6463271	1.91e-15	82.4	55
NC_089038.1:19240366-19240838(19240367:19240838|tsd_l:tsd)-0.7372	NC_089040.1	94.340	53	3	0	1	53	10824815	10824763	1.91e-15	82.4	55
NC_089038.1:19240366-19240838(19240367:19240838|tsd_l:tsd)-0.7372	NC_089040.1	94.340	53	3	0	1	53	16626334	16626386	1.91e-15	82.4	55
NC_089038.1:19240366-19240838(19240367:19240838|tsd_l:tsd)-0.7372	NC_089040.1	94.340	53	3	0	1	53	17354640	17354588	1.91e-15	82.4	55
NC_089038.1:19240366-19240838(19240367:19240838|tsd_l:tsd)-0.7372	NC_089040.1	94.340	53	3	0	1	53	18593923	18593975	1.91e-15	82.4	55
NC_089038.1:19240366-19240838(19240367:19240838|tsd_l:tsd)-0.7372	NC_089040.1	95.918	49	2	0	5	53	3345086	3345134	6.88e-15	80.5	55
NC_089038.1:19240366-19240838(19240367:19240838|tsd_l:tsd)-0.7372	NC_089040.1	92.727	55	4	0	1	55	21196143	21196089	6.88e-15	80.5	55
NC_089038.1:19240366-19240838(19240367:19240838|tsd_l:tsd)-0.7372	NC_089040.1	92.453	53	4	0	1	53	605250	605198	8.90e-14	76.8	55
NC_089038.1:19240366-19240838(19240367:19240838|tsd_l:tsd)-0.7372	NC_089040.1	92.453	53	4	0	1	53	1958238	1958186	8.90e-14	76.8	55
NC_089038.1:19240366-19240838(19240367:19240838|tsd_l:tsd)-0.7372	NC_089040.1	90.385	52	4	1	3	53	31927818	31927869	5.36e-11	67.6	55
NC_089038.1:19240366-19240838(19240367:19240838|tsd_l:tsd)-0.7372	NC_089037.1	100.000	53	0	0	1	53	8762347	8762295	1.90e-20	99.0	55
NC_089038.1:19240366-19240838(19240367:19240838|tsd_l:tsd)-0.7372	NC_089037.1	100.000	53	0	0	1	53	34699874	34699822	1.90e-20	99.0	55
NC_089038.1:19240366-19240838(19240367:19240838|tsd_l:tsd)-0.7372	NC_089037.1	98.182	55	1	0	1	55	33272831	33272777	6.83e-20	97.1	55
NC_089038.1:19240366-19240838(19240367:19240838|tsd_l:tsd)-0.7372	NC_089037.1	98.113	53	1	0	1	53	2469571	2469519	8.84e-19	93.5	55
NC_089038.1:19240366-19240838(19240367:19240838|tsd_l:tsd)-0.7372	NC_089037.1	98.113	53	1	0	1	53	2810730	2810678	8.84e-19	93.5	55
NC_089038.1:19240366-19240838(19240367:19240838|tsd_l:tsd)-0.7372	NC_089037.1	98.113	53	1	0	1	53	3500832	3500780	8.84e-19	93.5	55
NC_089038.1:19240366-19240838(19240367:19240838|tsd_l:tsd)-0.7372	NC_089037.1	98.113	53	1	0	1	53	3686785	3686837	8.84e-19	93.5	55
NC_089038.1:19240366-19240838(19240367:19240838|tsd_l:tsd)-0.7372	NC_089037.1	98.113	53	1	0	1	53	3686992	3686940	8.84e-19	93.5	55
NC_089038.1:19240366-19240838(19240367:19240838|tsd_l:tsd)-0.7372	NC_089037.1	98.113	53	1	0	1	53	4741451	4741399	8.84e-19	93.5	55
NC_089038.1:19240366-19240838(19240367:19240838|tsd_l:tsd)-0.7372	NC_089037.1	98.113	53	1	0	1	53	5647274	5647326	8.84e-19	93.5	55
NC_089038.1:19240366-19240838(19240367:19240838|tsd_l:tsd)-0.7372	NC_089037.1	98.113	53	1	0	1	53	7943381	7943329	8.84e-19	93.5	55
NC_089038.1:19240366-19240838(19240367:19240838|tsd_l:tsd)-0.7372	NC_089037.1	98.113	53	1	0	1	53	9756712	9756764	8.84e-19	93.5	55
NC_089038.1:19240366-19240838(19240367:19240838|tsd_l:tsd)-0.7372	NC_089037.1	98.113	53	1	0	1	53	12230620	12230672	8.84e-19	93.5	55
NC_089038.1:19240366-19240838(19240367:19240838|tsd_l:tsd)-0.7372	NC_089037.1	98.113	53	1	0	1	53	12230827	12230775	8.84e-19	93.5	55
NC_089038.1:19240366-19240838(19240367:19240838|tsd_l:tsd)-0.7372	NC_089037.1	98.113	53	1	0	1	53	14943878	14943930	8.84e-19	93.5	55
NC_089038.1:19240366-19240838(19240367:19240838|tsd_l:tsd)-0.7372	NC_089037.1	98.113	53	1	0	1	53	23071641	23071693	8.84e-19	93.5	55
NC_089038.1:19240366-19240838(19240367:19240838|tsd_l:tsd)-0.7372	NC_089037.1	98.113	53	1	0	1	53	24508330	24508382	8.84e-19	93.5	55
NC_089038.1:19240366-19240838(19240367:19240838|tsd_l:tsd)-0.7372	NC_089037.1	98.113	53	1	0	1	53	33816335	33816387	8.84e-19	93.5	55
NC_089038.1:19240366-19240838(19240367:19240838|tsd_l:tsd)-0.7372	NC_089037.1	98.113	53	1	0	1	53	35664662	35664714	8.84e-19	93.5	55
NC_089038.1:19240366-19240838(19240367:19240838|tsd_l:tsd)-0.7372	NC_089037.1	96.364	55	2	0	1	55	14944085	14944031	3.18e-18	91.6	55
NC_089038.1:19240366-19240838(19240367:19240838|tsd_l:tsd)-0.7372	NC_089037.1	96.364	55	2	0	1	55	29553618	29553564	3.18e-18	91.6	55
NC_089038.1:19240366-19240838(19240367:19240838|tsd_l:tsd)-0.7372	NC_089037.1	96.364	55	2	0	1	55	34769096	34769042	3.18e-18	91.6	55
NC_089038.1:19240366-19240838(19240367:19240838|tsd_l:tsd)-0.7372	NC_089037.1	96.226	53	2	0	1	53	172217	172269	4.11e-17	87.9	55
NC_089038.1:19240366-19240838(19240367:19240838|tsd_l:tsd)-0.7372	NC_089037.1	96.226	53	2	0	1	53	766790	766842	4.11e-17	87.9	55
NC_089038.1:19240366-19240838(19240367:19240838|tsd_l:tsd)-0.7372	NC_089037.1	96.226	53	2	0	1	53	1409823	1409771	4.11e-17	87.9	55
NC_089038.1:19240366-19240838(19240367:19240838|tsd_l:tsd)-0.7372	NC_089037.1	96.226	53	2	0	1	53	1491658	1491710	4.11e-17	87.9	55
NC_089038.1:19240366-19240838(19240367:19240838|tsd_l:tsd)-0.7372	NC_089037.1	96.226	53	2	0	1	53	3500626	3500678	4.11e-17	87.9	55
NC_089038.1:19240366-19240838(19240367:19240838|tsd_l:tsd)-0.7372	NC_089037.1	96.226	53	2	0	1	53	5647480	5647428	4.11e-17	87.9	55
NC_089038.1:19240366-19240838(19240367:19240838|tsd_l:tsd)-0.7372	NC_089037.1	96.226	53	2	0	1	53	5793749	5793801	4.11e-17	87.9	55
NC_089038.1:19240366-19240838(19240367:19240838|tsd_l:tsd)-0.7372	NC_089037.1	96.226	53	2	0	1	53	5793956	5793904	4.11e-17	87.9	55
NC_089038.1:19240366-19240838(19240367:19240838|tsd_l:tsd)-0.7372	NC_089037.1	96.296	54	1	1	1	53	6877407	6877460	4.11e-17	87.9	55
NC_089038.1:19240366-19240838(19240367:19240838|tsd_l:tsd)-0.7372	NC_089037.1	96.226	53	2	0	1	53	7943174	7943226	4.11e-17	87.9	55
NC_089038.1:19240366-19240838(19240367:19240838|tsd_l:tsd)-0.7372	NC_089037.1	96.226	53	2	0	1	53	8762140	8762192	4.11e-17	87.9	55
NC_089038.1:19240366-19240838(19240367:19240838|tsd_l:tsd)-0.7372	NC_089037.1	96.226	53	2	0	1	53	9263997	9264049	4.11e-17	87.9	55
NC_089038.1:19240366-19240838(19240367:19240838|tsd_l:tsd)-0.7372	NC_089037.1	96.226	53	2	0	1	53	9264204	9264152	4.11e-17	87.9	55
NC_089038.1:19240366-19240838(19240367:19240838|tsd_l:tsd)-0.7372	NC_089037.1	96.226	53	2	0	1	53	15363413	15363361	4.11e-17	87.9	55
NC_089038.1:19240366-19240838(19240367:19240838|tsd_l:tsd)-0.7372	NC_089037.1	96.226	53	2	0	1	53	15372030	15372082	4.11e-17	87.9	55
NC_089038.1:19240366-19240838(19240367:19240838|tsd_l:tsd)-0.7372	NC_089037.1	96.226	53	2	0	1	53	15372237	15372185	4.11e-17	87.9	55
NC_089038.1:19240366-19240838(19240367:19240838|tsd_l:tsd)-0.7372	NC_089037.1	96.226	53	2	0	1	53	26479582	26479634	4.11e-17	87.9	55
NC_089038.1:19240366-19240838(19240367:19240838|tsd_l:tsd)-0.7372	NC_089037.1	96.226	53	2	0	1	53	29337990	29338042	4.11e-17	87.9	55
NC_089038.1:19240366-19240838(19240367:19240838|tsd_l:tsd)-0.7372	NC_089037.1	96.226	53	2	0	1	53	30322269	30322217	4.11e-17	87.9	55
NC_089038.1:19240366-19240838(19240367:19240838|tsd_l:tsd)-0.7372	NC_089037.1	96.226	53	2	0	1	53	33280943	33280891	4.11e-17	87.9	55
NC_089038.1:19240366-19240838(19240367:19240838|tsd_l:tsd)-0.7372	NC_089037.1	96.226	53	2	0	1	53	34768889	34768941	4.11e-17	87.9	55
NC_089038.1:19240366-19240838(19240367:19240838|tsd_l:tsd)-0.7372	NC_089037.1	94.545	55	3	0	1	55	5265288	5265234	1.48e-16	86.1	55
NC_089038.1:19240366-19240838(19240367:19240838|tsd_l:tsd)-0.7372	NC_089037.1	94.545	55	3	0	1	55	9416774	9416720	1.48e-16	86.1	55
NC_089038.1:19240366-19240838(19240367:19240838|tsd_l:tsd)-0.7372	NC_089037.1	94.545	55	3	0	1	55	33170895	33170949	1.48e-16	86.1	55
NC_089038.1:19240366-19240838(19240367:19240838|tsd_l:tsd)-0.7372	NC_089037.1	96.078	51	2	0	3	53	21537487	21537537	5.32e-16	84.2	55
NC_089038.1:19240366-19240838(19240367:19240838|tsd_l:tsd)-0.7372	NC_089037.1	96.078	51	2	0	3	53	33990026	33990076	5.32e-16	84.2	55
NC_089038.1:19240366-19240838(19240367:19240838|tsd_l:tsd)-0.7372	NC_089037.1	94.340	53	3	0	1	53	1637756	1637808	1.91e-15	82.4	55
NC_089038.1:19240366-19240838(19240367:19240838|tsd_l:tsd)-0.7372	NC_089037.1	94.340	53	3	0	1	53	2810240	2810292	1.91e-15	82.4	55
NC_089038.1:19240366-19240838(19240367:19240838|tsd_l:tsd)-0.7372	NC_089037.1	94.340	53	3	0	1	53	9756919	9756867	1.91e-15	82.4	55
NC_089038.1:19240366-19240838(19240367:19240838|tsd_l:tsd)-0.7372	NC_089037.1	94.340	53	3	0	1	53	18789117	18789169	1.91e-15	82.4	55
NC_089038.1:19240366-19240838(19240367:19240838|tsd_l:tsd)-0.7372	NC_089037.1	94.340	53	3	0	1	53	30553947	30553999	1.91e-15	82.4	55
NC_089038.1:19240366-19240838(19240367:19240838|tsd_l:tsd)-0.7372	NC_089037.1	94.340	53	3	0	1	53	32294661	32294713	1.91e-15	82.4	55
NC_089038.1:19240366-19240838(19240367:19240838|tsd_l:tsd)-0.7372	NC_089037.1	94.340	53	3	0	1	53	33171102	33171050	1.91e-15	82.4	55
NC_089038.1:19240366-19240838(19240367:19240838|tsd_l:tsd)-0.7372	NC_089037.1	94.340	53	3	0	1	53	34551726	34551778	1.91e-15	82.4	55
NC_089038.1:19240366-19240838(19240367:19240838|tsd_l:tsd)-0.7372	NC_089037.1	94.340	53	3	0	1	53	34699667	34699719	1.91e-15	82.4	55
NC_089038.1:19240366-19240838(19240367:19240838|tsd_l:tsd)-0.7372	NC_089037.1	94.118	51	3	0	3	53	16901100	16901150	2.47e-14	78.7	55
NC_089038.1:19240366-19240838(19240367:19240838|tsd_l:tsd)-0.7372	NC_089037.1	92.308	52	4	0	1	52	26479788	26479737	3.20e-13	75.0	55
NC_089038.1:19240366-19240838(19240367:19240838|tsd_l:tsd)-0.7372	NC_089037.1	90.566	53	5	0	1	53	5457202	5457254	4.14e-12	71.3	55
NC_089038.1:19240366-19240838(19240367:19240838|tsd_l:tsd)-0.7372	NC_089037.1	92.000	50	4	0	1	50	34609719	34609768	4.14e-12	71.3	55
NC_089038.1:19240366-19240838(19240367:19240838|tsd_l:tsd)-0.7372	NC_089037.1	89.091	55	4	1	1	53	7741752	7741698	5.36e-11	67.6	55
NC_089038.1:19240366-19240838(19240367:19240838|tsd_l:tsd)-0.7372	NC_089036.1	100.000	53	0	0	1	53	26878553	26878605	1.90e-20	99.0	55
NC_089038.1:19240366-19240838(19240367:19240838|tsd_l:tsd)-0.7372	NC_089036.1	100.000	53	0	0	1	53	28117744	28117692	1.90e-20	99.0	55
NC_089038.1:19240366-19240838(19240367:19240838|tsd_l:tsd)-0.7372	NC_089036.1	100.000	53	0	0	1	53	35553139	35553191	1.90e-20	99.0	55
NC_089038.1:19240366-19240838(19240367:19240838|tsd_l:tsd)-0.7372	NC_089036.1	98.113	53	1	0	1	53	4074309	4074361	8.84e-19	93.5	55
NC_089038.1:19240366-19240838(19240367:19240838|tsd_l:tsd)-0.7372	NC_089036.1	98.113	53	1	0	1	53	6353774	6353722	8.84e-19	93.5	55
NC_089038.1:19240366-19240838(19240367:19240838|tsd_l:tsd)-0.7372	NC_089036.1	98.113	53	1	0	1	53	6849471	6849419	8.84e-19	93.5	55
NC_089038.1:19240366-19240838(19240367:19240838|tsd_l:tsd)-0.7372	NC_089036.1	98.113	53	1	0	1	53	7037831	7037883	8.84e-19	93.5	55
NC_089038.1:19240366-19240838(19240367:19240838|tsd_l:tsd)-0.7372	NC_089036.1	98.113	53	1	0	1	53	7038038	7037986	8.84e-19	93.5	55
NC_089038.1:19240366-19240838(19240367:19240838|tsd_l:tsd)-0.7372	NC_089036.1	98.113	53	1	0	1	53	19634933	19634881	8.84e-19	93.5	55
NC_089038.1:19240366-19240838(19240367:19240838|tsd_l:tsd)-0.7372	NC_089036.1	98.113	53	1	0	1	53	20318773	20318825	8.84e-19	93.5	55
NC_089038.1:19240366-19240838(19240367:19240838|tsd_l:tsd)-0.7372	NC_089036.1	98.113	53	1	0	1	53	20318980	20318928	8.84e-19	93.5	55
NC_089038.1:19240366-19240838(19240367:19240838|tsd_l:tsd)-0.7372	NC_089036.1	98.113	53	1	0	1	53	23214544	23214596	8.84e-19	93.5	55
NC_089038.1:19240366-19240838(19240367:19240838|tsd_l:tsd)-0.7372	NC_089036.1	98.113	53	1	0	1	53	28117536	28117588	8.84e-19	93.5	55
NC_089038.1:19240366-19240838(19240367:19240838|tsd_l:tsd)-0.7372	NC_089036.1	98.113	53	1	0	1	53	28341178	28341126	8.84e-19	93.5	55
NC_089038.1:19240366-19240838(19240367:19240838|tsd_l:tsd)-0.7372	NC_089036.1	98.113	53	1	0	1	53	33443745	33443797	8.84e-19	93.5	55
NC_089038.1:19240366-19240838(19240367:19240838|tsd_l:tsd)-0.7372	NC_089036.1	98.113	53	1	0	1	53	33443952	33443900	8.84e-19	93.5	55
NC_089038.1:19240366-19240838(19240367:19240838|tsd_l:tsd)-0.7372	NC_089036.1	98.113	53	1	0	1	53	33585596	33585648	8.84e-19	93.5	55
NC_089038.1:19240366-19240838(19240367:19240838|tsd_l:tsd)-0.7372	NC_089036.1	98.113	53	1	0	1	53	33585804	33585752	8.84e-19	93.5	55
NC_089038.1:19240366-19240838(19240367:19240838|tsd_l:tsd)-0.7372	NC_089036.1	98.077	52	1	0	1	52	22394877	22394928	3.18e-18	91.6	55
NC_089038.1:19240366-19240838(19240367:19240838|tsd_l:tsd)-0.7372	NC_089036.1	96.364	55	2	0	1	55	23987358	23987304	3.18e-18	91.6	55
NC_089038.1:19240366-19240838(19240367:19240838|tsd_l:tsd)-0.7372	NC_089036.1	96.364	55	2	0	1	55	24649222	24649168	3.18e-18	91.6	55
NC_089038.1:19240366-19240838(19240367:19240838|tsd_l:tsd)-0.7372	NC_089036.1	96.364	55	1	1	1	55	7164543	7164596	1.14e-17	89.8	55
NC_089038.1:19240366-19240838(19240367:19240838|tsd_l:tsd)-0.7372	NC_089036.1	96.226	53	2	0	1	53	6173463	6173515	4.11e-17	87.9	55
NC_089038.1:19240366-19240838(19240367:19240838|tsd_l:tsd)-0.7372	NC_089036.1	96.226	53	2	0	1	53	6353567	6353619	4.11e-17	87.9	55
NC_089038.1:19240366-19240838(19240367:19240838|tsd_l:tsd)-0.7372	NC_089036.1	96.226	53	2	0	1	53	7132886	7132938	4.11e-17	87.9	55
NC_089038.1:19240366-19240838(19240367:19240838|tsd_l:tsd)-0.7372	NC_089036.1	96.226	53	2	0	1	53	8859086	8859138	4.11e-17	87.9	55
NC_089038.1:19240366-19240838(19240367:19240838|tsd_l:tsd)-0.7372	NC_089036.1	96.226	53	2	0	1	53	8872713	8872765	4.11e-17	87.9	55
NC_089038.1:19240366-19240838(19240367:19240838|tsd_l:tsd)-0.7372	NC_089036.1	96.226	53	2	0	1	53	20082672	20082724	4.11e-17	87.9	55
NC_089038.1:19240366-19240838(19240367:19240838|tsd_l:tsd)-0.7372	NC_089036.1	96.226	53	2	0	1	53	28340971	28341023	4.11e-17	87.9	55
NC_089038.1:19240366-19240838(19240367:19240838|tsd_l:tsd)-0.7372	NC_089036.1	96.226	53	2	0	1	53	31597067	31597015	4.11e-17	87.9	55
NC_089038.1:19240366-19240838(19240367:19240838|tsd_l:tsd)-0.7372	NC_089036.1	94.643	56	2	1	1	55	36351343	36351288	1.48e-16	86.1	55
NC_089038.1:19240366-19240838(19240367:19240838|tsd_l:tsd)-0.7372	NC_089036.1	94.340	53	3	0	1	53	31596860	31596912	1.91e-15	82.4	55
NC_089038.1:19240366-19240838(19240367:19240838|tsd_l:tsd)-0.7372	NC_089036.1	94.340	53	3	0	1	53	33609597	33609649	1.91e-15	82.4	55
NC_089038.1:19240366-19240838(19240367:19240838|tsd_l:tsd)-0.7372	NC_089036.1	94.231	52	3	0	1	52	24649022	24649073	6.88e-15	80.5	55
NC_089038.1:19240366-19240838(19240367:19240838|tsd_l:tsd)-0.7372	NC_089036.1	92.453	53	4	0	1	53	31899391	31899339	8.90e-14	76.8	55
NC_089038.1:19240366-19240838(19240367:19240838|tsd_l:tsd)-0.7372	NC_089036.1	92.453	53	4	0	1	53	35553346	35553294	8.90e-14	76.8	55
NC_089038.1:19240366-19240838(19240367:19240838|tsd_l:tsd)-0.7372	NC_089035.1	100.000	53	0	0	1	53	9102994	9103046	1.90e-20	99.0	55
NC_089038.1:19240366-19240838(19240367:19240838|tsd_l:tsd)-0.7372	NC_089035.1	98.182	55	1	0	1	55	28084337	28084391	6.83e-20	97.1	55
NC_089038.1:19240366-19240838(19240367:19240838|tsd_l:tsd)-0.7372	NC_089035.1	98.113	53	1	0	1	53	634042	633990	8.84e-19	93.5	55
NC_089038.1:19240366-19240838(19240367:19240838|tsd_l:tsd)-0.7372	NC_089035.1	98.113	53	1	0	1	53	2341702	2341650	8.84e-19	93.5	55
NC_089038.1:19240366-19240838(19240367:19240838|tsd_l:tsd)-0.7372	NC_089035.1	98.113	53	1	0	1	53	3378677	3378625	8.84e-19	93.5	55
NC_089038.1:19240366-19240838(19240367:19240838|tsd_l:tsd)-0.7372	NC_089035.1	98.113	53	1	0	1	53	5327346	5327294	8.84e-19	93.5	55
NC_089038.1:19240366-19240838(19240367:19240838|tsd_l:tsd)-0.7372	NC_089035.1	98.113	53	1	0	1	53	14387555	14387607	8.84e-19	93.5	55
NC_089038.1:19240366-19240838(19240367:19240838|tsd_l:tsd)-0.7372	NC_089035.1	98.113	53	1	0	1	53	15531445	15531393	8.84e-19	93.5	55
NC_089038.1:19240366-19240838(19240367:19240838|tsd_l:tsd)-0.7372	NC_089035.1	98.113	53	1	0	1	53	24194455	24194403	8.84e-19	93.5	55
NC_089038.1:19240366-19240838(19240367:19240838|tsd_l:tsd)-0.7372	NC_089035.1	98.113	53	1	0	1	53	26183877	26183929	8.84e-19	93.5	55
NC_089038.1:19240366-19240838(19240367:19240838|tsd_l:tsd)-0.7372	NC_089035.1	98.113	53	1	0	1	53	29135321	29135373	8.84e-19	93.5	55
NC_089038.1:19240366-19240838(19240367:19240838|tsd_l:tsd)-0.7372	NC_089035.1	98.113	53	1	0	1	53	29135528	29135476	8.84e-19	93.5	55
NC_089038.1:19240366-19240838(19240367:19240838|tsd_l:tsd)-0.7372	NC_089035.1	98.113	53	1	0	1	53	29141852	29141904	8.84e-19	93.5	55
NC_089038.1:19240366-19240838(19240367:19240838|tsd_l:tsd)-0.7372	NC_089035.1	98.113	53	1	0	1	53	30160059	30160007	8.84e-19	93.5	55
NC_089038.1:19240366-19240838(19240367:19240838|tsd_l:tsd)-0.7372	NC_089035.1	98.113	53	1	0	1	53	32678532	32678584	8.84e-19	93.5	55
NC_089038.1:19240366-19240838(19240367:19240838|tsd_l:tsd)-0.7372	NC_089035.1	98.113	53	1	0	1	53	33786750	33786698	8.84e-19	93.5	55
NC_089038.1:19240366-19240838(19240367:19240838|tsd_l:tsd)-0.7372	NC_089035.1	98.113	53	1	0	1	53	33872819	33872767	8.84e-19	93.5	55
NC_089038.1:19240366-19240838(19240367:19240838|tsd_l:tsd)-0.7372	NC_089035.1	98.113	53	1	0	1	53	34573994	34573942	8.84e-19	93.5	55
NC_089038.1:19240366-19240838(19240367:19240838|tsd_l:tsd)-0.7372	NC_089035.1	98.113	53	1	0	1	53	34712522	34712574	8.84e-19	93.5	55
NC_089038.1:19240366-19240838(19240367:19240838|tsd_l:tsd)-0.7372	NC_089035.1	98.113	53	1	0	1	53	34912820	34912872	8.84e-19	93.5	55
NC_089038.1:19240366-19240838(19240367:19240838|tsd_l:tsd)-0.7372	NC_089035.1	98.113	53	1	0	1	53	35949952	35949900	8.84e-19	93.5	55
NC_089038.1:19240366-19240838(19240367:19240838|tsd_l:tsd)-0.7372	NC_089035.1	98.113	53	1	0	1	53	37399393	37399445	8.84e-19	93.5	55
NC_089038.1:19240366-19240838(19240367:19240838|tsd_l:tsd)-0.7372	NC_089035.1	98.113	53	1	0	1	53	37399601	37399549	8.84e-19	93.5	55
NC_089038.1:19240366-19240838(19240367:19240838|tsd_l:tsd)-0.7372	NC_089035.1	98.039	51	1	0	3	53	32083237	32083287	1.14e-17	89.8	55
NC_089038.1:19240366-19240838(19240367:19240838|tsd_l:tsd)-0.7372	NC_089035.1	96.226	53	2	0	1	53	633835	633887	4.11e-17	87.9	55
NC_089038.1:19240366-19240838(19240367:19240838|tsd_l:tsd)-0.7372	NC_089035.1	96.226	53	2	0	1	53	2663894	2663946	4.11e-17	87.9	55
NC_089038.1:19240366-19240838(19240367:19240838|tsd_l:tsd)-0.7372	NC_089035.1	96.226	53	2	0	1	53	4093061	4093009	4.11e-17	87.9	55
NC_089038.1:19240366-19240838(19240367:19240838|tsd_l:tsd)-0.7372	NC_089035.1	96.226	53	2	0	1	53	4581663	4581611	4.11e-17	87.9	55
NC_089038.1:19240366-19240838(19240367:19240838|tsd_l:tsd)-0.7372	NC_089035.1	96.226	53	2	0	1	53	4922950	4923002	4.11e-17	87.9	55
NC_089038.1:19240366-19240838(19240367:19240838|tsd_l:tsd)-0.7372	NC_089035.1	96.226	53	2	0	1	53	5624057	5624005	4.11e-17	87.9	55
NC_089038.1:19240366-19240838(19240367:19240838|tsd_l:tsd)-0.7372	NC_089035.1	96.226	53	2	0	1	53	6107038	6106986	4.11e-17	87.9	55
NC_089038.1:19240366-19240838(19240367:19240838|tsd_l:tsd)-0.7372	NC_089035.1	96.226	53	2	0	1	53	7412216	7412164	4.11e-17	87.9	55
NC_089038.1:19240366-19240838(19240367:19240838|tsd_l:tsd)-0.7372	NC_089035.1	96.226	53	2	0	1	53	7987096	7987148	4.11e-17	87.9	55
NC_089038.1:19240366-19240838(19240367:19240838|tsd_l:tsd)-0.7372	NC_089035.1	96.226	53	2	0	1	53	9103201	9103149	4.11e-17	87.9	55
NC_089038.1:19240366-19240838(19240367:19240838|tsd_l:tsd)-0.7372	NC_089035.1	96.226	53	2	0	1	53	15455917	15455969	4.11e-17	87.9	55
NC_089038.1:19240366-19240838(19240367:19240838|tsd_l:tsd)-0.7372	NC_089035.1	96.226	53	2	0	1	53	20268027	20268079	4.11e-17	87.9	55
NC_089038.1:19240366-19240838(19240367:19240838|tsd_l:tsd)-0.7372	NC_089035.1	96.226	53	2	0	1	53	28255060	28255008	4.11e-17	87.9	55
NC_089038.1:19240366-19240838(19240367:19240838|tsd_l:tsd)-0.7372	NC_089035.1	96.226	53	2	0	1	53	30159852	30159904	4.11e-17	87.9	55
NC_089038.1:19240366-19240838(19240367:19240838|tsd_l:tsd)-0.7372	NC_089035.1	96.226	53	2	0	1	53	31939791	31939843	4.11e-17	87.9	55
NC_089038.1:19240366-19240838(19240367:19240838|tsd_l:tsd)-0.7372	NC_089035.1	96.226	53	2	0	1	53	32678739	32678687	4.11e-17	87.9	55
NC_089038.1:19240366-19240838(19240367:19240838|tsd_l:tsd)-0.7372	NC_089035.1	96.226	53	2	0	1	53	35136250	35136198	4.11e-17	87.9	55
NC_089038.1:19240366-19240838(19240367:19240838|tsd_l:tsd)-0.7372	NC_089035.1	96.226	53	2	0	1	53	38068217	38068269	4.11e-17	87.9	55
NC_089038.1:19240366-19240838(19240367:19240838|tsd_l:tsd)-0.7372	NC_089035.1	96.226	53	2	0	1	53	39061208	39061156	4.11e-17	87.9	55
NC_089038.1:19240366-19240838(19240367:19240838|tsd_l:tsd)-0.7372	NC_089035.1	96.226	53	2	0	1	53	42056225	42056173	4.11e-17	87.9	55
NC_089038.1:19240366-19240838(19240367:19240838|tsd_l:tsd)-0.7372	NC_089035.1	96.226	53	2	0	1	53	42111717	42111665	4.11e-17	87.9	55
NC_089038.1:19240366-19240838(19240367:19240838|tsd_l:tsd)-0.7372	NC_089035.1	96.226	53	2	0	1	53	42175781	42175729	4.11e-17	87.9	55
NC_089038.1:19240366-19240838(19240367:19240838|tsd_l:tsd)-0.7372	NC_089035.1	96.226	53	2	0	1	53	43890525	43890473	4.11e-17	87.9	55
NC_089038.1:19240366-19240838(19240367:19240838|tsd_l:tsd)-0.7372	NC_089035.1	96.154	52	2	0	2	53	41136321	41136270	1.48e-16	86.1	55
NC_089038.1:19240366-19240838(19240367:19240838|tsd_l:tsd)-0.7372	NC_089035.1	96.078	51	2	0	3	53	21009161	21009111	5.32e-16	84.2	55
NC_089038.1:19240366-19240838(19240367:19240838|tsd_l:tsd)-0.7372	NC_089035.1	94.545	55	2	1	1	55	24194249	24194302	5.32e-16	84.2	55
NC_089038.1:19240366-19240838(19240367:19240838|tsd_l:tsd)-0.7372	NC_089035.1	94.340	53	3	0	1	53	161058	161110	1.91e-15	82.4	55
NC_089038.1:19240366-19240838(19240367:19240838|tsd_l:tsd)-0.7372	NC_089035.1	94.340	53	3	0	1	53	1699898	1699950	1.91e-15	82.4	55
NC_089038.1:19240366-19240838(19240367:19240838|tsd_l:tsd)-0.7372	NC_089035.1	94.340	53	3	0	1	53	4879764	4879712	1.91e-15	82.4	55
NC_089038.1:19240366-19240838(19240367:19240838|tsd_l:tsd)-0.7372	NC_089035.1	94.340	53	3	0	1	53	5669718	5669770	1.91e-15	82.4	55
NC_089038.1:19240366-19240838(19240367:19240838|tsd_l:tsd)-0.7372	NC_089035.1	96.000	50	2	0	1	50	7412009	7412058	1.91e-15	82.4	55
NC_089038.1:19240366-19240838(19240367:19240838|tsd_l:tsd)-0.7372	NC_089035.1	94.340	53	3	0	1	53	14515463	14515515	1.91e-15	82.4	55
NC_089038.1:19240366-19240838(19240367:19240838|tsd_l:tsd)-0.7372	NC_089035.1	94.340	53	3	0	1	53	16661184	16661132	1.91e-15	82.4	55
NC_089038.1:19240366-19240838(19240367:19240838|tsd_l:tsd)-0.7372	NC_089035.1	94.444	54	2	1	1	53	28520712	28520765	1.91e-15	82.4	55
NC_089038.1:19240366-19240838(19240367:19240838|tsd_l:tsd)-0.7372	NC_089035.1	94.340	53	3	0	1	53	34199757	34199809	1.91e-15	82.4	55
NC_089038.1:19240366-19240838(19240367:19240838|tsd_l:tsd)-0.7372	NC_089035.1	94.340	53	3	0	1	53	34199964	34199912	1.91e-15	82.4	55
NC_089038.1:19240366-19240838(19240367:19240838|tsd_l:tsd)-0.7372	NC_089035.1	94.340	53	3	0	1	53	34913027	34912975	1.91e-15	82.4	55
NC_089038.1:19240366-19240838(19240367:19240838|tsd_l:tsd)-0.7372	NC_089035.1	94.340	53	3	0	1	53	35368157	35368209	1.91e-15	82.4	55
NC_089038.1:19240366-19240838(19240367:19240838|tsd_l:tsd)-0.7372	NC_089035.1	94.340	53	3	0	1	53	40310613	40310561	1.91e-15	82.4	55
NC_089038.1:19240366-19240838(19240367:19240838|tsd_l:tsd)-0.7372	NC_089035.1	94.340	53	3	0	1	53	43890318	43890370	1.91e-15	82.4	55
NC_089038.1:19240366-19240838(19240367:19240838|tsd_l:tsd)-0.7372	NC_089035.1	94.231	52	3	0	2	53	1892599	1892548	6.88e-15	80.5	55
NC_089038.1:19240366-19240838(19240367:19240838|tsd_l:tsd)-0.7372	NC_089035.1	92.727	55	4	0	1	55	29917268	29917214	6.88e-15	80.5	55
NC_089038.1:19240366-19240838(19240367:19240838|tsd_l:tsd)-0.7372	NC_089035.1	94.340	53	1	1	1	53	38068422	38068372	6.88e-15	80.5	55
NC_089038.1:19240366-19240838(19240367:19240838|tsd_l:tsd)-0.7372	NC_089035.1	92.593	54	3	1	1	53	14387763	14387710	8.90e-14	76.8	55
NC_089038.1:19240366-19240838(19240367:19240838|tsd_l:tsd)-0.7372	NC_089035.1	94.000	50	3	0	1	50	42175574	42175623	8.90e-14	76.8	55
NC_089038.1:19240366-19240838(19240367:19240838|tsd_l:tsd)-0.7372	NC_089035.1	92.453	53	3	1	1	53	18579421	18579472	3.20e-13	75.0	55
NC_089038.1:19240366-19240838(19240367:19240838|tsd_l:tsd)-0.7372	NC_089035.1	90.909	55	5	0	1	55	26762362	26762308	3.20e-13	75.0	55
NC_089038.1:19240366-19240838(19240367:19240838|tsd_l:tsd)-0.7372	NC_089035.1	90.909	55	3	1	1	53	4866661	4866715	1.15e-12	73.1	55
NC_089038.1:19240366-19240838(19240367:19240838|tsd_l:tsd)-0.7372	NC_089035.1	92.308	52	3	1	3	53	7034462	7034513	1.15e-12	73.1	55
NC_089038.1:19240366-19240838(19240367:19240838|tsd_l:tsd)-0.7372	NC_089046.1	98.182	55	1	0	1	55	23547756	23547702	6.83e-20	97.1	55
NC_089038.1:19240366-19240838(19240367:19240838|tsd_l:tsd)-0.7372	NC_089046.1	98.113	53	1	0	1	53	1916689	1916741	8.84e-19	93.5	55
NC_089038.1:19240366-19240838(19240367:19240838|tsd_l:tsd)-0.7372	NC_089046.1	98.113	53	1	0	1	53	1916896	1916844	8.84e-19	93.5	55
NC_089038.1:19240366-19240838(19240367:19240838|tsd_l:tsd)-0.7372	NC_089046.1	98.113	53	1	0	1	53	7640267	7640319	8.84e-19	93.5	55
NC_089038.1:19240366-19240838(19240367:19240838|tsd_l:tsd)-0.7372	NC_089046.1	98.113	53	1	0	1	53	20246845	20246897	8.84e-19	93.5	55
NC_089038.1:19240366-19240838(19240367:19240838|tsd_l:tsd)-0.7372	NC_089046.1	98.113	53	1	0	1	53	20294930	20294878	8.84e-19	93.5	55
NC_089038.1:19240366-19240838(19240367:19240838|tsd_l:tsd)-0.7372	NC_089046.1	98.113	53	1	0	1	53	22472366	22472418	8.84e-19	93.5	55
NC_089038.1:19240366-19240838(19240367:19240838|tsd_l:tsd)-0.7372	NC_089046.1	98.113	53	1	0	1	53	22914442	22914494	8.84e-19	93.5	55
NC_089038.1:19240366-19240838(19240367:19240838|tsd_l:tsd)-0.7372	NC_089046.1	98.113	53	1	0	1	53	26924360	26924412	8.84e-19	93.5	55
NC_089038.1:19240366-19240838(19240367:19240838|tsd_l:tsd)-0.7372	NC_089046.1	98.113	53	1	0	1	53	26924567	26924515	8.84e-19	93.5	55
NC_089038.1:19240366-19240838(19240367:19240838|tsd_l:tsd)-0.7372	NC_089046.1	98.113	53	1	0	1	53	27705455	27705507	8.84e-19	93.5	55
NC_089038.1:19240366-19240838(19240367:19240838|tsd_l:tsd)-0.7372	NC_089046.1	98.113	53	1	0	1	53	27705662	27705610	8.84e-19	93.5	55
NC_089038.1:19240366-19240838(19240367:19240838|tsd_l:tsd)-0.7372	NC_089046.1	96.364	55	2	0	1	55	24902162	24902216	3.18e-18	91.6	55
NC_089038.1:19240366-19240838(19240367:19240838|tsd_l:tsd)-0.7372	NC_089046.1	96.226	53	2	0	1	53	2925068	2925120	4.11e-17	87.9	55
NC_089038.1:19240366-19240838(19240367:19240838|tsd_l:tsd)-0.7372	NC_089046.1	96.226	53	2	0	1	53	3067844	3067896	4.11e-17	87.9	55
NC_089038.1:19240366-19240838(19240367:19240838|tsd_l:tsd)-0.7372	NC_089046.1	96.226	53	2	0	1	53	3091565	3091617	4.11e-17	87.9	55
NC_089038.1:19240366-19240838(19240367:19240838|tsd_l:tsd)-0.7372	NC_089046.1	96.226	53	2	0	1	53	3091772	3091720	4.11e-17	87.9	55
NC_089038.1:19240366-19240838(19240367:19240838|tsd_l:tsd)-0.7372	NC_089046.1	96.226	53	2	0	1	53	3392991	3393043	4.11e-17	87.9	55
NC_089038.1:19240366-19240838(19240367:19240838|tsd_l:tsd)-0.7372	NC_089046.1	96.226	53	2	0	1	53	8898136	8898188	4.11e-17	87.9	55
NC_089038.1:19240366-19240838(19240367:19240838|tsd_l:tsd)-0.7372	NC_089046.1	96.226	53	2	0	1	53	20690859	20690911	4.11e-17	87.9	55
NC_089038.1:19240366-19240838(19240367:19240838|tsd_l:tsd)-0.7372	NC_089046.1	96.226	53	2	0	1	53	22914649	22914597	4.11e-17	87.9	55
NC_089038.1:19240366-19240838(19240367:19240838|tsd_l:tsd)-0.7372	NC_089046.1	96.226	53	2	0	1	53	23133742	23133794	4.11e-17	87.9	55
NC_089038.1:19240366-19240838(19240367:19240838|tsd_l:tsd)-0.7372	NC_089046.1	96.226	53	2	0	1	53	26310738	26310790	4.11e-17	87.9	55
NC_089038.1:19240366-19240838(19240367:19240838|tsd_l:tsd)-0.7372	NC_089046.1	96.226	53	2	0	1	53	26311017	26310965	4.11e-17	87.9	55
NC_089038.1:19240366-19240838(19240367:19240838|tsd_l:tsd)-0.7372	NC_089046.1	94.545	55	3	0	1	55	3588175	3588121	1.48e-16	86.1	55
NC_089038.1:19240366-19240838(19240367:19240838|tsd_l:tsd)-0.7372	NC_089046.1	94.340	53	3	0	1	53	2617949	2617897	1.91e-15	82.4	55
NC_089038.1:19240366-19240838(19240367:19240838|tsd_l:tsd)-0.7372	NC_089046.1	94.340	53	3	0	1	53	2925275	2925223	1.91e-15	82.4	55
NC_089038.1:19240366-19240838(19240367:19240838|tsd_l:tsd)-0.7372	NC_089046.1	94.340	53	3	0	1	53	3442814	3442866	1.91e-15	82.4	55
NC_089038.1:19240366-19240838(19240367:19240838|tsd_l:tsd)-0.7372	NC_089046.1	94.340	53	3	0	1	53	5045649	5045701	1.91e-15	82.4	55
NC_089038.1:19240366-19240838(19240367:19240838|tsd_l:tsd)-0.7372	NC_089046.1	94.340	53	3	0	1	53	16612652	16612600	1.91e-15	82.4	55
NC_089038.1:19240366-19240838(19240367:19240838|tsd_l:tsd)-0.7372	NC_089046.1	94.231	52	3	0	2	53	7247832	7247781	6.88e-15	80.5	55
NC_089038.1:19240366-19240838(19240367:19240838|tsd_l:tsd)-0.7372	NC_089046.1	92.593	54	3	1	1	53	780988	780935	8.90e-14	76.8	55
NC_089038.1:19240366-19240838(19240367:19240838|tsd_l:tsd)-0.7372	NC_089046.1	95.745	47	2	0	9	55	22913065	22913019	8.90e-14	76.8	55
NC_089038.1:19240366-19240838(19240367:19240838|tsd_l:tsd)-0.7372	NC_089046.1	97.619	42	1	0	12	53	4136014	4136055	1.15e-12	73.1	55
NC_089038.1:19240366-19240838(19240367:19240838|tsd_l:tsd)-0.7372	NC_089046.1	100.000	37	0	0	17	53	3393182	3393146	1.49e-11	69.4	55
NC_089038.1:19240366-19240838(19240367:19240838|tsd_l:tsd)-0.7372	NC_089044.1	98.182	55	1	0	1	55	15327907	15327961	6.83e-20	97.1	55
NC_089038.1:19240366-19240838(19240367:19240838|tsd_l:tsd)-0.7372	NC_089044.1	98.148	54	1	0	1	54	14315479	14315426	2.46e-19	95.3	55
NC_089038.1:19240366-19240838(19240367:19240838|tsd_l:tsd)-0.7372	NC_089044.1	98.113	53	1	0	1	53	349231	349283	8.84e-19	93.5	55
NC_089038.1:19240366-19240838(19240367:19240838|tsd_l:tsd)-0.7372	NC_089044.1	98.113	53	1	0	1	53	417731	417679	8.84e-19	93.5	55
NC_089038.1:19240366-19240838(19240367:19240838|tsd_l:tsd)-0.7372	NC_089044.1	98.113	53	1	0	1	53	3039223	3039275	8.84e-19	93.5	55
NC_089038.1:19240366-19240838(19240367:19240838|tsd_l:tsd)-0.7372	NC_089044.1	98.113	53	1	0	1	53	3450580	3450632	8.84e-19	93.5	55
NC_089038.1:19240366-19240838(19240367:19240838|tsd_l:tsd)-0.7372	NC_089044.1	98.113	53	1	0	1	53	6786823	6786771	8.84e-19	93.5	55
NC_089038.1:19240366-19240838(19240367:19240838|tsd_l:tsd)-0.7372	NC_089044.1	98.113	53	1	0	1	53	11621218	11621270	8.84e-19	93.5	55
NC_089038.1:19240366-19240838(19240367:19240838|tsd_l:tsd)-0.7372	NC_089044.1	98.113	53	1	0	1	53	12845773	12845721	8.84e-19	93.5	55
NC_089038.1:19240366-19240838(19240367:19240838|tsd_l:tsd)-0.7372	NC_089044.1	98.113	53	1	0	1	53	14173417	14173469	8.84e-19	93.5	55
NC_089038.1:19240366-19240838(19240367:19240838|tsd_l:tsd)-0.7372	NC_089044.1	98.113	53	1	0	1	53	15427658	15427710	8.84e-19	93.5	55
NC_089038.1:19240366-19240838(19240367:19240838|tsd_l:tsd)-0.7372	NC_089044.1	98.113	53	1	0	1	53	15941939	15941887	8.84e-19	93.5	55
NC_089038.1:19240366-19240838(19240367:19240838|tsd_l:tsd)-0.7372	NC_089044.1	98.113	53	1	0	1	53	16818268	16818216	8.84e-19	93.5	55
NC_089038.1:19240366-19240838(19240367:19240838|tsd_l:tsd)-0.7372	NC_089044.1	98.113	53	1	0	1	53	19762200	19762148	8.84e-19	93.5	55
NC_089038.1:19240366-19240838(19240367:19240838|tsd_l:tsd)-0.7372	NC_089044.1	98.113	53	1	0	1	53	21420937	21420885	8.84e-19	93.5	55
NC_089038.1:19240366-19240838(19240367:19240838|tsd_l:tsd)-0.7372	NC_089044.1	98.113	53	1	0	1	53	23142678	23142730	8.84e-19	93.5	55
NC_089038.1:19240366-19240838(19240367:19240838|tsd_l:tsd)-0.7372	NC_089044.1	98.039	51	1	0	3	53	349436	349386	1.14e-17	89.8	55
NC_089038.1:19240366-19240838(19240367:19240838|tsd_l:tsd)-0.7372	NC_089044.1	96.226	53	2	0	1	53	417524	417576	4.11e-17	87.9	55
NC_089038.1:19240366-19240838(19240367:19240838|tsd_l:tsd)-0.7372	NC_089044.1	96.226	53	2	0	1	53	1215509	1215561	4.11e-17	87.9	55
NC_089038.1:19240366-19240838(19240367:19240838|tsd_l:tsd)-0.7372	NC_089044.1	96.226	53	2	0	1	53	3852027	3851975	4.11e-17	87.9	55
NC_089038.1:19240366-19240838(19240367:19240838|tsd_l:tsd)-0.7372	NC_089044.1	96.226	53	2	0	1	53	10019119	10019067	4.11e-17	87.9	55
NC_089038.1:19240366-19240838(19240367:19240838|tsd_l:tsd)-0.7372	NC_089044.1	96.226	53	2	0	1	53	17058940	17058992	4.11e-17	87.9	55
NC_089038.1:19240366-19240838(19240367:19240838|tsd_l:tsd)-0.7372	NC_089044.1	96.226	53	2	0	1	53	17376374	17376322	4.11e-17	87.9	55
NC_089038.1:19240366-19240838(19240367:19240838|tsd_l:tsd)-0.7372	NC_089044.1	96.226	53	2	0	1	53	18045607	18045659	4.11e-17	87.9	55
NC_089038.1:19240366-19240838(19240367:19240838|tsd_l:tsd)-0.7372	NC_089044.1	96.226	53	2	0	3	55	18656094	18656146	4.11e-17	87.9	55
NC_089038.1:19240366-19240838(19240367:19240838|tsd_l:tsd)-0.7372	NC_089044.1	96.226	53	2	0	1	53	19761993	19762045	4.11e-17	87.9	55
NC_089038.1:19240366-19240838(19240367:19240838|tsd_l:tsd)-0.7372	NC_089044.1	94.340	53	3	0	1	53	3450787	3450735	1.91e-15	82.4	55
NC_089038.1:19240366-19240838(19240367:19240838|tsd_l:tsd)-0.7372	NC_089044.1	94.340	53	3	0	1	53	3851820	3851872	1.91e-15	82.4	55
NC_089038.1:19240366-19240838(19240367:19240838|tsd_l:tsd)-0.7372	NC_089044.1	94.340	53	3	0	1	53	11621424	11621372	1.91e-15	82.4	55
NC_089038.1:19240366-19240838(19240367:19240838|tsd_l:tsd)-0.7372	NC_089044.1	94.340	53	3	0	1	53	16818061	16818113	1.91e-15	82.4	55
NC_089038.1:19240366-19240838(19240367:19240838|tsd_l:tsd)-0.7372	NC_089044.1	94.340	53	3	0	1	53	23142886	23142834	1.91e-15	82.4	55
NC_089038.1:19240366-19240838(19240367:19240838|tsd_l:tsd)-0.7372	NC_089044.1	94.340	53	2	1	1	53	10018913	10018964	6.88e-15	80.5	55
NC_089038.1:19240366-19240838(19240367:19240838|tsd_l:tsd)-0.7372	NC_089044.1	94.118	51	3	0	3	53	15328112	15328062	2.47e-14	78.7	55
NC_089038.1:19240366-19240838(19240367:19240838|tsd_l:tsd)-0.7372	NC_089043.1	98.113	53	1	0	1	53	4945080	4945028	8.84e-19	93.5	55
NC_089038.1:19240366-19240838(19240367:19240838|tsd_l:tsd)-0.7372	NC_089043.1	98.113	53	1	0	1	53	4967276	4967224	8.84e-19	93.5	55
NC_089038.1:19240366-19240838(19240367:19240838|tsd_l:tsd)-0.7372	NC_089043.1	98.113	53	1	0	1	53	12948054	12948106	8.84e-19	93.5	55
NC_089038.1:19240366-19240838(19240367:19240838|tsd_l:tsd)-0.7372	NC_089043.1	98.113	53	1	0	1	53	13715029	13715081	8.84e-19	93.5	55
NC_089038.1:19240366-19240838(19240367:19240838|tsd_l:tsd)-0.7372	NC_089043.1	98.113	53	1	0	1	53	13812343	13812291	8.84e-19	93.5	55
NC_089038.1:19240366-19240838(19240367:19240838|tsd_l:tsd)-0.7372	NC_089043.1	98.113	53	1	0	1	53	16981235	16981287	8.84e-19	93.5	55
NC_089038.1:19240366-19240838(19240367:19240838|tsd_l:tsd)-0.7372	NC_089043.1	98.113	53	1	0	1	53	17791113	17791061	8.84e-19	93.5	55
NC_089038.1:19240366-19240838(19240367:19240838|tsd_l:tsd)-0.7372	NC_089043.1	98.113	53	1	0	1	53	19063371	19063423	8.84e-19	93.5	55
NC_089038.1:19240366-19240838(19240367:19240838|tsd_l:tsd)-0.7372	NC_089043.1	98.113	53	1	0	1	53	20568757	20568809	8.84e-19	93.5	55
NC_089038.1:19240366-19240838(19240367:19240838|tsd_l:tsd)-0.7372	NC_089043.1	98.113	53	1	0	1	53	20568965	20568913	8.84e-19	93.5	55
NC_089038.1:19240366-19240838(19240367:19240838|tsd_l:tsd)-0.7372	NC_089043.1	98.113	53	1	0	1	53	21151134	21151186	8.84e-19	93.5	55
NC_089038.1:19240366-19240838(19240367:19240838|tsd_l:tsd)-0.7372	NC_089043.1	98.113	53	1	0	1	53	22606008	22606060	8.84e-19	93.5	55
NC_089038.1:19240366-19240838(19240367:19240838|tsd_l:tsd)-0.7372	NC_089043.1	98.113	53	1	0	1	53	24637638	24637690	8.84e-19	93.5	55
NC_089038.1:19240366-19240838(19240367:19240838|tsd_l:tsd)-0.7372	NC_089043.1	98.113	53	1	0	1	53	25195168	25195220	8.84e-19	93.5	55
NC_089038.1:19240366-19240838(19240367:19240838|tsd_l:tsd)-0.7372	NC_089043.1	98.113	53	1	0	1	53	25195375	25195323	8.84e-19	93.5	55
NC_089038.1:19240366-19240838(19240367:19240838|tsd_l:tsd)-0.7372	NC_089043.1	98.113	53	1	0	1	53	25646178	25646230	8.84e-19	93.5	55
NC_089038.1:19240366-19240838(19240367:19240838|tsd_l:tsd)-0.7372	NC_089043.1	98.113	53	1	0	1	53	25646385	25646333	8.84e-19	93.5	55
NC_089038.1:19240366-19240838(19240367:19240838|tsd_l:tsd)-0.7372	NC_089043.1	96.226	53	2	0	1	53	4967069	4967121	4.11e-17	87.9	55
NC_089038.1:19240366-19240838(19240367:19240838|tsd_l:tsd)-0.7372	NC_089043.1	96.226	53	2	0	1	53	10597075	10597127	4.11e-17	87.9	55
NC_089038.1:19240366-19240838(19240367:19240838|tsd_l:tsd)-0.7372	NC_089043.1	96.226	53	2	0	1	53	11499210	11499262	4.11e-17	87.9	55
NC_089038.1:19240366-19240838(19240367:19240838|tsd_l:tsd)-0.7372	NC_089043.1	96.226	53	2	0	1	53	12522668	12522616	4.11e-17	87.9	55
NC_089038.1:19240366-19240838(19240367:19240838|tsd_l:tsd)-0.7372	NC_089043.1	96.226	53	2	0	1	53	14144211	14144263	4.11e-17	87.9	55
NC_089038.1:19240366-19240838(19240367:19240838|tsd_l:tsd)-0.7372	NC_089043.1	96.226	53	2	0	1	53	19573426	19573478	4.11e-17	87.9	55
NC_089038.1:19240366-19240838(19240367:19240838|tsd_l:tsd)-0.7372	NC_089043.1	96.226	53	2	0	1	53	20785192	20785140	4.11e-17	87.9	55
NC_089038.1:19240366-19240838(19240367:19240838|tsd_l:tsd)-0.7372	NC_089043.1	96.226	53	2	0	1	53	22298306	22298358	4.11e-17	87.9	55
NC_089038.1:19240366-19240838(19240367:19240838|tsd_l:tsd)-0.7372	NC_089043.1	96.226	53	2	0	1	53	23237471	23237523	4.11e-17	87.9	55
NC_089038.1:19240366-19240838(19240367:19240838|tsd_l:tsd)-0.7372	NC_089043.1	96.226	53	2	0	1	53	23237678	23237626	4.11e-17	87.9	55
NC_089038.1:19240366-19240838(19240367:19240838|tsd_l:tsd)-0.7372	NC_089043.1	96.226	53	2	0	1	53	26332199	26332147	4.11e-17	87.9	55
NC_089038.1:19240366-19240838(19240367:19240838|tsd_l:tsd)-0.7372	NC_089043.1	94.545	55	3	0	1	55	4163601	4163547	1.48e-16	86.1	55
NC_089038.1:19240366-19240838(19240367:19240838|tsd_l:tsd)-0.7372	NC_089043.1	96.078	51	2	0	3	53	21683427	21683377	5.32e-16	84.2	55
NC_089038.1:19240366-19240838(19240367:19240838|tsd_l:tsd)-0.7372	NC_089043.1	94.340	53	3	0	1	53	11211174	11211226	1.91e-15	82.4	55
NC_089038.1:19240366-19240838(19240367:19240838|tsd_l:tsd)-0.7372	NC_089043.1	94.340	53	3	0	1	53	11211381	11211329	1.91e-15	82.4	55
NC_089038.1:19240366-19240838(19240367:19240838|tsd_l:tsd)-0.7372	NC_089043.1	94.340	53	3	0	1	53	20304040	20304092	1.91e-15	82.4	55
NC_089038.1:19240366-19240838(19240367:19240838|tsd_l:tsd)-0.7372	NC_089043.1	94.340	53	3	0	1	53	21151341	21151289	1.91e-15	82.4	55
NC_089038.1:19240366-19240838(19240367:19240838|tsd_l:tsd)-0.7372	NC_089043.1	92.727	55	4	0	1	55	14359135	14359081	6.88e-15	80.5	55
NC_089038.1:19240366-19240838(19240367:19240838|tsd_l:tsd)-0.7372	NC_089043.1	95.745	47	2	0	9	55	18488790	18488836	8.90e-14	76.8	55
NC_089038.1:19240366-19240838(19240367:19240838|tsd_l:tsd)-0.7372	NC_089043.1	92.453	53	4	0	1	53	20487386	20487334	8.90e-14	76.8	55
NC_089038.1:19240366-19240838(19240367:19240838|tsd_l:tsd)-0.7372	NC_089043.1	92.453	53	4	0	1	53	22298513	22298461	8.90e-14	76.8	55
NC_089038.1:19240366-19240838(19240367:19240838|tsd_l:tsd)-0.7372	NC_089043.1	90.909	55	5	0	1	55	18071791	18071845	3.20e-13	75.0	55
NC_089038.1:19240366-19240838(19240367:19240838|tsd_l:tsd)-0.7372	NC_089043.1	95.556	45	2	0	9	53	25631072	25631028	1.15e-12	73.1	55
NC_089038.1:19240366-19240838(19240367:19240838|tsd_l:tsd)-0.7372	NC_089039.1	98.113	53	1	0	1	53	3452578	3452630	8.84e-19	93.5	55
NC_089038.1:19240366-19240838(19240367:19240838|tsd_l:tsd)-0.7372	NC_089039.1	98.113	53	1	0	1	53	3978317	3978369	8.84e-19	93.5	55
NC_089038.1:19240366-19240838(19240367:19240838|tsd_l:tsd)-0.7372	NC_089039.1	98.113	53	1	0	1	53	3978523	3978471	8.84e-19	93.5	55
NC_089038.1:19240366-19240838(19240367:19240838|tsd_l:tsd)-0.7372	NC_089039.1	98.113	53	1	0	1	53	4066187	4066239	8.84e-19	93.5	55
NC_089038.1:19240366-19240838(19240367:19240838|tsd_l:tsd)-0.7372	NC_089039.1	98.113	53	1	0	1	53	4108138	4108190	8.84e-19	93.5	55
NC_089038.1:19240366-19240838(19240367:19240838|tsd_l:tsd)-0.7372	NC_089039.1	98.113	53	1	0	1	53	6894575	6894627	8.84e-19	93.5	55
NC_089038.1:19240366-19240838(19240367:19240838|tsd_l:tsd)-0.7372	NC_089039.1	98.113	53	1	0	1	53	6894782	6894730	8.84e-19	93.5	55
NC_089038.1:19240366-19240838(19240367:19240838|tsd_l:tsd)-0.7372	NC_089039.1	98.113	53	1	0	1	53	14391614	14391562	8.84e-19	93.5	55
NC_089038.1:19240366-19240838(19240367:19240838|tsd_l:tsd)-0.7372	NC_089039.1	98.113	53	1	0	1	53	16879944	16879996	8.84e-19	93.5	55
NC_089038.1:19240366-19240838(19240367:19240838|tsd_l:tsd)-0.7372	NC_089039.1	98.113	53	1	0	1	53	16897575	16897523	8.84e-19	93.5	55
NC_089038.1:19240366-19240838(19240367:19240838|tsd_l:tsd)-0.7372	NC_089039.1	98.113	53	1	0	1	53	18614559	18614507	8.84e-19	93.5	55
NC_089038.1:19240366-19240838(19240367:19240838|tsd_l:tsd)-0.7372	NC_089039.1	98.113	53	1	0	1	53	26343729	26343781	8.84e-19	93.5	55
NC_089038.1:19240366-19240838(19240367:19240838|tsd_l:tsd)-0.7372	NC_089039.1	98.113	53	1	0	1	53	28010794	28010742	8.84e-19	93.5	55
NC_089038.1:19240366-19240838(19240367:19240838|tsd_l:tsd)-0.7372	NC_089039.1	98.113	53	1	0	1	53	28976793	28976845	8.84e-19	93.5	55
NC_089038.1:19240366-19240838(19240367:19240838|tsd_l:tsd)-0.7372	NC_089039.1	98.113	53	1	0	1	53	28977000	28976948	8.84e-19	93.5	55
NC_089038.1:19240366-19240838(19240367:19240838|tsd_l:tsd)-0.7372	NC_089039.1	98.039	51	1	0	1	51	6575732	6575782	1.14e-17	89.8	55
NC_089038.1:19240366-19240838(19240367:19240838|tsd_l:tsd)-0.7372	NC_089039.1	96.226	53	2	0	1	53	12209805	12209857	4.11e-17	87.9	55
NC_089038.1:19240366-19240838(19240367:19240838|tsd_l:tsd)-0.7372	NC_089039.1	96.226	53	2	0	1	53	16897367	16897419	4.11e-17	87.9	55
NC_089038.1:19240366-19240838(19240367:19240838|tsd_l:tsd)-0.7372	NC_089039.1	96.226	53	2	0	1	53	17876302	17876354	4.11e-17	87.9	55
NC_089038.1:19240366-19240838(19240367:19240838|tsd_l:tsd)-0.7372	NC_089039.1	96.226	53	2	0	1	53	19847413	19847361	4.11e-17	87.9	55
NC_089038.1:19240366-19240838(19240367:19240838|tsd_l:tsd)-0.7372	NC_089039.1	96.226	53	2	0	1	53	25909847	25909795	4.11e-17	87.9	55
NC_089038.1:19240366-19240838(19240367:19240838|tsd_l:tsd)-0.7372	NC_089039.1	96.226	53	2	0	1	53	29311559	29311507	4.11e-17	87.9	55
NC_089038.1:19240366-19240838(19240367:19240838|tsd_l:tsd)-0.7372	NC_089039.1	94.545	55	3	0	1	55	4108346	4108292	1.48e-16	86.1	55
NC_089038.1:19240366-19240838(19240367:19240838|tsd_l:tsd)-0.7372	NC_089039.1	94.545	55	3	0	1	55	24091191	24091137	1.48e-16	86.1	55
NC_089038.1:19240366-19240838(19240367:19240838|tsd_l:tsd)-0.7372	NC_089039.1	94.545	55	3	0	1	55	25810411	25810465	1.48e-16	86.1	55
NC_089038.1:19240366-19240838(19240367:19240838|tsd_l:tsd)-0.7372	NC_089039.1	96.078	51	2	0	3	53	7848228	7848278	5.32e-16	84.2	55
NC_089038.1:19240366-19240838(19240367:19240838|tsd_l:tsd)-0.7372	NC_089039.1	94.340	53	3	0	1	53	1576351	1576299	1.91e-15	82.4	55
NC_089038.1:19240366-19240838(19240367:19240838|tsd_l:tsd)-0.7372	NC_089039.1	94.340	53	3	0	1	53	7848433	7848381	1.91e-15	82.4	55
NC_089038.1:19240366-19240838(19240367:19240838|tsd_l:tsd)-0.7372	NC_089039.1	94.340	53	3	0	1	53	10917417	10917469	1.91e-15	82.4	55
NC_089038.1:19240366-19240838(19240367:19240838|tsd_l:tsd)-0.7372	NC_089039.1	94.340	53	3	0	1	53	16880151	16880099	1.91e-15	82.4	55
NC_089038.1:19240366-19240838(19240367:19240838|tsd_l:tsd)-0.7372	NC_089039.1	94.340	53	3	0	1	53	18723569	18723621	1.91e-15	82.4	55
NC_089038.1:19240366-19240838(19240367:19240838|tsd_l:tsd)-0.7372	NC_089039.1	94.340	53	3	0	1	53	20916199	20916147	1.91e-15	82.4	55
NC_089038.1:19240366-19240838(19240367:19240838|tsd_l:tsd)-0.7372	NC_089039.1	94.340	53	3	0	1	53	21058220	21058168	1.91e-15	82.4	55
NC_089038.1:19240366-19240838(19240367:19240838|tsd_l:tsd)-0.7372	NC_089039.1	94.340	53	3	0	1	53	21557485	21557433	1.91e-15	82.4	55
NC_089038.1:19240366-19240838(19240367:19240838|tsd_l:tsd)-0.7372	NC_089039.1	94.340	53	3	0	1	53	26343936	26343884	1.91e-15	82.4	55
NC_089038.1:19240366-19240838(19240367:19240838|tsd_l:tsd)-0.7372	NC_089039.1	92.453	53	4	0	1	53	18723776	18723724	8.90e-14	76.8	55
NC_089038.1:22514063-22514190(22514064:22514190|tsd_l:12|tsd_s:22514065|tsd_e:22514194)-0.7555	NC_089038.1	100.000	90	0	0	1	90	22514112	22514201	1.08e-40	167	90
NC_089039.1:20095434-20095767(20095435:20095767|tsd_l:tsd)-0.5376	NC_089039.1	100.000	132	0	0	1	132	20095327	20095458	7.96e-64	244	132
NC_089039.1:25084461-25084647(25084462:25084647|tsd_l:tsd)-0.9049	NC_089039.1	100.000	132	0	0	1	132	25084437	25084568	7.96e-64	244	132
NC_089040.1:6122447-6122867(6122448:6122867|tsd_l:tsd)-0.5808	NC_089040.1	100.000	72	0	0	1	72	6122580	6122651	8.06e-31	134	72
NC_089040.1:10031057-10031199(10031058:10031199|tsd_l:14|tsd_s:10031058|tsd_e:10031200)-0.7832	NC_089040.1	100.000	89	0	0	1	89	10031038	10031126	3.81e-40	165	89
NC_089040.1:10031057-10031199(10031058:10031199|tsd_l:14|tsd_s:10031058|tsd_e:10031200)-0.7832	NC_089040.1	95.312	64	3	0	26	89	29675008	29674945	3.03e-21	102	89
NC_089040.1:10031057-10031199(10031058:10031199|tsd_l:14|tsd_s:10031058|tsd_e:10031200)-0.7832	NC_089038.1	91.935	62	5	0	25	86	31540946	31541007	8.49e-17	87.9	89
NC_089040.1:10031057-10031199(10031058:10031199|tsd_l:14|tsd_s:10031058|tsd_e:10031200)-0.7832	NC_089046.1	94.231	52	3	0	38	89	12706853	12706802	1.42e-14	80.5	89
NC_089040.1:10031057-10031199(10031058:10031199|tsd_l:14|tsd_s:10031058|tsd_e:10031200)-0.7832	NC_089035.1	86.486	74	8	2	18	89	852316	852389	1.42e-14	80.5	89
NC_089041.1:7692107-7692298(7692108:7692298|tsd_l:17|tsd_s:7692108|tsd_e:7692299)-0.7879	NC_089041.1	100.000	59	0	0	1	59	7692116	7692174	9.91e-24	110	59
NC_089041.1:27061161-27061531(27061162:27061531|tsd_l:tsd)-0.6445	NC_089041.1	100.000	120	0	0	1	120	27061282	27061401	3.31e-57	222	120
NC_089041.1:27061161-27061531(27061162:27061531|tsd_l:tsd)-0.6445	NC_089046.1	94.667	75	3	1	1	75	6989576	6989649	5.78e-25	115	120
NC_089041.1:27061161-27061531(27061162:27061531|tsd_l:tsd)-0.6445	NC_089046.1	95.745	47	2	0	74	120	6989693	6989739	2.73e-13	76.8	120
NC_089041.1:27396549-27396706(27396550:27396706|tsd_l:tsd)-0.6822	NC_089041.1	100.000	36	0	0	1	36	27396459	27396494	2.25e-11	67.6	36
NC_089042.1:5888385-5888552(5888386:5888552|tsd_l:16|tsd_s:5888404|tsd_e:5888540)-0.6540	NC_089042.1	100.000	90	0	0	1	90	5888431	5888520	1.08e-40	167	90
NC_089042.1:5888385-5888552(5888386:5888552|tsd_l:16|tsd_s:5888404|tsd_e:5888540)-0.6540	NC_089040.1	88.298	94	5	2	3	90	2871409	2871502	6.62e-23	108	90
NC_089042.1:5888385-5888552(5888386:5888552|tsd_l:16|tsd_s:5888404|tsd_e:5888540)-0.6540	NC_089043.1	87.234	94	6	2	3	90	23862477	23862384	3.08e-21	102	90
NC_089042.1:5888385-5888552(5888386:5888552|tsd_l:16|tsd_s:5888404|tsd_e:5888540)-0.6540	NC_089046.1	85.106	94	8	5	3	90	977603	977510	6.66e-18	91.6	90
NC_089042.1:18160328-18160466(18160329:18160466|tsd_l:13|tsd_s:18160331|tsd_e:18160471)-0.5230	NC_089042.1	100.000	81	0	0	1	81	18160305	18160385	9.50e-36	150	81
NC_089042.1:26012817-26013234(26012818:26013234|tsd_l:tsd)-0.5232	NC_089042.1	100.000	78	0	0	1	78	26013058	26013135	4.19e-34	145	78
NC_089043.1:7425937-7426349(7425938:7426349|tsd_l:tsd)-0.6164	NC_089043.1	100.000	78	0	0	1	78	7426046	7426123	4.19e-34	145	78
NC_089044.1:19858897-19859033(19858898:19859033|tsd_l:tsd)-0.6443	NC_089044.1	100.000	96	0	0	1	96	19858898	19858993	5.43e-44	178	96
NC_089045.1:9946187-9946532(9946188:9946532|tsd_l:tsd)-0.6746	NC_089045.1	100.000	78	0	0	1	78	9946388	9946465	4.19e-34	145	78
NC_089045.1:24954678-24954865(24954679:24954865|tsd_l:14|tsd_s:24954680|tsd_e:24954868)-0.5237	NC_089045.1	100.000	108	0	0	1	108	24954690	24954797	1.35e-50	200	108
NC_089045.1:29500500-29500739(29500501:29500739|tsd_l:tsd)-0.7015	NC_089045.1	100.000	190	0	0	1	190	29500482	29500671	6.98e-96	351	190
NC_089045.1:29500500-29500739(29500501:29500739|tsd_l:tsd)-0.7015	NC_089045.1	86.957	92	8	3	25	116	5713842	5713929	2.79e-20	100	190
NC_089045.1:29500500-29500739(29500501:29500739|tsd_l:tsd)-0.7015	NC_089035.1	88.618	123	14	0	25	147	778856	778978	2.73e-35	150	190
NC_089045.1:29500500-29500739(29500501:29500739|tsd_l:tsd)-0.7015	NC_089035.1	87.805	123	14	1	25	147	874378	874499	4.58e-33	143	190
NC_089045.1:29500500-29500739(29500501:29500739|tsd_l:tsd)-0.7015	NC_089035.1	83.019	106	10	6	42	145	1220583	1220682	6.05e-17	89.8	190
NC_089045.1:29500500-29500739(29500501:29500739|tsd_l:tsd)-0.7015	NC_089046.1	90.654	107	10	0	27	133	27131215	27131321	4.58e-33	143	190
NC_089045.1:29500500-29500739(29500501:29500739|tsd_l:tsd)-0.7015	NC_089041.1	87.288	118	15	0	25	142	17917851	17917734	7.66e-31	135	190
NC_089045.1:29500500-29500739(29500501:29500739|tsd_l:tsd)-0.7015	NC_089041.1	83.740	123	13	5	26	146	26899730	26899847	4.64e-23	110	190
NC_089045.1:29500500-29500739(29500501:29500739|tsd_l:tsd)-0.7015	NC_089039.1	86.290	124	14	2	25	147	13828263	13828142	9.91e-30	132	190
NC_089045.1:29500500-29500739(29500501:29500739|tsd_l:tsd)-0.7015	NC_089037.1	84.167	120	18	1	27	146	35209370	35209488	9.98e-25	115	190
NC_089045.1:29500500-29500739(29500501:29500739|tsd_l:tsd)-0.7015	NC_089040.1	82.787	122	13	4	27	146	6556014	6555899	7.77e-21	102	190
NC_089045.1:29500500-29500739(29500501:29500739|tsd_l:tsd)-0.7015	NC_089040.1	80.833	120	20	2	26	142	30840959	30840840	1.68e-17	91.6	190
