SINE2-3_OS	NC_089046.1	97.238	181	5	0	1	181	5877834	5878014	1.45e-82	307	181
SINE2-3_OS	NC_089046.1	90.395	177	11	2	1	175	27677953	27677781	1.16e-58	228	181
SINE2-3_OS	NC_089035.1	96.133	181	6	1	1	181	3413028	3413207	1.13e-78	294	181
SINE2-3_OS	NC_089040.1	94.079	152	8	1	1	152	30748350	30748500	3.23e-59	230	181
SINE2-3_OS	NC_089040.1	93.684	95	3	2	85	179	350606	350515	5.59e-32	139	181
SINE2-3_OS	NC_089042.1	86.957	161	15	2	21	176	27302884	27302725	4.26e-43	176	181
SINE2-3_OS	NC_089045.1	90.517	116	8	2	66	181	4827838	4827726	2.58e-35	150	181
SINE2-3_OS	NC_089045.1	91.304	92	6	1	82	173	221009	221098	1.57e-27	124	181
SINE2-3_OS	NC_089037.1	91.919	99	6	1	82	180	33279666	33279570	2.01e-31	137	181
SINE2-3_OS	NC_089036.1	90.385	104	6	4	70	173	17740066	17740165	2.60e-30	134	181
SINE8_OS	NC_089035.1	100.000	120	0	0	1	120	8157850	8157969	3.31e-57	222	120
SINE8_OS	NC_089038.1	88.235	102	11	1	10	110	21148526	21148425	1.24e-26	121	120
SINE6_OS	NC_089041.1	96.639	119	4	0	1	119	24118271	24118153	5.52e-50	198	119
SINE6_OS	NC_089040.1	89.831	118	11	1	3	119	2938849	2938732	1.57e-35	150	119
SINE6_OS	NC_089035.1	89.076	119	10	3	3	119	5009456	5009573	7.29e-34	145	119
SINE6_OS	NC_089035.1	87.395	119	13	2	3	119	26373372	26373490	4.39e-31	135	119
SINE6_OS	NC_089035.1	83.333	96	16	0	24	119	27454469	27454374	3.47e-17	89.8	119
SINE6_OS	NC_089036.1	89.899	99	9	1	12	110	34366261	34366358	2.64e-28	126	119
SINE6_OS	NC_089038.1	85.859	99	14	0	13	111	35581970	35581872	3.44e-22	106	119
SINE6_OS	NC_089038.1	84.884	86	13	0	25	110	27735800	27735885	1.25e-16	87.9	119
SINE6_OS	NC_089044.1	83.486	109	17	1	3	110	6703074	6702966	1.60e-20	100	119
SINE6_OS	NC_089046.1	81.301	123	17	2	3	119	3570478	3570600	7.45e-19	95.3	119
SINE6_OS	NC_089037.1	86.517	89	9	3	32	119	11635365	11635279	7.45e-19	95.3	119
SINE6_OS	NC_089037.1	88.000	75	8	1	23	96	36323844	36323770	1.25e-16	87.9	119
OsSN3	NC_089035.1	93.989	183	11	0	1	183	30381324	30381142	1.15e-73	278	183
OsSN3	NC_089035.1	93.923	181	8	3	3	181	36507870	36507691	1.93e-71	270	183
OsSN3	NC_089035.1	94.545	165	9	0	1	165	23769533	23769697	5.39e-67	255	183
OsSN3	NC_089035.1	90.000	180	18	0	3	182	30304039	30304218	2.53e-60	233	183
OsSN3	NC_089035.1	87.363	182	15	4	4	183	26964994	26964819	7.13e-51	202	183
OsSN3	NC_089035.1	90.260	154	9	4	31	183	39391520	39391372	3.32e-49	196	183
OsSN3	NC_089035.1	85.549	173	24	1	11	182	35335404	35335576	3.34e-44	180	183
OsSN3	NC_089035.1	95.575	113	4	1	3	115	39982784	39982895	3.34e-44	180	183
OsSN3	NC_089035.1	93.220	118	7	1	3	120	35478349	35478465	5.59e-42	172	183
OsSN3	NC_089035.1	91.270	126	9	2	59	183	37240949	37241073	2.01e-41	171	183
OsSN3	NC_089035.1	89.630	135	11	3	43	176	6815716	6815848	7.23e-41	169	183
OsSN3	NC_089035.1	83.251	203	12	4	3	183	24643598	24643800	2.60e-40	167	183
OsSN3	NC_089035.1	94.444	108	6	0	74	181	29727974	29727867	2.60e-40	167	183
OsSN3	NC_089035.1	88.722	133	10	4	54	183	29728096	29728226	1.56e-37	158	183
OsSN3	NC_089035.1	82.474	194	13	3	11	183	27837485	27837292	2.62e-35	150	183
OsSN3	NC_089035.1	84.932	146	15	3	1	146	6589129	6589267	1.58e-32	141	183
OsSN3	NC_089035.1	83.432	169	7	9	36	183	43501764	43501932	2.04e-31	137	183
OsSN3	NC_089035.1	84.746	118	12	2	3	120	38267499	38267610	3.43e-24	113	183
OsSN3	NC_089035.1	100.000	55	0	0	129	183	2519726	2519672	7.44e-21	102	183
OsSN3	NC_089035.1	91.549	71	6	0	15	85	13686695	13686765	9.62e-20	99.0	183
OsSN3	NC_089035.1	95.082	61	3	0	123	183	5305612	5305672	3.46e-19	97.1	183
OsSN3	NC_089035.1	98.148	54	0	1	131	183	36561586	36561533	4.47e-18	93.5	183
OsSN3	NC_089035.1	92.308	65	2	2	119	183	24418631	24418692	5.79e-17	89.8	183
OsSN3	NC_089035.1	100.000	37	0	0	147	183	2475288	2475252	7.54e-11	69.4	183
OsSN3	NC_089045.1	93.443	183	10	2	2	183	609691	609510	1.93e-71	270	183
OsSN3	NC_089045.1	91.667	180	14	1	4	183	482600	482422	9.02e-65	248	183
OsSN3	NC_089045.1	96.491	114	3	1	2	115	16018306	16018194	2.00e-46	187	183
OsSN3	NC_089045.1	92.174	115	5	2	4	115	28983509	28983622	4.35e-38	159	183
OsSN3	NC_089045.1	93.137	102	6	1	11	112	6620018	6620118	9.42e-35	148	183
OsSN3	NC_089045.1	90.265	113	10	1	8	120	10956098	10955987	3.39e-34	147	183
OsSN3	NC_089045.1	93.478	92	5	1	29	120	28336696	28336786	7.33e-31	135	183
OsSN3	NC_089045.1	81.868	182	12	3	23	183	6524364	6524183	2.64e-30	134	183
OsSN3	NC_089045.1	91.667	96	7	1	14	109	18790712	18790806	9.48e-30	132	183
OsSN3	NC_089045.1	92.473	93	6	1	4	95	18927980	18928072	9.48e-30	132	183
OsSN3	NC_089045.1	89.130	92	7	3	95	183	17645852	17645943	1.24e-23	111	183
OsSN3	NC_089045.1	93.151	73	4	1	48	120	2688677	2688748	5.75e-22	106	183
OsSN3	NC_089045.1	87.654	81	7	3	106	183	8164348	8164428	1.61e-17	91.6	183
OsSN3	NC_089045.1	94.000	50	2	1	135	183	6370845	6370894	1.62e-12	75.0	183
OsSN3	NC_089045.1	91.071	56	3	1	104	157	16018184	16018129	1.62e-12	75.0	183
OsSN3	NC_089045.1	83.951	81	7	4	45	120	8846337	8846416	5.83e-12	73.1	183
OsSN3	NC_089041.1	92.935	184	12	1	1	183	17024764	17024947	2.49e-70	267	183
OsSN3	NC_089041.1	92.350	183	12	2	2	183	2006943	2006762	4.17e-68	259	183
OsSN3	NC_089041.1	90.761	184	14	3	2	183	28337902	28338084	4.20e-63	243	183
OsSN3	NC_089041.1	90.857	175	12	3	11	183	20589780	20589952	9.09e-60	231	183
OsSN3	NC_089041.1	89.617	183	17	2	2	183	27204378	27204197	9.09e-60	231	183
OsSN3	NC_089041.1	87.349	166	20	1	1	165	11078783	11078948	5.55e-47	189	183
OsSN3	NC_089041.1	84.804	204	8	10	3	183	19850422	19850219	2.58e-45	183	183
OsSN3	NC_089041.1	88.971	136	14	1	2	136	18603149	18603014	2.60e-40	167	183
OsSN3	NC_089041.1	83.590	195	11	9	10	183	4680193	4679999	3.36e-39	163	183
OsSN3	NC_089041.1	92.035	113	9	0	71	183	4098252	4098140	4.35e-38	159	183
OsSN3	NC_089041.1	83.626	171	23	3	14	183	25859388	25859222	5.63e-37	156	183
OsSN3	NC_089041.1	84.118	170	7	1	34	183	23161306	23161475	3.39e-34	147	183
OsSN3	NC_089041.1	90.351	114	6	4	3	112	266047	266159	1.22e-33	145	183
OsSN3	NC_089041.1	93.548	93	6	0	3	95	4208731	4208823	5.67e-32	139	183
OsSN3	NC_089041.1	92.553	94	5	2	16	109	19871831	19871922	2.64e-30	134	183
OsSN3	NC_089041.1	92.553	94	5	2	16	109	19933118	19933027	2.64e-30	134	183
OsSN3	NC_089041.1	86.842	114	12	2	3	113	3283804	3283917	1.59e-27	124	183
OsSN3	NC_089041.1	92.105	76	5	1	109	183	2415020	2414945	5.75e-22	106	183
OsSN3	NC_089041.1	92.000	75	6	0	98	172	17622038	17621964	5.75e-22	106	183
OsSN3	NC_089041.1	98.039	51	1	0	57	107	4098455	4098405	5.79e-17	89.8	183
OsSN3	NC_089041.1	93.443	61	3	1	124	183	21735028	21735088	5.79e-17	89.8	183
OsSN3	NC_089041.1	86.585	82	9	2	104	183	29149043	29148962	5.79e-17	89.8	183
OsSN3	NC_089041.1	77.128	188	20	13	4	183	7680887	7681059	2.08e-16	87.9	183
OsSN3	NC_089039.1	93.370	181	11	1	3	183	8641964	8641785	2.49e-70	267	183
OsSN3	NC_089039.1	91.257	183	15	1	2	183	11027067	11027249	9.02e-65	248	183
OsSN3	NC_089039.1	90.217	184	14	3	3	183	27042586	27042404	1.95e-61	237	183
OsSN3	NC_089039.1	89.375	160	16	1	25	183	6230857	6231016	2.56e-50	200	183
OsSN3	NC_089039.1	85.799	169	16	3	17	183	659335	659173	5.59e-42	172	183
OsSN3	NC_089039.1	91.525	118	6	4	68	183	18260607	18260722	4.35e-38	159	183
OsSN3	NC_089039.1	90.083	121	11	1	3	123	7515931	7515812	5.63e-37	156	183
OsSN3	NC_089039.1	91.071	112	8	2	3	114	10765570	10765461	2.62e-35	150	183
OsSN3	NC_089039.1	88.889	117	4	2	3	119	8419621	8419514	7.33e-31	135	183
OsSN3	NC_089039.1	89.130	92	8	2	92	183	21904624	21904535	3.43e-24	113	183
OsSN3	NC_089039.1	96.226	53	2	0	131	183	8418937	8418989	2.08e-16	87.9	183
OsSN3	NC_089039.1	84.615	78	8	3	107	182	22982692	22982617	1.62e-12	75.0	183
OsSN3	NC_089043.1	92.857	182	11	2	3	183	16544071	16544251	3.22e-69	263	183
OsSN3	NC_089043.1	90.110	182	17	1	2	183	20034266	20034086	7.03e-61	235	183
OsSN3	NC_089043.1	89.730	185	15	4	1	183	24751608	24751790	2.53e-60	233	183
OsSN3	NC_089043.1	87.952	166	18	2	19	183	26409431	26409267	1.19e-48	195	183
OsSN3	NC_089043.1	91.912	136	7	3	3	137	6558496	6558628	2.00e-46	187	183
OsSN3	NC_089043.1	85.106	188	11	5	12	182	23384244	23384057	4.32e-43	176	183
OsSN3	NC_089043.1	94.690	113	4	2	3	115	23313111	23313001	1.55e-42	174	183
OsSN3	NC_089043.1	93.694	111	6	1	3	113	16967532	16967641	9.35e-40	165	183
OsSN3	NC_089043.1	91.525	118	9	1	3	120	20746409	20746525	1.21e-38	161	183
OsSN3	NC_089043.1	92.727	110	7	1	3	112	15081378	15081270	1.56e-37	158	183
OsSN3	NC_089043.1	90.678	118	10	1	3	120	10234449	10234565	5.63e-37	156	183
OsSN3	NC_089043.1	93.333	105	5	2	9	112	12594539	12594436	2.02e-36	154	183
OsSN3	NC_089043.1	88.710	124	9	5	3	123	18725573	18725694	3.39e-34	147	183
OsSN3	NC_089043.1	89.381	113	11	1	3	115	23762581	23762470	1.58e-32	141	183
OsSN3	NC_089043.1	92.222	90	6	1	95	183	24385358	24385269	4.41e-28	126	183
OsSN3	NC_089043.1	93.750	80	5	0	104	183	12476017	12476096	2.05e-26	121	183
OsSN3	NC_089043.1	90.476	84	8	0	21	104	10934407	10934490	1.24e-23	111	183
OsSN3	NC_089043.1	93.548	62	3	1	122	183	20746549	20746609	1.61e-17	91.6	183
OsSN3	NC_089043.1	92.453	53	3	1	10	62	17240928	17240877	1.62e-12	75.0	183
OsSN3	NC_089042.1	93.678	174	11	0	10	183	22558	22385	1.16e-68	261	183
OsSN3	NC_089042.1	92.350	183	12	2	2	183	8320773	8320592	4.17e-68	259	183
OsSN3	NC_089042.1	91.257	183	15	1	2	183	26272301	26272119	9.02e-65	248	183
OsSN3	NC_089042.1	91.617	167	12	2	18	183	4527322	4527157	3.27e-59	230	183
OsSN3	NC_089042.1	88.701	177	17	3	9	183	128099	127924	3.29e-54	213	183
OsSN3	NC_089042.1	87.363	182	22	1	1	182	9122881	9123061	1.53e-52	207	183
OsSN3	NC_089042.1	87.027	185	19	4	3	183	24442606	24442423	1.98e-51	204	183
OsSN3	NC_089042.1	88.889	162	12	1	2	157	27327518	27327679	1.19e-48	195	183
OsSN3	NC_089042.1	94.915	118	4	2	3	120	25346679	25346794	2.58e-45	183	183
OsSN3	NC_089042.1	92.063	126	5	5	61	183	22629824	22629701	5.59e-42	172	183
OsSN3	NC_089042.1	83.333	204	10	9	3	183	4404516	4404718	2.60e-40	167	183
OsSN3	NC_089042.1	92.727	110	7	1	5	114	15090301	15090193	1.56e-37	158	183
OsSN3	NC_089042.1	81.773	203	15	2	3	183	17598869	17598667	2.62e-35	150	183
OsSN3	NC_089042.1	90.000	110	10	1	3	112	24944818	24944710	1.58e-32	141	183
OsSN3	NC_089042.1	90.654	107	7	1	1	104	11485051	11485157	5.67e-32	139	183
OsSN3	NC_089042.1	88.596	114	11	2	71	183	11390290	11390178	2.04e-31	137	183
OsSN3	NC_089042.1	80.808	198	15	3	9	183	16443678	16443481	2.64e-30	134	183
OsSN3	NC_089042.1	78.873	213	12	12	3	183	4423376	4423165	3.43e-24	113	183
OsSN3	NC_089042.1	87.805	82	10	0	21	102	2199182	2199263	3.46e-19	97.1	183
OsSN3	NC_089042.1	93.220	59	4	0	125	183	5463640	5463582	2.08e-16	87.9	183
OsSN3	NC_089046.1	92.350	183	12	2	2	183	26962507	26962326	4.17e-68	259	183
OsSN3	NC_089046.1	92.121	165	12	1	15	178	26537457	26537621	9.09e-60	231	183
OsSN3	NC_089046.1	95.683	139	4	2	46	183	1397178	1397041	5.47e-57	222	183
OsSN3	NC_089046.1	88.525	183	16	4	4	183	18007590	18007770	2.54e-55	217	183
OsSN3	NC_089046.1	84.699	183	19	7	3	183	26614418	26614593	1.55e-42	174	183
OsSN3	NC_089046.1	84.080	201	9	5	4	183	25031037	25030839	5.59e-42	172	183
OsSN3	NC_089046.1	90.756	119	9	2	3	120	19286540	19286423	1.56e-37	158	183
OsSN3	NC_089046.1	88.095	126	14	1	3	128	21462864	21462740	9.42e-35	148	183
OsSN3	NC_089046.1	79.688	192	27	9	3	183	4474605	4474415	1.23e-28	128	183
OsSN3	NC_089046.1	82.946	129	17	4	2	125	17547129	17547257	1.24e-23	111	183
OsSN3	NC_089046.1	87.778	90	10	1	95	183	19456866	19456777	2.07e-21	104	183
OsSN3	NC_089046.1	95.000	60	3	0	123	182	14109338	14109279	1.24e-18	95.3	183
OsSN3	NC_089044.1	92.350	183	12	2	2	183	3570355	3570536	4.17e-68	259	183
OsSN3	NC_089044.1	91.713	181	9	4	8	183	14932474	14932653	3.25e-64	246	183
OsSN3	NC_089044.1	85.876	177	25	0	7	183	20535156	20534980	5.55e-47	189	183
OsSN3	NC_089044.1	91.111	135	11	1	48	182	16078215	16078348	9.28e-45	182	183
OsSN3	NC_089044.1	92.373	118	8	1	3	120	11150911	11151027	2.60e-40	167	183
OsSN3	NC_089044.1	100.000	78	0	0	1	78	1886181	1886258	1.22e-33	145	183
OsSN3	NC_089044.1	81.818	198	11	6	9	183	4466864	4466669	4.38e-33	143	183
OsSN3	NC_089044.1	83.562	146	14	6	45	183	12317065	12317207	1.23e-28	128	183
OsSN3	NC_089044.1	86.364	110	14	1	3	112	15635763	15635871	7.38e-26	119	183
OsSN3	NC_089040.1	92.614	176	11	2	9	183	31978848	31979022	6.98e-66	252	183
OsSN3	NC_089040.1	93.750	160	8	2	25	183	6835915	6836073	5.43e-62	239	183
OsSN3	NC_089040.1	93.082	159	9	2	26	183	1611475	1611632	9.09e-60	231	183
OsSN3	NC_089040.1	84.409	186	6	7	20	183	18137531	18137715	1.21e-38	161	183
OsSN3	NC_089040.1	89.516	124	13	0	2	125	20616030	20615907	1.56e-37	158	183
OsSN3	NC_089040.1	88.550	131	13	2	54	183	32055270	32055399	1.56e-37	158	183
OsSN3	NC_089040.1	89.216	102	10	1	1	102	25648265	25648365	4.41e-28	126	183
OsSN3	NC_089040.1	80.435	184	14	10	21	183	6761021	6760839	2.05e-26	121	183
OsSN3	NC_089040.1	96.610	59	2	0	125	183	20724171	20724113	9.62e-20	99.0	183
OsSN3	NC_089036.1	91.667	180	15	0	4	183	5912879	5913058	2.51e-65	250	183
OsSN3	NC_089036.1	91.379	174	13	1	12	183	2984361	2984534	1.95e-61	237	183
OsSN3	NC_089036.1	90.110	182	15	3	3	183	30487651	30487472	2.53e-60	233	183
OsSN3	NC_089036.1	89.385	179	17	2	7	183	6284450	6284272	1.52e-57	224	183
OsSN3	NC_089036.1	95.161	124	6	0	2	125	22241850	22241973	3.32e-49	196	183
OsSN3	NC_089036.1	94.643	112	4	2	4	115	26615571	26615462	5.59e-42	172	183
OsSN3	NC_089036.1	88.571	140	13	2	42	179	34485300	34485438	2.60e-40	167	183
OsSN3	NC_089036.1	91.525	118	9	1	3	120	25866762	25866646	1.21e-38	161	183
OsSN3	NC_089036.1	82.000	200	17	6	3	183	18734720	18734919	7.28e-36	152	183
OsSN3	NC_089036.1	88.281	128	11	3	59	183	34712775	34712649	2.62e-35	150	183
OsSN3	NC_089036.1	87.903	124	14	1	1	123	18074804	18074927	1.22e-33	145	183
OsSN3	NC_089036.1	92.708	96	6	1	88	183	13194093	13193999	2.04e-31	137	183
OsSN3	NC_089036.1	81.183	186	21	7	3	183	16504962	16505138	2.04e-31	137	183
OsSN3	NC_089036.1	87.368	95	11	1	90	183	24146317	24146411	1.60e-22	108	183
OsSN3	NC_089036.1	88.060	67	7	1	95	160	22301208	22301142	1.25e-13	78.7	183
OsSN3	NC_089037.1	89.011	182	20	0	2	183	29277233	29277414	4.23e-58	226	183
OsSN3	NC_089037.1	92.308	143	9	2	42	183	16079415	16079274	7.13e-51	202	183
OsSN3	NC_089037.1	87.975	158	16	3	28	183	33999680	33999836	2.58e-45	183	183
OsSN3	NC_089037.1	94.872	117	4	2	3	119	11612106	11612220	9.28e-45	182	183
OsSN3	NC_089037.1	88.816	152	10	2	1	146	13369378	13369528	3.34e-44	180	183
OsSN3	NC_089037.1	84.615	182	21	5	3	183	3325074	3325249	1.55e-42	174	183
OsSN3	NC_089037.1	94.643	112	5	1	3	114	2895384	2895274	5.59e-42	172	183
OsSN3	NC_089037.1	89.831	118	11	1	3	120	27881138	27881022	2.62e-35	150	183
OsSN3	NC_089037.1	97.222	72	1	1	112	183	27104400	27104470	2.05e-26	121	183
OsSN3	NC_089037.1	91.892	74	5	1	94	166	2895273	2895200	7.44e-21	102	183
OsSN3	NC_089038.1	87.356	174	21	1	11	183	4582702	4582529	9.22e-50	198	183
OsSN3	NC_089038.1	87.222	180	14	4	3	181	20288176	20288347	3.32e-49	196	183
OsSN3	NC_089038.1	86.047	129	11	3	56	183	17564670	17564792	9.48e-30	132	183
OsSN3	NC_089038.1	80.000	200	20	9	4	183	8900033	8899834	3.41e-29	130	183
OsSN3	NC_089038.1	88.060	67	5	1	114	180	31577857	31577794	4.51e-13	76.8	183
SINE9_OS	NC_089046.1	99.317	293	2	0	1	293	8868355	8868063	1.36e-149	531	293
SINE9_OS	NC_089046.1	98.969	291	3	0	3	293	1994153	1994443	8.19e-147	521	293
SINE9_OS	NC_089046.1	95.322	171	8	0	122	292	17681364	17681194	9.11e-72	272	293
SINE9_OS	NC_089046.1	98.052	154	3	0	1	154	3166500	3166347	1.18e-70	268	293
SINE9_OS	NC_089046.1	87.895	190	14	7	107	291	16208690	16208875	1.56e-54	215	293
SINE9_OS	NC_089046.1	83.784	185	25	3	57	241	14894215	14894036	3.42e-41	171	293
SINE9_OS	NC_089046.1	85.119	168	21	4	107	273	3629899	3630063	1.23e-40	169	293
SINE9_OS	NC_089046.1	98.734	79	1	0	175	253	3770503	3770425	2.68e-32	141	293
SINE9_OS	NC_089046.1	87.200	125	9	6	90	210	5506756	5506877	1.25e-30	135	293
SINE9_OS	NC_089046.1	97.183	71	2	0	1	71	21732630	21732560	3.49e-26	121	293
SINE9_OS	NC_089046.1	98.387	62	1	0	107	168	22156838	22156899	7.56e-23	110	293
SINE9_OS	NC_089046.1	100.000	57	0	0	107	163	25762630	25762686	9.77e-22	106	293
SINE9_OS	NC_089046.1	82.906	117	13	5	113	223	9075276	9075391	1.64e-19	99.0	293
SINE9_OS	NC_089046.1	89.610	77	8	0	2	78	17873462	17873386	1.64e-19	99.0	293
SINE9_OS	NC_089046.1	84.615	104	6	3	14	117	14894306	14894213	2.12e-18	95.3	293
SINE9_OS	NC_089046.1	84.783	92	12	2	40	130	329243	329153	2.74e-17	91.6	293
SINE9_OS	NC_089046.1	97.778	45	1	0	106	150	434115	434159	2.13e-13	78.7	293
SINE9_OS	NC_089036.1	98.625	291	2	1	3	293	9141485	9141197	1.37e-144	514	293
SINE9_OS	NC_089036.1	93.450	229	13	1	1	229	26780394	26780620	8.85e-92	339	293
SINE9_OS	NC_089036.1	98.256	172	2	1	1	172	23576269	23576439	4.18e-80	300	293
SINE9_OS	NC_089036.1	92.935	184	12	1	8	191	7175308	7175490	4.24e-70	267	293
SINE9_OS	NC_089036.1	84.444	270	37	2	22	291	6102857	6102593	1.97e-68	261	293
SINE9_OS	NC_089036.1	87.264	212	19	3	3	214	2228140	2228343	1.19e-60	235	293
SINE9_OS	NC_089036.1	92.857	140	10	0	154	293	34484620	34484481	3.37e-51	204	293
SINE9_OS	NC_089036.1	85.106	188	22	5	107	291	17157832	17157648	3.39e-46	187	293
SINE9_OS	NC_089036.1	84.865	185	28	0	12	196	29712926	29712742	3.39e-46	187	293
SINE9_OS	NC_089036.1	93.860	114	7	0	179	292	5210606	5210719	9.50e-42	172	293
SINE9_OS	NC_089036.1	90.226	133	9	3	107	236	16153136	16153005	3.42e-41	171	293
SINE9_OS	NC_089036.1	88.276	145	12	4	107	247	1761515	1761372	1.23e-40	169	293
SINE9_OS	NC_089036.1	88.489	139	15	1	3	141	31808779	31808642	4.42e-40	167	293
SINE9_OS	NC_089036.1	98.864	88	1	0	206	293	23576441	23576528	2.66e-37	158	293
SINE9_OS	NC_089036.1	90.678	118	7	3	107	221	8978420	8978536	3.44e-36	154	293
SINE9_OS	NC_089036.1	97.701	87	2	0	162	248	7175898	7175984	4.45e-35	150	293
SINE9_OS	NC_089036.1	88.333	120	13	1	58	177	15858818	15858700	7.45e-33	143	293
SINE9_OS	NC_089036.1	92.079	101	4	1	133	229	7175491	7175591	9.64e-32	139	293
SINE9_OS	NC_089036.1	87.302	126	11	3	107	229	26128060	26127937	9.64e-32	139	293
SINE9_OS	NC_089036.1	83.333	144	18	4	102	240	21831577	21831719	2.09e-28	128	293
SINE9_OS	NC_089036.1	98.571	70	1	0	179	248	7175800	7175869	2.70e-27	124	293
SINE9_OS	NC_089036.1	95.714	70	3	0	179	248	7175658	7175727	5.84e-24	113	293
SINE9_OS	NC_089036.1	87.234	94	12	0	1	94	11681400	11681307	2.72e-22	108	293
SINE9_OS	NC_089036.1	83.636	110	16	1	184	293	7382587	7382694	1.26e-20	102	293
SINE9_OS	NC_089036.1	90.541	74	4	2	90	162	3996322	3996393	2.12e-18	95.3	293
SINE9_OS	NC_089036.1	96.491	57	2	0	102	158	11179514	11179458	2.12e-18	95.3	293
SINE9_OS	NC_089036.1	96.491	57	2	0	102	158	11179616	11179560	2.12e-18	95.3	293
SINE9_OS	NC_089036.1	100.000	46	0	0	162	207	7175756	7175801	1.27e-15	86.1	293
SINE9_OS	NC_089036.1	78.322	143	21	6	150	289	32800577	32800442	4.58e-15	84.2	293
SINE9_OS	NC_089036.1	100.000	38	0	0	107	144	26128866	26128829	3.57e-11	71.3	293
SINE9_OS	NC_089042.1	97.611	293	6	1	1	293	9194333	9194624	1.07e-140	501	293
SINE9_OS	NC_089042.1	97.270	293	8	0	1	293	7750721	7750429	1.38e-139	497	293
SINE9_OS	NC_089042.1	96.818	220	7	0	1	220	15566961	15566742	1.13e-100	368	293
SINE9_OS	NC_089042.1	95.023	221	11	0	1	221	14858400	14858180	1.47e-94	348	293
SINE9_OS	NC_089042.1	98.225	169	2	1	123	291	24490250	24490083	1.94e-78	294	293
SINE9_OS	NC_089042.1	95.031	161	8	0	1	161	9345285	9345445	3.30e-66	254	293
SINE9_OS	NC_089042.1	98.582	141	2	0	3	143	26180521	26180661	4.27e-65	250	293
SINE9_OS	NC_089042.1	92.045	176	14	0	1	176	3605828	3606003	1.53e-64	248	293
SINE9_OS	NC_089042.1	99.206	126	1	0	168	293	15566530	15566405	2.00e-58	228	293
SINE9_OS	NC_089042.1	87.895	190	17	4	107	292	22172453	22172266	1.20e-55	219	293
SINE9_OS	NC_089042.1	97.619	126	1	1	170	293	15566741	15566616	1.56e-54	215	293
SINE9_OS	NC_089042.1	85.789	190	18	7	107	291	1355697	1355882	7.29e-48	193	293
SINE9_OS	NC_089042.1	95.575	113	2	1	1	113	15454760	15454651	2.04e-43	178	293
SINE9_OS	NC_089042.1	78.547	289	43	10	1	289	23096772	23097041	9.50e-42	172	293
SINE9_OS	NC_089042.1	83.422	187	27	4	107	292	16425307	16425124	3.42e-41	171	293
SINE9_OS	NC_089042.1	81.081	222	31	8	1	217	16523084	16522869	4.42e-40	167	293
SINE9_OS	NC_089042.1	96.970	99	1	1	193	291	26180658	26180754	1.59e-39	165	293
SINE9_OS	NC_089042.1	93.519	108	7	0	185	292	17373923	17373816	2.06e-38	161	293
SINE9_OS	NC_089042.1	91.379	116	8	2	107	221	19033284	19033398	2.66e-37	158	293
SINE9_OS	NC_089042.1	89.167	120	12	1	1	119	3226209	3226090	1.60e-34	148	293
SINE9_OS	NC_089042.1	82.123	179	25	5	107	279	9153072	9152895	5.76e-34	147	293
SINE9_OS	NC_089042.1	88.618	123	9	4	102	221	7653768	7653888	2.07e-33	145	293
SINE9_OS	NC_089042.1	78.673	211	30	9	83	290	9650779	9650581	7.50e-28	126	293
SINE9_OS	NC_089042.1	94.366	71	3	1	118	187	23259550	23259620	2.72e-22	108	293
SINE9_OS	NC_089042.1	83.036	112	19	0	59	170	6316100	6315989	1.26e-20	102	293
SINE9_OS	NC_089042.1	98.246	57	1	0	107	163	20367917	20367861	4.55e-20	100	293
SINE9_OS	NC_089042.1	90.741	54	5	0	107	160	1294347	1294294	9.91e-12	73.1	293
SINE9_OS	NC_089045.1	96.233	292	11	0	1	292	20622167	20621876	5.00e-134	479	293
SINE9_OS	NC_089045.1	96.269	268	10	0	25	292	17776919	17776652	2.36e-122	440	293
SINE9_OS	NC_089045.1	99.034	207	1	1	1	207	5983904	5984109	3.14e-101	370	293
SINE9_OS	NC_089045.1	90.449	178	17	0	92	269	18368014	18367837	1.19e-60	235	293
SINE9_OS	NC_089045.1	88.360	189	15	5	107	290	6477775	6477589	3.35e-56	220	293
SINE9_OS	NC_089045.1	87.895	190	16	5	107	291	6513665	6513852	4.33e-55	217	293
SINE9_OS	NC_089045.1	85.714	210	20	6	90	293	7347986	7348191	5.60e-54	213	293
SINE9_OS	NC_089045.1	87.113	194	15	7	107	292	27177363	27177172	2.01e-53	211	293
SINE9_OS	NC_089045.1	86.842	190	17	6	107	291	10163483	10163669	9.37e-52	206	293
SINE9_OS	NC_089045.1	85.165	182	19	6	115	291	26346659	26346481	5.68e-44	180	293
SINE9_OS	NC_089045.1	84.302	172	22	4	107	275	4426207	4426376	5.72e-39	163	293
SINE9_OS	NC_089045.1	85.185	135	18	2	110	243	8758215	8758082	3.47e-31	137	293
SINE9_OS	NC_089045.1	87.302	126	9	6	107	229	24908846	24908725	3.47e-31	137	293
SINE9_OS	NC_089045.1	86.290	124	16	1	65	188	9449571	9449693	4.48e-30	134	293
SINE9_OS	NC_089045.1	83.916	143	4	5	149	291	5984749	5984872	1.26e-25	119	293
SINE9_OS	NC_089045.1	90.805	87	5	2	107	190	27177464	27177378	5.84e-24	113	293
SINE9_OS	NC_089045.1	100.000	59	0	0	149	207	5984178	5984236	7.56e-23	110	293
SINE9_OS	NC_089045.1	95.588	68	3	0	104	171	28481618	28481551	7.56e-23	110	293
SINE9_OS	NC_089045.1	82.258	124	16	4	107	225	11739825	11739947	1.26e-20	102	293
SINE9_OS	NC_089045.1	91.667	72	6	0	104	175	16554375	16554446	4.55e-20	100	293
SINE9_OS	NC_089045.1	94.915	59	3	0	149	207	5984301	5984359	7.61e-18	93.5	293
SINE9_OS	NC_089045.1	91.667	60	5	0	1	60	18368072	18368013	4.58e-15	84.2	293
SINE9_OS	NC_089045.1	85.915	71	8	2	1	70	24266822	24266891	2.76e-12	75.0	293
SINE9_OS	NC_089045.1	93.878	49	1	1	1	47	29855572	29855524	9.91e-12	73.1	293
SINE9_OS	NC_089043.1	98.846	260	3	0	1	260	14413454	14413195	1.40e-129	464	293
SINE9_OS	NC_089043.1	86.738	279	11	2	16	293	6113918	6114171	3.25e-76	287	293
SINE9_OS	NC_089043.1	90.566	212	16	1	4	211	22069489	22069700	1.96e-73	278	293
SINE9_OS	NC_089043.1	84.091	264	41	1	2	264	9362881	9363144	3.30e-66	254	293
SINE9_OS	NC_089043.1	86.829	205	27	0	1	205	9363299	9363503	5.56e-59	230	293
SINE9_OS	NC_089043.1	95.172	145	7	0	101	245	21270595	21270739	5.56e-59	230	293
SINE9_OS	NC_089043.1	87.895	190	15	6	107	291	4857157	4856971	4.33e-55	217	293
SINE9_OS	NC_089043.1	96.800	125	4	0	1	125	26113762	26113886	7.24e-53	209	293
SINE9_OS	NC_089043.1	86.458	192	18	6	107	293	6036910	6037098	3.37e-51	204	293
SINE9_OS	NC_089043.1	86.772	189	17	6	107	290	23503403	23503588	3.37e-51	204	293
SINE9_OS	NC_089043.1	86.096	187	21	5	109	292	9515092	9515276	5.64e-49	196	293
SINE9_OS	NC_089043.1	85.417	192	21	5	107	293	18531922	18531733	7.29e-48	193	293
SINE9_OS	NC_089043.1	87.209	172	15	4	108	278	15945717	15945882	9.44e-47	189	293
SINE9_OS	NC_089043.1	96.491	114	3	1	3	116	21993477	21993365	3.39e-46	187	293
SINE9_OS	NC_089043.1	84.343	198	22	6	99	290	25409963	25409769	1.22e-45	185	293
SINE9_OS	NC_089043.1	90.977	133	9	2	156	288	19250220	19250349	7.35e-43	176	293
SINE9_OS	NC_089043.1	85.000	180	18	6	107	279	16660381	16660204	2.64e-42	174	293
SINE9_OS	NC_089043.1	83.010	206	13	10	107	292	13885922	13886125	4.42e-40	167	293
SINE9_OS	NC_089043.1	77.736	265	42	10	25	288	12056411	12056659	5.76e-34	147	293
SINE9_OS	NC_089043.1	87.379	103	9	3	90	190	9325814	9325714	1.62e-24	115	293
SINE9_OS	NC_089043.1	96.429	56	2	0	61	116	21993344	21993289	7.61e-18	93.5	293
SINE9_OS	NC_089043.1	96.154	52	1	1	240	291	21285166	21285216	4.58e-15	84.2	293
SINE9_OS	NC_089041.1	95.533	291	12	1	1	291	11410643	11410932	1.40e-129	464	293
SINE9_OS	NC_089041.1	92.857	294	20	1	1	293	15511773	15511480	6.61e-118	425	293
SINE9_OS	NC_089041.1	94.757	267	13	1	25	291	20390225	20389960	1.43e-114	414	293
SINE9_OS	NC_089041.1	95.455	176	8	0	1	176	28235194	28235019	1.51e-74	281	293
SINE9_OS	NC_089041.1	98.000	150	3	0	1	150	2363084	2363233	1.97e-68	261	293
SINE9_OS	NC_089041.1	89.062	192	14	5	107	293	5423694	5423883	1.55e-59	231	293
SINE9_OS	NC_089041.1	88.542	192	15	5	107	293	4359578	4359767	7.19e-58	226	293
SINE9_OS	NC_089041.1	84.649	228	33	2	3	229	9369861	9369635	7.19e-58	226	293
SINE9_OS	NC_089041.1	87.817	197	15	1	1	197	3804811	3804624	9.30e-57	222	293
SINE9_OS	NC_089041.1	94.574	129	6	1	164	292	23931978	23932105	1.57e-49	198	293
SINE9_OS	NC_089041.1	89.474	152	15	1	61	212	14908515	14908665	2.62e-47	191	293
SINE9_OS	NC_089041.1	85.955	178	15	6	124	293	21939540	21939365	1.58e-44	182	293
SINE9_OS	NC_089041.1	95.699	93	4	0	1	93	17812495	17812587	4.45e-35	150	293
SINE9_OS	NC_089041.1	83.735	166	20	6	130	291	19391994	19391832	4.45e-35	150	293
SINE9_OS	NC_089041.1	91.071	112	6	3	107	215	19392262	19392152	1.60e-34	148	293
SINE9_OS	NC_089041.1	91.509	106	5	3	107	209	22212878	22212982	7.45e-33	143	293
SINE9_OS	NC_089041.1	100.000	63	0	0	231	293	7177417	7177355	4.52e-25	117	293
SINE9_OS	NC_089041.1	98.387	62	1	0	107	168	21939615	21939554	7.56e-23	110	293
SINE9_OS	NC_089041.1	98.361	61	1	0	107	167	24525879	24525819	2.72e-22	108	293
SINE9_OS	NC_089037.1	94.863	292	15	0	1	292	12967843	12968134	2.34e-127	457	293
SINE9_OS	NC_089037.1	89.778	225	16	4	3	224	16861326	16861106	1.51e-74	281	293
SINE9_OS	NC_089037.1	93.182	176	12	0	84	259	7863667	7863842	7.09e-68	259	293
SINE9_OS	NC_089037.1	88.128	219	17	4	75	289	24839936	24839723	1.19e-65	252	293
SINE9_OS	NC_089037.1	90.761	184	16	1	109	292	23796636	23796818	1.99e-63	244	293
SINE9_OS	NC_089037.1	86.463	229	15	1	1	229	27018896	27019108	3.32e-61	237	293
SINE9_OS	NC_089037.1	96.350	137	3	2	158	293	26449932	26449797	2.59e-57	224	293
SINE9_OS	NC_089037.1	87.047	193	17	6	107	293	26647468	26647658	2.01e-53	211	293
SINE9_OS	NC_089037.1	86.772	189	21	4	107	293	21124734	21124920	2.60e-52	207	293
SINE9_OS	NC_089037.1	97.414	116	3	0	177	292	8086378	8086493	1.57e-49	198	293
SINE9_OS	NC_089037.1	81.857	237	39	2	58	291	7017656	7017421	5.64e-49	196	293
SINE9_OS	NC_089037.1	84.656	189	21	6	108	291	25029033	25029218	1.58e-44	182	293
SINE9_OS	NC_089037.1	89.928	139	13	1	80	218	34221853	34221990	2.04e-43	178	293
SINE9_OS	NC_089037.1	84.239	184	21	7	1	179	23549165	23548985	9.50e-42	172	293
SINE9_OS	NC_089037.1	85.987	157	21	1	1	157	21633752	21633597	4.42e-40	167	293
SINE9_OS	NC_089037.1	84.906	159	21	3	101	258	28939002	28939158	2.66e-37	158	293
SINE9_OS	NC_089037.1	85.906	149	17	4	108	255	21906995	21906850	9.57e-37	156	293
SINE9_OS	NC_089037.1	81.347	193	25	8	107	290	17081295	17081105	5.76e-34	147	293
SINE9_OS	NC_089037.1	82.639	144	19	2	3	140	13289235	13289092	9.71e-27	122	293
SINE9_OS	NC_089037.1	91.765	85	7	0	133	217	3623686	3623602	1.26e-25	119	293
SINE9_OS	NC_089037.1	95.775	71	3	0	1	71	10690673	10690603	1.62e-24	115	293
SINE9_OS	NC_089037.1	87.654	81	9	1	101	180	29745033	29745113	7.61e-18	93.5	293
SINE9_OS	NC_089037.1	85.227	88	10	3	104	189	33425418	33425332	3.54e-16	87.9	293
SINE9_OS	NC_089037.1	87.143	70	4	2	178	247	8414675	8414611	2.76e-12	75.0	293
SINE9_OS	NC_089044.1	94.828	290	13	1	1	290	18079371	18079658	1.09e-125	451	293
SINE9_OS	NC_089044.1	96.512	258	9	0	36	293	17310657	17310914	1.84e-118	427	293
SINE9_OS	NC_089044.1	96.444	225	8	0	1	225	4322302	4322526	8.73e-102	372	293
SINE9_OS	NC_089044.1	95.982	224	9	0	1	224	18122982	18122759	1.46e-99	364	293
SINE9_OS	NC_089044.1	98.438	192	3	0	1	192	14630725	14630916	8.85e-92	339	293
SINE9_OS	NC_089044.1	98.413	189	3	0	105	293	14678723	14678911	4.12e-90	333	293
SINE9_OS	NC_089044.1	98.214	168	3	0	1	168	14619317	14619150	1.94e-78	294	293
SINE9_OS	NC_089044.1	90.355	197	9	5	99	293	10139689	10139877	4.27e-65	250	293
SINE9_OS	NC_089044.1	89.062	192	14	5	107	293	6891914	6891725	1.55e-59	231	293
SINE9_OS	NC_089044.1	96.875	128	4	0	162	289	17158558	17158685	1.56e-54	215	293
SINE9_OS	NC_089044.1	86.316	190	16	7	107	291	22696604	22696788	1.57e-49	198	293
SINE9_OS	NC_089044.1	84.615	208	21	8	90	291	10019349	10019551	5.64e-49	196	293
SINE9_OS	NC_089044.1	85.340	191	22	5	107	293	5857977	5857789	7.29e-48	193	293
SINE9_OS	NC_089044.1	93.701	127	6	1	167	293	4322588	4322712	9.44e-47	189	293
SINE9_OS	NC_089044.1	91.429	140	8	3	107	243	14732301	14732163	9.44e-47	189	293
SINE9_OS	NC_089044.1	88.591	149	14	3	144	291	17531351	17531205	2.04e-43	178	293
SINE9_OS	NC_089044.1	84.066	182	29	0	3	184	21574929	21575110	7.35e-43	176	293
SINE9_OS	NC_089044.1	85.057	174	21	4	107	277	10809939	10810110	9.50e-42	172	293
SINE9_OS	NC_089044.1	85.890	163	20	3	1	162	20151378	20151538	3.42e-41	171	293
SINE9_OS	NC_089044.1	84.932	146	13	6	90	229	15073667	15073525	9.64e-32	139	293
SINE9_OS	NC_089044.1	88.119	101	8	3	107	204	17077531	17077630	4.52e-25	117	293
SINE9_OS	NC_089044.1	83.761	117	18	1	3	119	1308020	1308135	7.56e-23	110	293
SINE9_OS	NC_089044.1	95.161	62	1	2	233	293	7102723	7102663	5.88e-19	97.1	293
SINE9_OS	NC_089044.1	97.917	48	1	0	1	48	7912167	7912214	4.58e-15	84.2	293
SINE9_OS	NC_089035.1	94.502	291	11	3	1	291	19903444	19903729	1.82e-123	444	293
SINE9_OS	NC_089035.1	95.094	265	10	3	30	293	43404040	43404302	1.43e-114	414	293
SINE9_OS	NC_089035.1	95.633	229	10	0	65	293	4453157	4453385	1.13e-100	368	293
SINE9_OS	NC_089035.1	94.737	228	10	1	1	228	1298487	1298712	3.16e-96	353	293
SINE9_OS	NC_089035.1	89.451	237	20	2	1	237	7740204	7739973	1.94e-78	294	293
SINE9_OS	NC_089035.1	96.835	158	5	0	136	293	19558682	19558525	1.52e-69	265	293
SINE9_OS	NC_089035.1	97.842	139	3	0	1	139	2512832	2512694	2.57e-62	241	293
SINE9_OS	NC_089035.1	88.832	197	14	6	101	292	13897167	13897360	1.19e-60	235	293
SINE9_OS	NC_089035.1	88.108	185	15	5	107	286	10594346	10594164	5.60e-54	213	293
SINE9_OS	NC_089035.1	85.366	205	30	0	1	205	35332567	35332363	5.60e-54	213	293
SINE9_OS	NC_089035.1	87.701	187	16	5	108	289	26300783	26300967	2.01e-53	211	293
SINE9_OS	NC_089035.1	86.979	192	18	5	107	293	28340869	28340680	7.24e-53	209	293
SINE9_OS	NC_089035.1	83.550	231	27	4	1	221	16252890	16252661	9.37e-52	206	293
SINE9_OS	NC_089035.1	85.417	192	20	6	107	293	42722714	42722902	7.29e-48	193	293
SINE9_OS	NC_089035.1	85.340	191	19	7	108	291	6567305	6567493	9.44e-47	189	293
SINE9_OS	NC_089035.1	85.263	190	19	7	108	292	13898335	13898520	3.39e-46	187	293
SINE9_OS	NC_089035.1	83.333	198	32	1	4	201	16035482	16035678	1.58e-44	182	293
SINE9_OS	NC_089035.1	90.511	137	13	0	83	219	27121994	27122130	1.58e-44	182	293
SINE9_OS	NC_089035.1	84.293	191	22	6	107	293	2552553	2552739	5.68e-44	180	293
SINE9_OS	NC_089035.1	90.580	138	9	3	107	241	22507858	22507722	5.68e-44	180	293
SINE9_OS	NC_089035.1	84.659	176	21	5	107	278	37734363	37734190	3.42e-41	171	293
SINE9_OS	NC_089035.1	96.154	104	4	0	190	293	38249901	38250004	3.42e-41	171	293
SINE9_OS	NC_089035.1	83.158	190	20	6	107	293	9030656	9030836	5.72e-39	163	293
SINE9_OS	NC_089035.1	83.333	192	17	7	101	290	27331817	27331995	5.72e-39	163	293
SINE9_OS	NC_089035.1	94.059	101	6	0	192	292	7739974	7739874	3.44e-36	154	293
SINE9_OS	NC_089035.1	87.500	136	14	3	107	240	18321716	18321850	3.44e-36	154	293
SINE9_OS	NC_089035.1	90.678	118	7	3	107	221	27660241	27660357	3.44e-36	154	293
SINE9_OS	NC_089035.1	90.678	118	7	3	107	221	29753853	29753969	3.44e-36	154	293
SINE9_OS	NC_089035.1	93.407	91	6	0	202	292	7739868	7739778	1.25e-30	135	293
SINE9_OS	NC_089035.1	87.097	124	8	6	107	224	2870099	2869978	4.48e-30	134	293
SINE9_OS	NC_089035.1	84.559	136	19	2	155	290	7863749	7863616	4.48e-30	134	293
SINE9_OS	NC_089035.1	96.154	78	3	0	1	78	25310009	25310086	2.09e-28	128	293
SINE9_OS	NC_089035.1	90.805	87	5	2	107	190	23437035	23436949	5.84e-24	113	293
SINE9_OS	NC_089035.1	90.805	87	5	2	107	190	23437297	23437211	5.84e-24	113	293
SINE9_OS	NC_089035.1	88.235	85	6	2	140	221	29754022	29754105	1.64e-19	99.0	293
SINE9_OS	NC_089035.1	78.322	143	27	2	1	142	24331521	24331660	9.84e-17	89.8	293
SINE9_OS	NC_089035.1	94.737	57	3	0	131	187	29968311	29968367	9.84e-17	89.8	293
SINE9_OS	NC_089035.1	96.000	50	1	1	176	225	7739748	7739700	5.92e-14	80.5	293
SINE9_OS	NC_089039.1	93.399	303	8	9	3	293	6285615	6285313	8.49e-122	438	293
SINE9_OS	NC_089039.1	96.386	249	9	0	1	249	135302	135550	1.85e-113	411	293
SINE9_OS	NC_089039.1	96.281	242	9	0	23	264	28639299	28639058	1.44e-109	398	293
SINE9_OS	NC_089039.1	95.851	241	10	0	52	292	20249176	20249416	2.41e-107	390	293
SINE9_OS	NC_089039.1	95.111	225	10	1	67	291	20772843	20773066	3.16e-96	353	293
SINE9_OS	NC_089039.1	95.261	211	10	0	1	211	20772453	20772663	1.15e-90	335	293
SINE9_OS	NC_089039.1	95.918	147	6	0	3	149	20472697	20472551	9.24e-62	239	293
SINE9_OS	NC_089039.1	94.595	148	8	0	56	203	20772658	20772805	5.56e-59	230	293
SINE9_OS	NC_089039.1	83.843	229	36	1	1	229	2935956	2936183	4.33e-55	217	293
SINE9_OS	NC_089039.1	97.500	120	3	0	171	290	20472373	20472254	9.37e-52	206	293
SINE9_OS	NC_089039.1	86.154	195	20	6	101	292	6282176	6282366	3.37e-51	204	293
SINE9_OS	NC_089039.1	95.000	120	6	0	1	120	18934052	18933933	9.44e-47	189	293
SINE9_OS	NC_089039.1	83.495	206	26	7	90	292	4669541	4669741	1.22e-45	185	293
SINE9_OS	NC_089039.1	80.645	248	36	7	1	247	2045876	2045640	1.58e-44	182	293
SINE9_OS	NC_089039.1	93.860	114	3	4	179	291	8463702	8463812	1.23e-40	169	293
SINE9_OS	NC_089039.1	80.751	213	38	1	39	248	1894858	1894646	5.72e-39	163	293
SINE9_OS	NC_089039.1	96.907	97	3	0	56	152	18933934	18933838	5.72e-39	163	293
SINE9_OS	NC_089039.1	97.849	93	2	0	76	168	5327026	5326934	2.06e-38	161	293
SINE9_OS	NC_089039.1	88.333	120	14	0	56	175	19641057	19641176	2.07e-33	145	293
SINE9_OS	NC_089039.1	100.000	69	0	0	76	144	8463636	8463704	2.09e-28	128	293
SINE9_OS	NC_089039.1	88.679	106	8	3	107	209	13930889	13930785	7.50e-28	126	293
SINE9_OS	NC_089039.1	88.462	104	12	0	20	123	24155334	24155437	7.50e-28	126	293
SINE9_OS	NC_089039.1	96.053	76	3	0	215	290	29943229	29943304	2.70e-27	124	293
SINE9_OS	NC_089039.1	88.235	102	12	0	134	235	16150459	16150560	9.71e-27	122	293
SINE9_OS	NC_089039.1	97.059	68	1	1	176	242	20472555	20472488	5.84e-24	113	293
SINE9_OS	NC_089039.1	90.909	77	7	0	99	175	19641272	19641348	3.52e-21	104	293
SINE9_OS	NC_089039.1	98.246	57	0	1	235	291	20008804	20008859	1.64e-19	99.0	293
SINE9_OS	NC_089038.1	96.512	258	9	0	36	293	7693348	7693091	1.84e-118	427	293
SINE9_OS	NC_089038.1	97.967	246	5	0	1	246	11413830	11413585	1.84e-118	427	293
SINE9_OS	NC_089038.1	98.544	206	3	0	3	208	4798567	4798362	1.46e-99	364	293
SINE9_OS	NC_089038.1	88.581	289	30	3	1	289	7026457	7026742	1.47e-94	348	293
SINE9_OS	NC_089038.1	95.455	176	8	0	1	176	16907221	16907396	1.51e-74	281	293
SINE9_OS	NC_089038.1	89.637	193	12	6	107	293	33809169	33808979	9.24e-62	239	293
SINE9_OS	NC_089038.1	88.360	189	13	6	108	291	4399236	4399420	1.20e-55	219	293
SINE9_OS	NC_089038.1	87.634	186	16	6	113	293	8316282	8316099	7.24e-53	209	293
SINE9_OS	NC_089038.1	97.414	116	3	0	175	290	11413231	11413116	1.57e-49	198	293
SINE9_OS	NC_089038.1	84.772	197	20	6	101	290	2235500	2235693	9.44e-47	189	293
SINE9_OS	NC_089038.1	86.188	181	17	6	116	291	3793895	3794072	9.44e-47	189	293
SINE9_OS	NC_089038.1	98.148	108	2	0	139	246	11413339	11413232	9.44e-47	189	293
SINE9_OS	NC_089038.1	98.148	108	2	0	139	246	11413583	11413476	9.44e-47	189	293
SINE9_OS	NC_089038.1	85.027	187	22	5	108	291	11576448	11576265	1.22e-45	185	293
SINE9_OS	NC_089038.1	86.034	179	17	6	118	291	19897097	19896922	1.22e-45	185	293
SINE9_OS	NC_089038.1	96.396	111	2	2	182	292	4798359	4798251	1.58e-44	182	293
SINE9_OS	NC_089038.1	83.684	190	18	8	108	291	909949	909767	4.42e-40	167	293
SINE9_OS	NC_089038.1	96.875	96	3	0	175	270	11413475	11413380	2.06e-38	161	293
SINE9_OS	NC_089038.1	82.902	193	19	10	90	276	33459885	33460069	2.06e-38	161	293
SINE9_OS	NC_089038.1	87.681	138	10	5	90	224	21159228	21159095	3.44e-36	154	293
SINE9_OS	NC_089038.1	84.024	169	11	9	139	291	35982608	35982776	1.60e-34	148	293
SINE9_OS	NC_089038.1	80.311	193	37	1	25	217	12893192	12893383	2.07e-33	145	293
SINE9_OS	NC_089038.1	85.612	139	18	2	108	245	21076795	21076658	2.07e-33	145	293
SINE9_OS	NC_089038.1	95.506	89	4	0	1	89	35982522	35982610	7.45e-33	143	293
SINE9_OS	NC_089038.1	80.412	194	27	8	107	293	7371286	7371097	3.47e-31	137	293
SINE9_OS	NC_089038.1	83.766	154	13	3	101	243	16848890	16849042	1.25e-30	135	293
SINE9_OS	NC_089038.1	87.200	125	7	5	107	223	323630	323507	4.48e-30	134	293
SINE9_OS	NC_089038.1	98.387	62	1	0	107	168	17769483	17769544	7.56e-23	110	293
SINE9_OS	NC_089038.1	98.361	61	1	0	107	167	16848784	16848844	2.72e-22	108	293
SINE9_OS	NC_089038.1	96.875	64	1	1	227	290	32228369	32228307	9.77e-22	106	293
SINE9_OS	NC_089038.1	96.667	60	2	0	108	167	18498107	18498048	4.55e-20	100	293
SINE9_OS	NC_089038.1	84.810	79	12	0	2	80	1808388	1808466	5.92e-14	80.5	293
SINE9_OS	NC_089038.1	100.000	38	0	0	209	246	11413378	11413341	3.57e-11	71.3	293
SINE9_OS	NC_089040.1	97.143	210	6	0	83	292	29210068	29210277	8.79e-97	355	293
SINE9_OS	NC_089040.1	82.712	295	45	5	3	293	25461976	25462268	2.55e-67	257	293
SINE9_OS	NC_089040.1	91.111	180	13	1	4	180	23404880	23404701	2.57e-62	241	293
SINE9_OS	NC_089040.1	88.021	192	16	5	107	293	16548714	16548525	3.35e-56	220	293
SINE9_OS	NC_089040.1	86.458	192	19	5	107	293	6219583	6219394	3.37e-51	204	293
SINE9_OS	NC_089040.1	86.885	183	19	4	113	292	5108724	5108544	4.36e-50	200	293
SINE9_OS	NC_089040.1	86.885	183	19	4	113	292	5123836	5123656	4.36e-50	200	293
SINE9_OS	NC_089040.1	82.949	217	37	0	3	219	30666676	30666460	5.64e-49	196	293
SINE9_OS	NC_089040.1	87.879	165	16	3	108	269	24499123	24499286	2.62e-47	191	293
SINE9_OS	NC_089040.1	85.311	177	19	5	107	278	10293723	10293549	7.35e-43	176	293
SINE9_OS	NC_089040.1	80.617	227	37	5	74	293	27568243	27568469	1.23e-40	169	293
SINE9_OS	NC_089040.1	83.684	190	13	10	107	291	5662172	5662348	5.72e-39	163	293
SINE9_OS	NC_089040.1	86.842	152	11	6	88	233	5945213	5945065	2.06e-38	161	293
SINE9_OS	NC_089040.1	89.062	128	12	2	163	290	15064351	15064476	2.66e-37	158	293
SINE9_OS	NC_089040.1	88.976	127	10	3	102	225	13045928	13045803	3.44e-36	154	293
SINE9_OS	NC_089040.1	91.429	105	6	1	79	180	23404484	23404380	2.68e-32	141	293
SINE9_OS	NC_089040.1	78.537	205	38	6	13	216	10927055	10926856	5.80e-29	130	293
SINE9_OS	NC_089040.1	84.553	123	12	5	107	225	3691876	3691757	1.62e-24	115	293
SINE2-11_OS	NC_089040.1	97.143	140	4	0	1	140	22498615	22498476	1.43e-61	237	140
SINE2-11_OS	NC_089040.1	96.429	140	5	0	1	140	29675008	29674869	6.66e-60	231	140
SINE2-11_OS	NC_089040.1	93.525	139	6	2	1	138	10031063	10031199	1.45e-51	204	140
SINE2-11_OS	NC_089040.1	89.362	141	14	1	1	140	25609806	25609946	3.16e-43	176	140
SINE2-11_OS	NC_089040.1	90.299	134	10	1	1	131	30840958	30840825	4.09e-42	172	140
SINE2-11_OS	NC_089040.1	88.060	134	16	0	2	135	30503293	30503160	3.19e-38	159	140
SINE2-11_OS	NC_089040.1	84.615	143	17	3	2	140	22717941	22718082	1.49e-31	137	140
SINE2-11_OS	NC_089040.1	85.294	136	15	3	1	136	6556014	6555884	5.37e-31	135	140
SINE2-11_OS	NC_089040.1	85.827	127	14	3	15	140	20755993	20756116	6.95e-30	132	140
SINE2-11_OS	NC_089040.1	87.097	62	8	0	74	135	25076430	25076491	1.54e-11	71.3	140
SINE2-11_OS	NC_089035.1	95.683	139	6	0	1	139	778858	778996	1.11e-57	224	140
SINE2-11_OS	NC_089035.1	95.652	138	5	1	1	138	874380	874516	1.44e-56	220	140
SINE2-11_OS	NC_089035.1	91.489	141	11	1	1	140	852325	852465	3.14e-48	193	140
SINE2-11_OS	NC_089035.1	91.489	141	10	2	1	140	39711916	39711777	3.14e-48	193	140
SINE2-11_OS	NC_089035.1	93.130	131	8	1	1	130	20866482	20866612	1.13e-47	191	140
SINE2-11_OS	NC_089035.1	89.209	139	12	3	1	138	12849454	12849590	1.47e-41	171	140
SINE2-11_OS	NC_089035.1	85.496	131	17	2	12	140	9464578	9464708	5.37e-31	135	140
SINE2-11_OS	NC_089035.1	82.394	142	22	3	1	140	9464374	9464514	1.50e-26	121	140
SINE2-11_OS	NC_089037.1	94.326	141	7	1	1	140	26426502	26426362	6.70e-55	215	140
SINE2-11_OS	NC_089037.1	93.284	134	8	1	3	136	19652882	19653014	2.43e-49	196	140
SINE2-11_OS	NC_089037.1	91.241	137	9	3	1	137	1533417	1533550	1.89e-45	183	140
SINE2-11_OS	NC_089037.1	90.000	140	13	1	1	139	25503031	25503170	2.45e-44	180	140
SINE2-11_OS	NC_089037.1	89.781	137	14	0	1	137	14272602	14272738	3.16e-43	176	140
SINE2-11_OS	NC_089037.1	89.928	139	10	2	1	139	35209370	35209504	3.16e-43	176	140
SINE2-11_OS	NC_089037.1	88.321	137	16	0	1	137	31495903	31495767	6.85e-40	165	140
SINE2-11_OS	NC_089037.1	87.770	139	15	2	1	139	1509532	1509668	8.86e-39	161	140
SINE2-11_OS	NC_089037.1	85.586	111	12	3	30	138	6189599	6189707	2.52e-24	113	140
SINE2-11_OS	NC_089037.1	79.279	111	20	2	28	137	4208269	4208377	1.19e-12	75.0	140
SINE2-11_OS	NC_089041.1	93.431	137	9	0	1	137	17917849	17917713	1.45e-51	204	140
SINE2-11_OS	NC_089041.1	87.500	120	12	1	1	120	26899731	26899847	5.37e-31	135	140
SINE2-11_OS	NC_089046.1	93.939	132	6	2	8	138	12706859	12706729	6.75e-50	198	140
SINE2-11_OS	NC_089046.1	94.545	110	6	0	1	110	27131215	27131324	1.47e-41	171	140
SINE2-11_OS	NC_089046.1	90.909	77	6	1	34	109	12003646	12003722	5.45e-21	102	140
SINE2-11_OS	NC_089036.1	92.143	140	11	0	1	140	2677251	2677390	6.75e-50	198	140
SINE2-11_OS	NC_089036.1	88.235	136	12	3	1	136	5274686	5274817	3.19e-38	159	140
SINE2-11_OS	NC_089036.1	90.805	87	6	1	49	135	9886657	9886573	7.00e-25	115	140
SINE2-11_OS	NC_089039.1	92.143	140	10	1	1	140	25699661	25699799	2.43e-49	196	140
SINE2-11_OS	NC_089039.1	91.304	138	12	0	2	139	1285171	1285308	4.06e-47	189	140
SINE2-11_OS	NC_089039.1	91.912	136	10	1	1	136	13828261	13828127	4.06e-47	189	140
SINE2-11_OS	NC_089039.1	87.324	142	14	3	1	140	2384592	2384453	3.19e-38	159	140
SINE2-11_OS	NC_089039.1	93.243	74	2	2	66	138	28372725	28372654	4.21e-22	106	140
SINE2-11_OS	NC_089039.1	95.161	62	2	1	76	137	27483314	27483254	2.53e-19	97.1	140
SINE2-11_OS	NC_089038.1	91.429	140	7	3	1	138	7410610	7410746	1.46e-46	187	140
SINE2-11_OS	NC_089038.1	90.840	131	10	1	1	129	7620307	7620437	1.14e-42	174	140
SINE2-11_OS	NC_089038.1	90.400	125	10	2	1	124	31540947	31541070	2.46e-39	163	140
SINE2-11_OS	NC_089038.1	92.035	113	8	1	28	139	18945237	18945349	1.15e-37	158	140
SINE2-11_OS	NC_089045.1	90.714	140	12	1	1	140	333986	334124	5.26e-46	185	140
SINE2-11_OS	NC_089045.1	87.500	144	11	6	1	139	26197276	26197135	3.19e-38	159	140
SINE2-11_OS	NC_089045.1	88.430	121	14	0	1	121	29500508	29500628	2.48e-34	147	140
SINE2-11_OS	NC_089045.1	92.222	90	3	2	1	90	5713844	5713929	1.16e-27	124	140
SINE2-11_OS	NC_089045.1	90.110	91	9	0	2	92	795275	795185	5.41e-26	119	140
SINE2-11_OS	NC_089042.1	91.176	102	8	1	39	140	20956399	20956499	1.49e-31	137	140
SINE2-11_OS	NC_089042.1	85.950	121	12	2	1	121	25759427	25759542	1.16e-27	124	140
SINE2-11_OS	NC_089042.1	89.024	82	8	1	9	90	4160471	4160391	1.96e-20	100	140
SINE2-11_OS	NC_089044.1	83.465	127	21	0	2	128	14021999	14022125	5.41e-26	119	140
SINE2-12_OS	NC_089035.1	92.114	317	24	1	11	327	14556157	14556472	5.72e-124	446	327
SINE2-12_OS	NC_089035.1	93.728	287	17	1	1	287	38532565	38532850	5.76e-119	429	327
SINE2-12_OS	NC_089035.1	88.685	327	26	6	1	327	15545398	15545713	9.77e-107	388	327
SINE2-12_OS	NC_089035.1	88.889	153	15	1	1	153	32624964	32624814	3.83e-46	187	327
SINE2-12_OS	NC_089035.1	84.426	122	17	1	1	122	15915765	15915884	1.42e-25	119	327
SINE2-12_OS	NC_089037.1	86.982	338	31	7	1	327	16407081	16407416	1.27e-100	368	327
SINE2-12_OS	NC_089037.1	83.792	327	47	6	1	325	18263504	18263182	1.01e-81	305	327
SINE2-12_OS	NC_089037.1	85.156	256	36	2	27	282	22091286	22091539	2.22e-68	261	327
SINE2-12_OS	NC_089037.1	93.333	75	4	1	8	82	1059830	1059757	8.52e-23	110	327
SINE2-12_OS	NC_089041.1	82.133	347	40	5	1	326	22253156	22252811	2.21e-73	278	327
SINE2-12_OS	NC_089041.1	91.327	196	16	1	1	195	581614	581809	4.78e-70	267	327
SINE2-12_OS	NC_089041.1	92.661	109	7	1	1	109	28623408	28623301	1.08e-36	156	327
SINE2-12_OS	NC_089046.1	83.548	310	36	7	13	315	8971733	8971432	7.94e-73	276	327
SINE2-12_OS	NC_089038.1	90.769	130	12	0	4	133	19345688	19345817	2.98e-42	174	327
SINE2-12_OS	NC_089038.1	86.301	73	10	0	8	80	5867038	5866966	6.68e-14	80.5	327
SINE2-12_OS	NC_089040.1	89.873	79	4	4	1	77	13046022	13045946	1.84e-19	99.0	327
SINE2-12_OS	NC_089039.1	89.189	74	8	0	6	79	13592335	13592408	8.58e-18	93.5	327
F524	NC_089040.1	98.282	291	4	1	2	291	16548819	16548529	6.33e-143	508	291
F524	NC_089040.1	96.564	291	9	1	1	291	2924449	2924160	1.38e-134	481	291
F524	NC_089040.1	93.793	290	8	3	2	291	5662067	5662346	1.82e-118	427	291
F524	NC_089040.1	94.815	270	14	0	1	270	24499016	24499285	8.48e-117	422	291
F524	NC_089040.1	95.238	252	11	1	41	291	6219649	6219398	1.43e-109	398	291
F524	NC_089040.1	95.082	244	12	0	48	291	5108789	5108546	1.11e-105	385	291
F524	NC_089040.1	95.082	244	12	0	48	291	5123901	5123658	1.11e-105	385	291
F524	NC_089040.1	96.889	225	7	0	5	229	13046025	13045801	1.86e-103	377	291
F524	NC_089040.1	95.588	204	7	1	2	203	22217383	22217180	6.84e-88	326	291
F524	NC_089040.1	92.273	220	7	3	9	218	31276654	31276435	3.21e-81	303	291
F524	NC_089040.1	89.451	237	21	2	2	235	5945300	5945065	5.36e-79	296	291
F524	NC_089040.1	86.245	269	30	4	26	290	3830606	3830871	1.16e-75	285	291
F524	NC_089040.1	89.778	225	18	3	71	291	25482783	25483006	4.18e-75	283	291
F524	NC_089040.1	89.450	218	19	2	69	283	10293761	10293545	9.04e-72	272	291
F524	NC_089040.1	97.917	144	3	0	148	291	13045804	13045661	4.24e-65	250	291
F524	NC_089040.1	81.818	297	44	7	1	291	23878784	23879076	2.55e-62	241	291
F524	NC_089040.1	87.234	188	16	6	107	291	29210092	29210274	2.59e-52	207	291
F524	NC_089040.1	89.041	146	9	4	149	290	21218777	21218919	2.62e-42	174	291
F524	NC_089040.1	92.523	107	7	1	185	291	29205283	29205388	1.23e-35	152	291
F524	NC_089040.1	86.861	137	12	4	94	228	3691888	3691756	1.59e-34	148	291
F524	NC_089040.1	85.714	133	19	0	1	133	21218595	21218727	2.66e-32	141	291
F524	NC_089040.1	98.305	59	1	0	180	238	31276399	31276341	3.49e-21	104	291
F524	NC_089040.1	80.909	110	17	3	113	221	30666566	30666460	4.55e-15	84.2	291
F524	NC_089040.1	97.619	42	0	1	4	45	5683479	5683439	3.54e-11	71.3	291
F524	NC_089041.1	97.595	291	6	1	2	291	4359473	4359763	1.37e-139	497	291
F524	NC_089041.1	96.708	243	7	1	50	291	5423637	5423879	3.07e-111	403	291
F524	NC_089041.1	97.630	211	5	0	1	211	22212772	22212982	5.21e-99	363	291
F524	NC_089041.1	90.441	272	24	1	20	291	3033531	3033262	2.43e-97	357	291
F524	NC_089041.1	90.441	272	24	1	20	291	3078370	3078101	2.43e-97	357	291
F524	NC_089041.1	90.441	272	24	1	20	291	3123209	3122940	2.43e-97	357	291
F524	NC_089041.1	94.444	216	11	1	2	216	19392368	19392153	1.47e-89	331	291
F524	NC_089041.1	86.986	292	35	2	1	291	100401	100690	6.84e-88	326	291
F524	NC_089041.1	97.222	180	5	0	2	181	21939720	21939541	8.91e-82	305	291
F524	NC_089041.1	89.450	218	13	4	83	291	29058310	29058094	4.21e-70	267	291
F524	NC_089041.1	95.679	162	6	1	130	291	19391994	19391834	7.04e-68	259	291
F524	NC_089041.1	94.186	172	6	2	124	291	21939540	21939369	7.04e-68	259	291
F524	NC_089041.1	90.256	195	19	0	2	196	467106	467300	9.10e-67	255	291
F524	NC_089041.1	88.128	219	14	3	1	219	24525985	24525779	4.24e-65	250	291
F524	NC_089041.1	85.043	234	33	1	52	285	17879985	17879754	3.30e-61	237	291
F524	NC_089041.1	88.421	190	14	7	105	291	15511669	15511485	9.23e-57	222	291
F524	NC_089041.1	93.706	143	9	0	4	146	22829367	22829225	1.54e-54	215	291
F524	NC_089041.1	84.120	233	23	4	59	291	24044172	24043954	5.56e-54	213	291
F524	NC_089041.1	86.702	188	16	8	107	291	20390143	20389962	4.33e-50	200	291
F524	NC_089041.1	97.273	110	3	0	4	113	15643363	15643472	3.37e-46	187	291
F524	NC_089041.1	86.667	150	13	5	144	291	2208502	2208646	7.34e-38	159	291
F524	NC_089041.1	96.739	92	1	1	202	291	13439399	13439308	1.23e-35	152	291
F524	NC_089041.1	93.750	96	5	1	196	291	18902428	18902522	7.39e-33	143	291
F524	NC_089041.1	87.603	121	13	2	1	119	10231912	10231792	9.57e-32	139	291
F524	NC_089041.1	92.857	84	6	0	1	84	17734198	17734281	9.63e-27	122	291
F524	NC_089041.1	96.774	62	2	0	85	146	22828904	22828843	3.49e-21	104	291
F524	NC_089041.1	96.774	62	2	0	85	146	22829018	22828957	3.49e-21	104	291
F524	NC_089041.1	96.774	62	2	0	85	146	22829152	22829091	3.49e-21	104	291
F524	NC_089041.1	96.774	62	2	0	107	168	28235088	28235027	3.49e-21	104	291
F524	NC_089041.1	95.312	64	3	0	228	291	17067398	17067461	1.25e-20	102	291
F524	NC_089041.1	84.848	99	11	3	2	98	2349059	2348963	5.84e-19	97.1	291
F524	NC_089041.1	92.063	63	5	0	228	290	22949911	22949973	9.77e-17	89.8	291
F524	NC_089041.1	86.047	86	6	6	2	84	581608	581690	3.51e-16	87.9	291
F524	NC_089041.1	95.918	49	2	0	107	155	3804705	3804657	5.88e-14	80.5	291
F524	NC_089038.1	97.241	290	7	1	2	291	4399130	4399418	2.29e-137	490	291
F524	NC_089038.1	95.357	280	13	0	2	281	17433146	17433425	5.03e-124	446	291
F524	NC_089038.1	98.760	242	1	2	52	291	33809224	33808983	5.07e-119	429	291
F524	NC_089038.1	91.096	292	22	4	2	291	7371391	7371102	6.65e-108	392	291
F524	NC_089038.1	94.355	248	11	2	2	248	12410884	12410639	1.86e-103	377	291
F524	NC_089038.1	89.003	291	28	2	4	291	23245889	23246178	2.43e-97	357	291
F524	NC_089038.1	95.045	222	11	0	5	226	33465700	33465921	4.06e-95	350	291
F524	NC_089038.1	89.818	275	18	5	20	291	910036	909769	1.89e-93	344	291
F524	NC_089038.1	93.833	227	9	2	2	223	323735	323509	3.16e-91	337	291
F524	NC_089038.1	89.051	274	22	4	23	291	2235422	2235692	4.09e-90	333	291
F524	NC_089038.1	88.281	256	24	5	2	257	12280844	12281093	1.15e-80	302	291
F524	NC_089038.1	96.648	179	6	0	113	291	8316282	8316104	1.49e-79	298	291
F524	NC_089038.1	87.984	258	22	6	33	287	33459828	33460079	5.36e-79	296	291
F524	NC_089038.1	92.344	209	13	3	22	229	21159297	21159091	1.93e-78	294	291
F524	NC_089038.1	89.610	231	21	2	55	283	11652720	11652491	2.50e-77	291	291
F524	NC_089038.1	96.023	176	7	0	4	179	17769380	17769555	3.23e-76	287	291
F524	NC_089038.1	94.915	177	7	2	116	291	3793895	3794070	6.99e-73	276	291
F524	NC_089038.1	95.783	166	7	0	2	167	16848679	16848844	1.17e-70	268	291
F524	NC_089038.1	85.603	257	35	1	2	258	21076901	21076647	1.17e-70	268	291
F524	NC_089038.1	93.714	175	9	2	118	291	19897097	19896924	1.96e-68	261	291
F524	NC_089038.1	91.534	189	14	2	103	291	11576453	11576267	7.04e-68	259	291
F524	NC_089038.1	86.920	237	19	7	2	229	11483929	11483696	9.10e-67	255	291
F524	NC_089038.1	93.413	167	11	0	125	291	17433422	17433588	1.52e-64	248	291
F524	NC_089038.1	93.413	167	11	0	125	291	17433794	17433960	1.52e-64	248	291
F524	NC_089038.1	82.550	298	20	15	22	291	356056	355763	4.27e-60	233	291
F524	NC_089038.1	97.037	135	4	0	157	291	33465917	33466051	1.98e-58	228	291
F524	NC_089038.1	97.037	135	4	0	157	291	33466105	33466239	1.98e-58	228	291
F524	NC_089038.1	93.464	153	5	2	144	291	323126	322974	9.23e-57	222	291
F524	NC_089038.1	93.919	148	7	1	136	283	24020863	24021008	9.23e-57	222	291
F524	NC_089038.1	86.170	188	18	6	107	291	7693277	7693095	5.60e-49	196	291
F524	NC_089038.1	88.485	165	11	1	90	246	16848879	16849043	7.24e-48	193	291
F524	NC_089038.1	88.312	154	17	1	2	154	30053677	30053524	4.36e-45	183	291
F524	NC_089038.1	88.811	143	12	3	107	248	11413724	11413585	9.43e-42	172	291
F524	NC_089038.1	94.118	102	6	0	180	281	17433696	17433797	9.50e-37	156	291
F524	NC_089038.1	92.593	108	8	0	13	120	25519915	25520022	9.50e-37	156	291
F524	NC_089038.1	98.824	85	1	0	173	257	25520022	25520106	1.23e-35	152	291
F524	NC_089038.1	92.233	103	7	1	19	121	1124468	1124367	2.06e-33	145	291
F524	NC_089038.1	95.455	88	4	0	80	167	18498135	18498048	2.66e-32	141	291
F524	NC_089038.1	84.211	152	15	8	107	254	4798463	4798317	9.57e-32	139	291
F524	NC_089038.1	86.957	115	10	4	139	252	11413339	11413229	2.68e-27	124	291
F524	NC_089038.1	86.957	115	10	4	139	252	11413583	11413473	2.68e-27	124	291
F524	NC_089038.1	94.872	78	4	0	214	291	20164238	20164161	9.63e-27	122	291
F524	NC_089038.1	85.366	123	4	3	4	126	13665871	13665763	1.61e-24	115	291
F524	NC_089038.1	100.000	62	0	0	107	168	16907327	16907388	1.61e-24	115	291
F524	NC_089038.1	91.765	85	2	2	144	223	323290	323206	5.80e-24	113	291
F524	NC_089038.1	92.593	81	1	2	145	220	323513	323433	2.09e-23	111	291
F524	NC_089038.1	95.522	67	3	0	146	212	24702073	24702139	2.70e-22	108	291
F524	NC_089038.1	96.721	61	2	0	231	291	4908245	4908185	1.25e-20	102	291
F524	NC_089038.1	96.721	61	2	0	231	291	11483723	11483663	1.25e-20	102	291
F524	NC_089038.1	98.276	58	1	0	2	59	33809462	33809405	1.25e-20	102	291
F524	NC_089038.1	95.082	61	3	0	231	291	11483519	11483459	5.84e-19	97.1	291
F524	NC_089038.1	98.182	55	1	0	172	226	33466055	33466109	5.84e-19	97.1	291
F524	NC_089038.1	97.959	49	1	0	175	223	323418	323370	1.26e-15	86.1	291
F524	NC_089038.1	91.935	62	3	2	169	229	4908278	4908218	1.26e-15	86.1	291
F524	NC_089038.1	94.545	55	3	0	69	123	24700762	24700816	1.26e-15	86.1	291
F524	NC_089038.1	91.935	62	2	2	156	214	1124366	1124305	4.55e-15	84.2	291
F524	NC_089046.1	96.907	291	8	1	1	291	16208584	16208873	2.97e-136	486	291
F524	NC_089046.1	90.690	290	24	2	2	291	6753257	6752971	4.00e-105	383	291
F524	NC_089046.1	89.895	287	25	3	8	291	27506625	27506340	4.03e-100	366	291
F524	NC_089046.1	88.841	233	23	2	59	291	3629851	3630080	4.18e-75	283	291
F524	NC_089046.1	98.148	162	3	0	2	163	25762525	25762686	4.18e-75	283	291
F524	NC_089046.1	90.566	212	18	2	2	213	746537	746328	5.40e-74	279	291
F524	NC_089046.1	88.261	230	19	5	19	243	774534	774760	1.17e-70	268	291
F524	NC_089046.1	91.146	192	14	3	2	193	23402610	23402798	2.53e-67	257	291
F524	NC_089046.1	90.957	188	11	3	104	291	27043963	27043782	1.52e-64	248	291
F524	NC_089046.1	85.776	232	19	7	2	220	9075156	9075386	4.27e-60	233	291
F524	NC_089046.1	89.130	184	11	6	2	185	22156742	22156916	3.32e-56	220	291
F524	NC_089046.1	88.298	188	14	6	107	291	1994257	1994439	1.19e-55	219	291
F524	NC_089046.1	88.298	188	14	6	107	291	8868249	8868067	1.19e-55	219	291
F524	NC_089046.1	94.853	136	7	0	77	212	5506742	5506877	5.56e-54	213	291
F524	NC_089046.1	91.275	149	13	0	5	153	20638619	20638471	3.34e-51	204	291
F524	NC_089046.1	88.356	146	14	2	146	291	15965463	15965605	9.43e-42	172	291
F524	NC_089046.1	92.500	120	9	0	1	120	23328583	23328464	9.43e-42	172	291
F524	NC_089046.1	87.671	146	15	2	146	291	16052100	16051958	4.39e-40	167	291
F524	NC_089046.1	89.744	117	12	0	175	291	5919022	5919138	4.42e-35	150	291
F524	NC_089046.1	94.505	91	5	0	201	291	3493520	3493610	2.66e-32	141	291
F524	NC_089046.1	94.505	91	3	1	145	235	22156914	22157002	9.57e-32	139	291
F524	NC_089046.1	95.775	71	3	0	219	289	13289598	13289668	1.61e-24	115	291
F524	NC_089046.1	96.875	64	1	1	229	291	25762948	25763011	9.70e-22	106	291
F524	NC_089046.1	98.214	56	1	0	199	254	25762778	25762833	1.62e-19	99.0	291
F524	NC_089046.1	98.113	53	1	0	202	254	25762684	25762736	7.55e-18	93.5	291
F524	NC_089046.1	100.000	48	0	0	107	154	3166394	3166347	9.77e-17	89.8	291
F524	NC_089046.1	97.727	44	1	0	107	150	434116	434159	7.61e-13	76.8	291
F524	NC_089046.1	97.727	44	1	0	137	180	25762890	25762933	7.61e-13	76.8	291
F524	NC_089046.1	97.674	43	1	0	137	179	25762834	25762876	2.74e-12	75.0	291
F524	NC_089036.1	96.220	291	10	1	1	291	26746635	26746346	6.42e-133	475	291
F524	NC_089036.1	97.468	237	6	0	2	238	16153241	16153005	8.54e-112	405	291
F524	NC_089036.1	94.821	251	11	1	39	289	20958577	20958825	2.39e-107	390	291
F524	NC_089036.1	94.222	225	7	3	2	226	8978321	8978539	8.79e-92	339	291
F524	NC_089036.1	89.850	266	22	3	4	269	7767501	7767761	3.16e-91	337	291
F524	NC_089036.1	92.982	228	14	2	4	231	26128162	26127937	1.47e-89	331	291
F524	NC_089036.1	86.395	294	24	9	1	291	7565219	7565499	2.48e-82	307	291
F524	NC_089036.1	91.827	208	15	2	4	211	29802182	29801977	8.98e-77	289	291
F524	NC_089036.1	94.972	179	9	0	2	180	6724611	6724789	1.50e-74	281	291
F524	NC_089036.1	90.952	210	17	1	82	291	17157857	17157650	1.50e-74	281	291
F524	NC_089036.1	94.798	173	9	0	1	173	16532745	16532917	3.25e-71	270	291
F524	NC_089036.1	88.393	224	20	4	1	224	11052795	11053012	1.51e-69	265	291
F524	NC_089036.1	96.129	155	6	0	4	158	11179714	11179560	3.27e-66	254	291
F524	NC_089036.1	87.907	215	14	2	78	291	5776560	5776763	7.09e-63	243	291
F524	NC_089036.1	86.099	223	28	2	72	291	30579252	30579474	3.30e-61	237	291
F524	NC_089036.1	92.216	167	12	1	89	254	1761533	1761367	1.19e-60	235	291
F524	NC_089036.1	96.454	141	5	0	4	144	26128969	26128829	4.27e-60	233	291
F524	NC_089036.1	88.770	187	14	5	107	291	9141381	9141200	9.23e-57	222	291
F524	NC_089036.1	90.210	143	12	1	2	144	1586979	1586839	1.21e-45	185	291
F524	NC_089036.1	92.248	129	10	0	2	130	27915809	27915681	4.36e-45	183	291
F524	NC_089036.1	90.909	132	10	1	125	256	36038234	36038363	7.29e-43	176	291
F524	NC_089036.1	93.805	113	7	0	5	117	5776447	5776559	3.39e-41	171	291
F524	NC_089036.1	92.308	117	9	0	175	291	4571441	4571557	4.39e-40	167	291
F524	NC_089036.1	93.694	111	7	0	179	289	24284030	24283920	4.39e-40	167	291
F524	NC_089036.1	91.892	111	8	1	182	291	1586841	1586731	3.42e-36	154	291
F524	NC_089036.1	94.949	99	1	4	194	291	3973961	3974056	1.23e-35	152	291
F524	NC_089036.1	89.167	120	9	3	107	225	26780500	26780616	5.72e-34	147	291
F524	NC_089036.1	83.951	162	6	9	1	162	3996252	3996393	3.44e-31	137	291
F524	NC_089036.1	100.000	61	0	0	108	168	23576375	23576435	5.80e-24	113	291
F524	NC_089036.1	88.298	94	9	1	200	291	24175335	24175428	2.09e-23	111	291
F524	NC_089036.1	89.655	87	6	2	107	193	7175406	7175489	2.70e-22	108	291
F524	NC_089036.1	100.000	55	0	0	237	291	26127955	26127901	1.25e-20	102	291
F524	NC_089036.1	96.667	60	2	0	99	158	11179517	11179458	4.51e-20	100	291
F524	NC_089036.1	96.429	56	2	0	236	291	6724798	6724853	7.55e-18	93.5	291
F524	NC_089036.1	83.495	103	11	4	133	231	7175491	7175591	2.72e-17	91.6	291
F524	NC_089036.1	84.466	103	5	5	195	291	21636142	21636045	2.72e-17	91.6	291
F524	NC_089036.1	100.000	47	0	0	177	223	11179459	11179413	3.51e-16	87.9	291
F524	NC_089036.1	100.000	45	0	0	177	221	11179561	11179517	4.55e-15	84.2	291
F524	NC_089036.1	95.652	46	1	1	247	291	8978578	8978623	9.84e-12	73.1	291
F524	NC_089044.1	97.482	278	6	1	15	291	6892006	6891729	2.31e-132	473	291
F524	NC_089044.1	99.592	245	1	0	1	245	14732407	14732163	1.40e-124	448	291
F524	NC_089044.1	92.466	292	19	3	1	291	12440957	12440668	1.42e-114	414	291
F524	NC_089044.1	93.985	266	14	1	26	291	22696523	22696786	1.10e-110	401	291
F524	NC_089044.1	90.635	299	19	4	2	291	10809826	10810124	8.60e-107	388	291
F524	NC_089044.1	90.345	290	18	4	2	291	10019270	10019549	8.66e-102	372	291
F524	NC_089044.1	93.443	244	16	0	48	291	3547282	3547039	5.21e-99	363	291
F524	NC_089044.1	87.586	290	34	1	2	291	15804483	15804196	1.14e-90	335	291
F524	NC_089044.1	94.660	206	11	0	1	206	17077425	17077630	3.18e-86	320	291
F524	NC_089044.1	88.931	262	23	5	34	291	19522398	19522139	1.14e-85	318	291
F524	NC_089044.1	91.379	232	16	2	3	231	15073755	15073525	1.48e-84	315	291
F524	NC_089044.1	86.195	297	34	5	1	291	16465720	16466015	1.48e-84	315	291
F524	NC_089044.1	89.583	240	21	2	4	241	18849084	18849321	1.15e-80	302	291
F524	NC_089044.1	94.709	189	9	1	103	291	5857981	5857794	6.94e-78	292	291
F524	NC_089044.1	84.321	287	37	6	5	291	12216570	12216292	2.51e-72	274	291
F524	NC_089044.1	100.000	141	0	0	151	291	14732166	14732026	1.96e-68	261	291
F524	NC_089044.1	91.463	164	9	5	129	291	4168010	4168169	3.32e-56	220	291
F524	NC_089044.1	87.766	188	15	6	107	291	14678725	14678907	5.56e-54	213	291
F524	NC_089044.1	86.631	187	18	5	107	291	17310728	17310909	4.33e-50	200	291
F524	NC_089044.1	86.631	187	18	5	107	291	18079477	18079658	4.33e-50	200	291
F524	NC_089044.1	97.895	95	2	0	2	96	3641745	3641651	1.58e-39	165	291
F524	NC_089044.1	90.400	125	12	0	3	127	23235680	23235804	1.58e-39	165	291
F524	NC_089044.1	97.872	94	2	0	198	291	8897242	8897149	5.68e-39	163	291
F524	NC_089044.1	85.161	155	21	2	107	260	10139697	10139850	2.64e-37	158	291
F524	NC_089044.1	89.691	97	6	2	194	290	523203	523111	3.46e-26	121	291
F524	NC_089044.1	91.860	86	4	2	108	193	14630832	14630914	4.48e-25	117	291
F524	NC_089044.1	98.361	61	1	0	108	168	14619210	14619150	2.70e-22	108	291
F524	NC_089044.1	96.774	62	2	0	202	263	21702528	21702467	3.49e-21	104	291
F524	NC_089044.1	88.710	62	6	1	231	291	21665836	21665775	2.74e-12	75.0	291
F524	NC_089037.1	95.862	290	10	2	4	291	26647365	26647654	1.07e-130	468	291
F524	NC_089037.1	95.533	291	12	1	2	291	16005412	16005122	1.39e-129	464	291
F524	NC_089037.1	90.036	281	25	2	12	291	21124639	21124917	1.88e-98	361	291
F524	NC_089037.1	88.435	294	28	3	2	291	542489	542198	4.06e-95	350	291
F524	NC_089037.1	88.845	251	23	4	33	283	1464778	1465023	3.21e-81	303	291
F524	NC_089037.1	92.523	214	13	2	80	291	2015796	2015584	3.21e-81	303	291
F524	NC_089037.1	94.565	184	10	0	108	291	25029033	25029216	1.16e-75	285	291
F524	NC_089037.1	87.864	206	23	1	3	208	9713873	9714076	2.55e-62	241	291
F524	NC_089037.1	83.270	263	39	4	24	283	22354681	22354421	3.30e-61	237	291
F524	NC_089037.1	86.099	223	25	5	74	291	17081327	17081106	1.19e-60	235	291
F524	NC_089037.1	83.270	263	34	6	34	291	31831051	31830794	4.27e-60	233	291
F524	NC_089037.1	91.566	166	10	3	128	291	8362141	8361978	7.14e-58	226	291
F524	NC_089037.1	85.922	206	25	3	52	257	21907051	21906850	4.30e-55	217	291
F524	NC_089037.1	86.316	190	23	3	102	291	28939003	28939189	3.34e-51	204	291
F524	NC_089037.1	98.148	108	2	0	2	109	14969499	14969392	9.36e-47	189	291
F524	NC_089037.1	94.262	122	7	0	2	123	11383185	11383306	3.37e-46	187	291
F524	NC_089037.1	92.857	126	9	0	136	261	27113342	27113467	4.36e-45	183	291
F524	NC_089037.1	85.806	155	18	4	107	260	7863690	7863841	2.04e-38	161	291
F524	NC_089037.1	86.577	149	17	2	143	291	29663266	29663411	2.04e-38	161	291
F524	NC_089037.1	94.231	104	6	0	5	108	14245362	14245259	7.34e-38	159	291
F524	NC_089037.1	96.591	88	3	0	4	91	26221042	26221129	5.72e-34	147	291
F524	NC_089037.1	89.655	116	10	1	146	261	29745129	29745242	5.72e-34	147	291
F524	NC_089037.1	88.983	118	11	2	175	291	4614707	4614823	2.06e-33	145	291
F524	NC_089037.1	81.675	191	18	9	108	291	24839903	24839723	7.39e-33	143	291
F524	NC_089037.1	81.944	144	15	2	4	141	13338363	13338501	2.09e-23	111	291
F524	NC_089037.1	93.939	66	4	0	79	144	13338506	13338571	4.51e-20	100	291
F524	NC_089037.1	98.182	55	1	0	237	291	17409713	17409659	5.84e-19	97.1	291
F524	NC_089037.1	95.918	49	1	1	75	123	14245174	14245127	2.11e-13	78.7	291
F524	NC_089042.1	95.833	288	11	1	2	289	1355592	1355878	1.39e-129	464	291
F524	NC_089042.1	92.199	282	18	3	2	279	9153177	9152896	5.14e-109	396	291
F524	NC_089042.1	90.647	278	23	2	1	275	4282755	4282478	4.03e-100	366	291
F524	NC_089042.1	91.373	255	14	3	6	257	19349659	19349410	6.79e-93	342	291
F524	NC_089042.1	94.954	218	10	1	74	291	22172485	22172269	2.44e-92	340	291
F524	NC_089042.1	93.925	214	12	1	79	291	4069523	4069310	8.85e-87	322	291
F524	NC_089042.1	91.630	227	17	2	4	229	7653670	7653895	5.33e-84	313	291
F524	NC_089042.1	85.811	296	30	8	1	290	16425417	16425128	3.21e-81	303	291
F524	NC_089042.1	90.045	221	19	2	4	224	19033182	19033399	4.18e-75	283	291
F524	NC_089042.1	86.590	261	29	4	33	291	26513490	26513746	4.18e-75	283	291
F524	NC_089042.1	95.679	162	7	0	2	163	20368022	20367861	1.96e-68	261	291
F524	NC_089042.1	93.789	161	9	1	132	291	3588307	3588147	2.55e-62	241	291
F524	NC_089042.1	93.711	159	10	0	2	160	1294452	1294294	9.17e-62	239	291
F524	NC_089042.1	94.079	152	9	0	13	164	14788740	14788589	1.53e-59	231	291
F524	NC_089042.1	88.830	188	13	6	107	291	9194438	9194620	2.57e-57	224	291
F524	NC_089042.1	92.053	151	4	1	122	264	20367860	20367710	9.30e-52	206	291
F524	NC_089042.1	81.091	275	36	11	4	274	21583382	21583120	9.30e-52	206	291
F524	NC_089042.1	86.170	188	18	6	107	291	7750615	7750433	5.60e-49	196	291
F524	NC_089042.1	94.444	126	7	0	2	127	3345062	3345187	2.01e-48	195	291
F524	NC_089042.1	95.082	122	6	0	2	123	19726069	19725948	7.24e-48	193	291
F524	NC_089042.1	90.476	126	11	1	167	291	17339982	17339857	1.58e-39	165	291
F524	NC_089042.1	89.744	117	8	3	107	222	15566855	15566742	5.72e-34	147	291
F524	NC_089042.1	87.302	126	14	2	167	291	24724330	24724206	7.39e-33	143	291
F524	NC_089042.1	96.250	80	3	0	59	138	23996384	23996463	1.60e-29	132	291
F524	NC_089042.1	86.667	120	12	2	107	225	14858294	14858178	5.76e-29	130	291
F524	NC_089042.1	95.385	65	2	1	228	291	7653865	7653929	1.25e-20	102	291
F524	NC_089042.1	95.385	65	2	1	228	291	7654013	7654077	1.25e-20	102	291
F524	NC_089042.1	91.781	73	4	1	118	190	23259550	23259620	4.51e-20	100	291
F524	NC_089042.1	95.082	61	3	0	231	291	20367671	20367611	5.84e-19	97.1	291
F524	NC_089042.1	96.364	55	2	0	107	161	9345391	9345445	2.72e-17	91.6	291
F524	NC_089042.1	91.803	61	4	1	232	291	23996461	23996521	4.55e-15	84.2	291
F524	NC_089042.1	90.323	62	4	2	169	229	7653983	7654043	5.88e-14	80.5	291
F524	NC_089042.1	94.231	52	3	0	218	269	9152908	9152857	5.88e-14	80.5	291
F524	NC_089042.1	89.655	58	6	0	2	59	18899635	18899578	2.74e-12	75.0	291
F524	NC_089045.1	96.014	276	11	0	16	291	10163392	10163667	3.89e-125	449	291
F524	NC_089045.1	95.971	273	10	1	20	291	6513578	6513850	6.51e-123	442	291
F524	NC_089045.1	95.402	261	12	0	31	291	7347926	7348186	3.95e-115	416	291
F524	NC_089045.1	93.962	265	15	1	27	291	23004247	23004510	3.97e-110	399	291
F524	NC_089045.1	89.726	292	27	2	1	291	13896130	13895841	3.12e-101	370	291
F524	NC_089045.1	94.348	230	10	2	2	231	24908951	24908725	4.06e-95	350	291
F524	NC_089045.1	91.968	249	17	3	44	291	2100133	2100379	5.25e-94	346	291
F524	NC_089045.1	90.734	259	19	2	1	257	21410409	21410154	2.44e-92	340	291
F524	NC_089045.1	97.917	192	3	1	101	291	6477781	6477590	1.47e-89	331	291
F524	NC_089045.1	94.089	203	12	0	79	281	4426179	4426381	6.89e-83	309	291
F524	NC_089045.1	91.818	220	16	2	11	229	15737761	15737543	8.91e-82	305	291
F524	NC_089045.1	93.939	198	8	3	98	291	27177372	27177175	5.36e-79	296	291
F524	NC_089045.1	94.915	177	9	0	115	291	26346659	26346483	1.94e-73	278	291
F524	NC_089045.1	90.686	204	17	1	1	204	26265454	26265655	3.25e-71	270	291
F524	NC_089045.1	91.099	191	13	4	15	201	27177560	27177370	9.10e-67	255	291
F524	NC_089045.1	86.283	226	22	6	11	230	11739728	11739950	3.30e-61	237	291
F524	NC_089045.1	93.548	155	10	0	1	155	6998338	6998492	1.53e-59	231	291
F524	NC_089045.1	95.172	145	6	1	148	291	27396117	27396261	1.98e-58	228	291
F524	NC_089045.1	97.692	130	3	0	161	290	30013618	30013747	2.57e-57	224	291
F524	NC_089045.1	85.922	206	27	2	41	246	8758284	8758081	1.19e-55	219	291
F524	NC_089045.1	86.702	188	17	6	107	291	17776837	17776655	1.20e-50	202	291
F524	NC_089045.1	85.638	188	19	6	107	291	20622061	20621879	2.60e-47	191	291
F524	NC_089045.1	90.604	149	6	3	145	291	24006999	24007141	2.60e-47	191	291
F524	NC_089045.1	93.651	126	8	0	166	291	8785964	8785839	9.36e-47	189	291
F524	NC_089045.1	84.153	183	21	5	52	231	23970828	23970651	3.39e-41	171	291
F524	NC_089045.1	90.551	127	12	0	1	127	4150658	4150532	1.22e-40	169	291
F524	NC_089045.1	93.519	108	7	0	2	109	9795351	9795458	2.04e-38	161	291
F524	NC_089045.1	87.302	126	15	1	167	291	8757836	8757711	7.39e-33	143	291
F524	NC_089045.1	91.346	104	4	4	107	209	5984010	5984109	3.44e-31	137	291
F524	NC_089045.1	83.537	164	3	3	4	167	28481694	28481555	1.60e-29	132	291
F524	NC_089045.1	93.421	76	4	1	217	291	9795457	9795532	2.09e-23	111	291
F524	NC_089045.1	94.643	56	3	0	236	291	6998496	6998551	3.51e-16	87.9	291
F524	NC_089045.1	93.220	59	4	0	107	165	16554378	16554436	3.51e-16	87.9	291
F524	NC_089045.1	88.571	70	8	0	31	100	20886915	20886984	1.26e-15	86.1	291
F524	NC_089035.1	95.324	278	12	1	15	291	28340961	28340684	2.34e-122	440	291
F524	NC_089035.1	96.198	263	9	1	29	291	13898256	13898517	5.07e-119	429	291
F524	NC_089035.1	97.107	242	7	0	2	243	22507963	22507722	6.60e-113	409	291
F524	NC_089035.1	91.438	292	22	3	1	291	39917812	39917523	1.43e-109	398	291
F524	NC_089035.1	97.380	229	6	0	1	229	29753747	29753975	2.39e-107	390	291
F524	NC_089035.1	96.537	231	8	0	59	289	10594394	10594164	4.00e-105	383	291
F524	NC_089035.1	96.330	218	7	1	75	291	26300750	26300967	2.43e-97	357	291
F524	NC_089035.1	98.964	193	2	0	99	291	13897165	13897357	5.25e-94	346	291
F524	NC_089035.1	89.299	271	28	1	13	283	18321622	18321891	8.79e-92	339	291
F524	NC_089035.1	88.809	277	30	1	16	291	37734454	37734178	8.79e-92	339	291
F524	NC_089035.1	93.043	230	11	3	4	229	2870202	2869974	1.47e-89	331	291
F524	NC_089035.1	89.764	254	26	0	30	283	3598980	3599233	6.84e-88	326	291
F524	NC_089035.1	91.525	236	20	0	2	237	5719461	5719696	6.84e-88	326	291
F524	NC_089035.1	90.726	248	16	2	44	291	9030593	9030833	2.46e-87	324	291
F524	NC_089035.1	94.737	209	9	2	84	291	42722691	42722898	2.46e-87	324	291
F524	NC_089035.1	88.716	257	14	4	36	291	27331752	27331994	4.15e-80	300	291
F524	NC_089035.1	96.175	183	7	0	47	229	27660181	27660363	4.15e-80	300	291
F524	NC_089035.1	93.939	198	11	1	4	200	23437401	23437204	1.49e-79	298	291
F524	NC_089035.1	90.498	221	17	3	72	291	2552518	2552735	8.98e-77	289	291
F524	NC_089035.1	88.646	229	23	2	2	229	6548225	6548451	6.99e-73	276	291
F524	NC_089035.1	88.584	219	22	3	76	291	6567273	6567491	5.44e-69	263	291
F524	NC_089035.1	97.368	152	4	0	140	291	22507724	22507573	7.04e-68	259	291
F524	NC_089035.1	94.245	139	8	0	1	139	7574523	7574661	5.56e-54	213	291
F524	NC_089035.1	87.166	187	16	6	107	291	43404118	43404298	9.30e-52	206	291
F524	NC_089035.1	81.992	261	23	10	1	259	36707077	36706839	4.33e-50	200	291
F524	NC_089035.1	95.833	120	5	0	172	291	27319642	27319761	2.01e-48	195	291
F524	NC_089035.1	96.552	116	4	0	8	123	9934993	9934878	7.24e-48	193	291
F524	NC_089035.1	85.638	188	19	6	107	291	4453199	4453381	2.60e-47	191	291
F524	NC_089035.1	88.742	151	12	3	145	291	8690100	8690249	5.64e-44	180	291
F524	NC_089035.1	89.928	139	12	1	153	291	36706841	36706705	2.03e-43	178	291
F524	NC_089035.1	95.455	110	5	0	182	291	5719695	5719804	7.29e-43	176	291
F524	NC_089035.1	95.495	111	4	1	182	291	5719907	5720017	7.29e-43	176	291
F524	NC_089035.1	95.370	108	5	0	93	200	23437049	23436942	9.43e-42	172	291
F524	NC_089035.1	97.895	95	1	1	198	291	26301027	26301121	5.68e-39	163	291
F524	NC_089035.1	85.535	159	15	6	136	291	19558682	19558529	7.34e-38	159	291
F524	NC_089035.1	92.035	113	7	1	181	291	2471757	2471645	2.64e-37	158	291
F524	NC_089035.1	96.667	90	3	0	140	229	29754022	29754111	4.42e-35	150	291
F524	NC_089035.1	88.983	118	9	3	109	225	1298595	1298709	7.39e-33	143	291
F524	NC_089035.1	87.023	131	12	1	3	128	10512559	10512429	7.39e-33	143	291
F524	NC_089035.1	88.696	115	13	0	177	291	18761619	18761733	2.66e-32	141	291
F524	NC_089035.1	95.349	86	2	2	208	291	26628418	26628503	1.24e-30	135	291
F524	NC_089035.1	79.293	198	20	11	55	252	4755866	4755690	1.25e-25	119	291
F524	NC_089035.1	97.101	69	2	0	77	145	9934881	9934813	4.48e-25	117	291
F524	NC_089035.1	97.059	68	2	0	140	207	23436942	23436875	1.61e-24	115	291
F524	NC_089035.1	97.059	68	2	0	140	207	23437204	23437137	1.61e-24	115	291
F524	NC_089035.1	100.000	58	0	0	183	240	26300968	26301025	2.70e-22	108	291
F524	NC_089035.1	88.889	72	8	0	2	73	14692217	14692288	9.77e-17	89.8	291
F524	NC_089043.1	96.471	255	9	0	37	291	4857227	4856973	8.48e-117	422	291
F524	NC_089043.1	92.157	306	8	9	2	291	13885817	13886122	1.10e-115	418	291
F524	NC_089043.1	92.388	289	21	1	4	291	18532025	18531737	1.84e-113	411	291
F524	NC_089043.1	95.331	257	12	0	35	291	6036838	6037094	6.60e-113	409	291
F524	NC_089043.1	89.726	292	27	3	1	291	19550414	19550703	3.12e-101	370	291
F524	NC_089043.1	90.210	286	18	3	2	287	15945615	15945890	1.45e-99	364	291
F524	NC_089043.1	96.000	200	8	0	92	291	23503388	23503587	6.84e-88	326	291
F524	NC_089043.1	95.652	184	7	1	109	291	25409953	25409770	1.93e-78	294	291
F524	NC_089043.1	90.222	225	19	3	68	291	15877354	15877576	2.50e-77	291	291
F524	NC_089043.1	90.732	205	16	2	88	291	9515072	9515274	3.25e-71	270	291
F524	NC_089043.1	87.013	231	17	10	71	291	16660417	16660190	1.52e-64	248	291
F524	NC_089043.1	93.082	159	7	3	135	291	5283186	5283342	5.52e-59	230	291
F524	NC_089043.1	95.745	141	6	0	2	142	15193781	15193921	1.98e-58	228	291
F524	NC_089043.1	95.035	141	7	0	1	141	16232187	16232047	9.23e-57	222	291
F524	NC_089043.1	89.349	169	12	3	127	291	22045883	22046049	2.59e-52	207	291
F524	NC_089043.1	89.441	161	13	3	107	266	14413348	14413191	4.33e-50	200	291
F524	NC_089043.1	87.500	152	13	4	140	291	15711676	15711821	3.39e-41	171	291
F524	NC_089043.1	90.625	128	10	1	75	202	9325830	9325705	1.22e-40	169	291
F524	NC_089043.1	87.857	140	13	3	107	245	21270601	21270737	2.04e-38	161	291
F524	NC_089043.1	95.699	93	3	1	200	291	25601449	25601541	1.59e-34	148	291
F524	NC_089043.1	77.978	277	24	16	2	242	11549338	11549613	9.57e-32	139	291
F524	NC_089043.1	86.508	126	7	3	176	291	14394952	14395077	5.76e-29	130	291
F524	NC_089043.1	88.889	108	8	3	107	213	22069596	22069700	5.76e-29	130	291
F524	NC_089043.1	98.387	62	1	0	230	291	11549668	11549729	7.50e-23	110	291
F524	NC_089043.1	98.361	61	1	0	153	213	25680384	25680444	2.70e-22	108	291
F524	NC_089043.1	100.000	51	0	0	241	291	19644178	19644128	2.10e-18	95.3	291
F524	NC_089043.1	95.918	49	2	0	243	291	24419496	24419544	5.88e-14	80.5	291
F524	NC_089039.1	89.964	279	25	3	13	291	6282088	6282363	2.43e-97	357	291
F524	NC_089039.1	88.660	291	30	3	2	291	4669452	4669740	1.13e-95	351	291
F524	NC_089039.1	87.273	275	31	3	18	291	15672059	15672330	1.92e-83	311	291
F524	NC_089039.1	90.950	221	16	3	73	291	24948601	24948383	1.93e-78	294	291
F524	NC_089039.1	93.750	176	11	0	36	211	13930960	13930785	1.51e-69	265	291
F524	NC_089039.1	90.306	196	17	1	14	209	29310620	29310427	9.10e-67	255	291
F524	NC_089039.1	94.595	148	8	0	144	291	2663870	2663723	5.52e-59	230	291
F524	NC_089039.1	91.124	169	12	2	123	291	1777042	1776877	7.14e-58	226	291
F524	NC_089039.1	88.820	161	14	3	107	266	28639215	28639058	2.01e-48	195	291
F524	NC_089039.1	85.638	188	18	7	107	291	20772883	20773064	9.36e-47	189	291
F524	NC_089039.1	82.500	200	15	10	107	291	6285511	6285317	2.64e-37	158	291
F524	NC_089039.1	82.927	164	16	5	138	291	20224605	20224766	3.44e-31	137	291
F524	NC_089039.1	89.815	108	7	3	107	213	20772559	20772663	1.24e-30	135	291
F524	NC_089039.1	98.485	66	1	0	179	244	29310427	29310362	4.48e-25	117	291
F524	NC_089039.1	88.000	100	8	3	107	205	20772709	20772805	1.61e-24	115	291
F524	NC_089039.1	98.413	63	1	0	107	169	5326995	5326933	2.09e-23	111	291
F524	NC_089039.1	88.462	78	9	0	167	244	29310360	29310283	2.10e-18	95.3	291
F524	NC_089039.1	97.778	45	1	0	108	152	18933882	18933838	2.11e-13	78.7	291
F524	NC_089039.1	100.000	38	0	0	107	144	8463667	8463704	3.54e-11	71.3	291
SINE2-2_OS	NC_089041.1	94.737	323	15	1	1	323	19135042	19134722	1.19e-140	501	323
SINE2-2_OS	NC_089042.1	92.355	327	19	4	1	323	21475266	21474942	2.01e-128	460	323
SINE2-2_OS	NC_089042.1	94.690	113	5	1	154	265	12121785	12121897	2.94e-42	174	323
SINE2-2_OS	NC_089039.1	88.288	333	21	15	3	323	13710249	13710575	4.49e-105	383	323
SINE2-2_OS	NC_089039.1	88.333	240	17	4	94	323	2066823	2067061	2.18e-73	278	323
SINE2-2_OS	NC_089039.1	93.902	164	5	4	76	234	17940297	17940134	7.94e-63	243	323
SINE2-2_OS	NC_089039.1	83.663	202	24	7	1	196	7442605	7442407	1.76e-44	182	323
SINE2-2_OS	NC_089039.1	76.410	195	41	4	3	194	8909663	8909855	5.06e-20	100	323
SINE2-2_OS	NC_089040.1	86.544	327	30	8	1	323	9610219	9609903	1.64e-94	348	323
SINE2-2_OS	NC_089040.1	84.615	234	28	7	94	323	28465322	28465093	8.00e-58	226	323
SINE2-2_OS	NC_089045.1	89.706	272	20	6	58	323	30312720	30312989	2.74e-92	340	323
SINE2-2_OS	NC_089045.1	91.892	148	11	1	142	288	16192194	16192341	1.04e-51	206	323
SINE2-2_OS	NC_089045.1	88.506	174	12	5	142	315	2523377	2523212	3.75e-51	204	323
SINE2-2_OS	NC_089045.1	86.905	168	19	2	157	323	16192538	16192373	1.36e-45	185	323
SINE2-2_OS	NC_089044.1	91.429	245	10	5	1	234	10778428	10778672	7.67e-88	326	323
SINE2-2_OS	NC_089046.1	93.333	210	13	1	109	317	20024404	20024195	7.72e-83	309	323
SINE2-2_OS	NC_089046.1	85.153	229	15	2	70	298	7278759	7278550	4.81e-55	217	323
SINE2-2_OS	NC_089046.1	97.917	48	1	0	1	48	7278807	7278760	5.09e-15	84.2	323
SINE2-2_OS	NC_089035.1	85.837	233	8	11	95	323	20813693	20813904	2.88e-57	224	323
SINE2-2_OS	NC_089035.1	88.136	118	3	9	208	323	37681807	37681915	6.45e-29	130	323
SINE2-2_OS	NC_089036.1	88.889	72	4	4	161	231	5217454	5217386	1.42e-15	86.1	323
p-SINE1_OS	NC_089040.1	97.484	159	0	2	1	155	1926482	1926324	5.74e-71	268	155
p-SINE1_OS	NC_089040.1	94.400	125	7	0	20	144	25818601	25818725	3.55e-48	193	155
p-SINE1_OS	NC_089040.1	92.683	123	9	0	19	141	5517873	5517751	9.94e-44	178	155
p-SINE1_OS	NC_089040.1	93.333	120	8	0	20	139	6479721	6479602	9.94e-44	178	155
p-SINE1_OS	NC_089040.1	92.793	111	8	0	20	130	27332179	27332069	1.00e-38	161	155
p-SINE1_OS	NC_089040.1	89.431	123	13	0	20	142	4705306	4705184	4.66e-37	156	155
p-SINE1_OS	NC_089040.1	90.083	121	10	2	20	139	21221801	21221920	4.66e-37	156	155
p-SINE1_OS	NC_089040.1	89.167	120	13	0	20	139	2938851	2938732	2.17e-35	150	155
p-SINE1_OS	NC_089040.1	88.525	122	13	1	19	140	4367583	4367703	2.80e-34	147	155
p-SINE1_OS	NC_089040.1	87.500	120	14	1	20	139	25501016	25500898	1.69e-31	137	155
p-SINE1_OS	NC_089040.1	87.931	116	13	1	15	130	8095229	8095115	6.07e-31	135	155
p-SINE1_OS	NC_089040.1	88.785	107	11	1	34	140	31801254	31801149	2.82e-29	130	155
p-SINE1_OS	NC_089040.1	85.000	120	16	2	23	141	31166952	31166834	1.70e-26	121	155
p-SINE1_OS	NC_089040.1	87.500	96	10	2	51	145	6645935	6645841	3.68e-23	110	155
p-SINE1_OS	NC_089040.1	86.735	98	13	0	34	131	10284981	10284884	3.68e-23	110	155
p-SINE1_OS	NC_089040.1	83.929	112	18	0	34	145	26014522	26014411	1.32e-22	108	155
p-SINE1_OS	NC_089040.1	83.621	116	18	1	34	148	31047571	31047456	1.32e-22	108	155
p-SINE1_OS	NC_089040.1	86.517	89	12	0	61	149	31266197	31266109	7.96e-20	99.0	155
p-SINE1_OS	NC_089038.1	96.000	125	5	0	19	143	24695199	24695323	1.64e-51	204	155
p-SINE1_OS	NC_089038.1	94.531	128	7	0	17	144	32922796	32922669	7.63e-50	198	155
p-SINE1_OS	NC_089038.1	92.437	119	9	0	20	138	11354350	11354232	1.66e-41	171	155
p-SINE1_OS	NC_089038.1	87.903	124	15	0	19	142	34582790	34582913	2.80e-34	147	155
p-SINE1_OS	NC_089038.1	88.393	112	13	0	19	130	33344184	33344073	6.07e-31	135	155
p-SINE1_OS	NC_089038.1	87.611	113	14	0	18	130	20734309	20734421	7.85e-30	132	155
p-SINE1_OS	NC_089038.1	86.066	122	15	2	20	140	28420831	28420951	2.82e-29	130	155
p-SINE1_OS	NC_089038.1	88.350	103	12	0	30	132	28881856	28881958	1.31e-27	124	155
p-SINE1_OS	NC_089038.1	85.586	111	16	0	29	139	32120186	32120076	2.20e-25	117	155
p-SINE1_OS	NC_089038.1	86.111	108	14	1	34	141	15350698	15350592	7.91e-25	115	155
p-SINE1_OS	NC_089038.1	83.333	114	19	0	30	143	26876160	26876273	4.76e-22	106	155
p-SINE1_OS	NC_089038.1	87.179	78	8	1	64	139	21036197	21036274	1.72e-16	87.9	155
p-SINE1_OS	NC_089039.1	94.309	123	7	0	19	141	495166	495288	4.59e-47	189	155
p-SINE1_OS	NC_089039.1	93.600	125	8	0	20	144	23915777	23915653	1.65e-46	187	155
p-SINE1_OS	NC_089039.1	94.215	121	7	0	18	138	3984507	3984387	5.94e-46	185	155
p-SINE1_OS	NC_089039.1	89.600	125	12	1	17	140	4430426	4430302	1.30e-37	158	155
p-SINE1_OS	NC_089039.1	89.062	128	13	1	12	139	14024294	14024168	1.30e-37	158	155
p-SINE1_OS	NC_089039.1	89.167	120	13	0	21	140	887735	887854	2.17e-35	150	155
p-SINE1_OS	NC_089039.1	87.903	124	15	0	18	141	20405455	20405332	2.80e-34	147	155
p-SINE1_OS	NC_089039.1	86.486	111	15	0	21	131	22817095	22816985	4.73e-27	122	155
p-SINE1_OS	NC_089039.1	90.361	83	8	0	59	141	18102912	18102994	3.68e-23	110	155
p-SINE1_OS	NC_089039.1	90.000	70	7	0	74	143	13345717	13345786	1.33e-17	91.6	155
p-SINE1_OS	NC_089039.1	81.443	97	18	0	44	140	17935521	17935617	2.88e-14	80.5	155
p-SINE1_OS	NC_089044.1	93.600	125	8	0	20	144	7172005	7171881	1.65e-46	187	155
p-SINE1_OS	NC_089044.1	93.548	124	8	0	17	140	23293139	23293262	5.94e-46	185	155
p-SINE1_OS	NC_089044.1	92.126	127	10	0	18	144	1054612	1054486	2.76e-44	180	155
p-SINE1_OS	NC_089044.1	91.200	125	10	1	18	141	19697722	19697598	5.98e-41	169	155
p-SINE1_OS	NC_089044.1	89.516	124	13	0	21	144	18191763	18191640	1.30e-37	158	155
p-SINE1_OS	NC_089044.1	88.618	123	14	0	20	142	18017221	18017343	2.17e-35	150	155
p-SINE1_OS	NC_089044.1	89.344	122	10	2	20	139	19475272	19475152	2.17e-35	150	155
p-SINE1_OS	NC_089044.1	89.381	113	12	0	20	132	21658316	21658428	3.63e-33	143	155
p-SINE1_OS	NC_089044.1	89.381	113	11	1	34	146	12148019	12147908	1.30e-32	141	155
p-SINE1_OS	NC_089044.1	85.366	123	18	0	20	142	21533511	21533389	1.02e-28	128	155
p-SINE1_OS	NC_089044.1	89.216	102	10	1	34	135	16909008	16908908	3.65e-28	126	155
p-SINE1_OS	NC_089044.1	88.660	97	11	0	19	115	14865682	14865586	6.11e-26	119	155
p-SINE1_OS	NC_089044.1	87.671	73	9	0	58	130	11557466	11557538	6.20e-16	86.1	155
p-SINE1_OS	NC_089041.1	92.969	128	9	0	17	144	26126883	26126756	1.65e-46	187	155
p-SINE1_OS	NC_089041.1	94.167	120	7	0	20	139	14710153	14710034	2.14e-45	183	155
p-SINE1_OS	NC_089041.1	92.248	129	10	0	14	142	29560980	29561108	2.14e-45	183	155
p-SINE1_OS	NC_089041.1	93.388	121	8	0	19	139	23616429	23616309	2.76e-44	180	155
p-SINE1_OS	NC_089041.1	91.935	124	10	0	20	143	14743936	14744059	1.29e-42	174	155
p-SINE1_OS	NC_089041.1	91.870	123	10	0	20	142	26439113	26438991	4.63e-42	172	155
p-SINE1_OS	NC_089041.1	90.323	124	10	2	18	140	22607179	22607057	1.00e-38	161	155
p-SINE1_OS	NC_089041.1	89.381	113	12	0	20	132	24921673	24921785	3.63e-33	143	155
p-SINE1_OS	NC_089041.1	87.603	121	15	0	19	139	27989159	27989039	1.30e-32	141	155
p-SINE1_OS	NC_089041.1	88.496	113	12	1	19	131	3447518	3447629	6.07e-31	135	155
p-SINE1_OS	NC_089041.1	85.484	124	18	0	17	140	4037138	4037261	2.82e-29	130	155
p-SINE1_OS	NC_089041.1	84.444	135	13	1	17	143	22318636	22318770	3.65e-28	126	155
p-SINE1_OS	NC_089041.1	84.252	127	20	0	18	144	26559376	26559250	1.31e-27	124	155
p-SINE1_OS	NC_089041.1	90.361	83	8	0	34	116	11584509	11584427	3.68e-23	110	155
p-SINE1_OS	NC_089041.1	83.898	118	14	2	28	141	1313642	1313758	1.32e-22	108	155
p-SINE1_OS	NC_089041.1	82.883	111	18	1	20	130	8973226	8973117	7.96e-20	99.0	155
p-SINE1_OS	NC_089041.1	92.308	65	5	0	78	142	1452867	1452803	3.71e-18	93.5	155
p-SINE1_OS	NC_089041.1	94.000	50	3	0	83	132	24921796	24921845	3.73e-13	76.8	155
p-SINE1_OS	NC_089041.1	85.938	64	9	0	76	139	17954179	17954116	6.24e-11	69.4	155
p-SINE1_OS	NC_089036.1	94.262	122	7	0	20	141	32593363	32593242	1.65e-46	187	155
p-SINE1_OS	NC_089036.1	92.742	124	9	0	18	141	4251478	4251601	2.76e-44	180	155
p-SINE1_OS	NC_089036.1	93.388	121	8	0	18	138	24864783	24864663	2.76e-44	180	155
p-SINE1_OS	NC_089036.1	91.200	125	11	0	20	144	33137222	33137346	1.66e-41	171	155
p-SINE1_OS	NC_089036.1	91.200	125	10	1	18	141	909293	909169	5.98e-41	169	155
p-SINE1_OS	NC_089036.1	91.057	123	11	0	20	142	16421905	16422027	2.15e-40	167	155
p-SINE1_OS	NC_089036.1	91.453	117	8	2	19	135	35009833	35009947	3.60e-38	159	155
p-SINE1_OS	NC_089036.1	88.889	126	14	0	16	141	6238675	6238800	4.66e-37	156	155
p-SINE1_OS	NC_089036.1	88.710	124	13	1	18	141	4961229	4961351	2.17e-35	150	155
p-SINE1_OS	NC_089036.1	86.777	121	16	0	20	140	19628442	19628322	6.07e-31	135	155
p-SINE1_OS	NC_089036.1	85.827	127	18	0	13	139	30600829	30600955	6.07e-31	135	155
p-SINE1_OS	NC_089036.1	86.508	126	14	3	20	144	34543142	34543019	6.07e-31	135	155
p-SINE1_OS	NC_089036.1	86.607	112	15	0	20	131	35822192	35822303	1.31e-27	124	155
p-SINE1_OS	NC_089036.1	84.553	123	17	2	20	141	19090745	19090624	1.70e-26	121	155
p-SINE1_OS	NC_089036.1	86.239	109	15	0	30	138	4358879	4358987	6.11e-26	119	155
p-SINE1_OS	NC_089036.1	93.590	78	5	0	37	114	6877176	6877099	2.20e-25	117	155
p-SINE1_OS	NC_089036.1	89.610	77	8	0	68	144	20815189	20815265	7.96e-20	99.0	155
p-SINE1_OS	NC_089036.1	90.625	64	6	0	76	139	2642831	2642894	6.20e-16	86.1	155
p-SINE1_OS	NC_089036.1	94.000	50	3	0	83	132	6946899	6946948	3.73e-13	76.8	155
p-SINE1_OS	NC_089046.1	92.913	127	9	0	18	144	21952343	21952469	5.94e-46	185	155
p-SINE1_OS	NC_089046.1	92.126	127	8	2	19	144	21787379	21787254	9.94e-44	178	155
p-SINE1_OS	NC_089046.1	91.200	125	10	1	21	144	1179219	1179095	5.98e-41	169	155
p-SINE1_OS	NC_089046.1	89.916	119	12	0	21	139	580686	580568	1.68e-36	154	155
p-SINE1_OS	NC_089046.1	88.889	126	13	1	20	144	22299377	22299252	1.68e-36	154	155
p-SINE1_OS	NC_089046.1	96.512	86	3	0	57	142	2995725	2995640	3.63e-33	143	155
p-SINE1_OS	NC_089046.1	85.849	106	15	0	36	141	23121354	23121459	2.84e-24	113	155
p-SINE1_OS	NC_089046.1	95.000	60	3	0	83	142	2842156	2842097	1.03e-18	95.3	155
p-SINE1_OS	NC_089046.1	88.235	68	7	1	64	131	25830905	25830971	2.88e-14	80.5	155
p-SINE1_OS	NC_089042.1	94.167	120	7	0	20	139	514119	514000	2.14e-45	183	155
p-SINE1_OS	NC_089042.1	91.270	126	11	0	16	141	10340202	10340327	4.63e-42	172	155
p-SINE1_OS	NC_089042.1	94.545	110	6	0	34	143	5636863	5636972	1.66e-41	171	155
p-SINE1_OS	NC_089042.1	94.340	106	6	0	20	125	2001968	2002073	2.78e-39	163	155
p-SINE1_OS	NC_089042.1	89.062	128	13	1	17	143	3909618	3909491	1.30e-37	158	155
p-SINE1_OS	NC_089042.1	89.744	117	12	0	19	135	9036779	9036895	2.17e-35	150	155
p-SINE1_OS	NC_089042.1	91.176	102	8	1	30	131	24856493	24856593	1.69e-31	137	155
p-SINE1_OS	NC_089042.1	87.037	108	13	1	34	141	7662573	7662467	1.70e-26	121	155
p-SINE1_OS	NC_089042.1	82.836	134	13	4	20	144	15554116	15554248	1.02e-23	111	155
p-SINE1_OS	NC_089042.1	83.636	110	18	0	31	140	9341672	9341781	1.71e-21	104	155
p-SINE1_OS	NC_089037.1	93.548	124	7	1	20	143	31144077	31144199	2.14e-45	183	155
p-SINE1_OS	NC_089037.1	91.129	124	11	0	19	142	10942649	10942772	5.98e-41	169	155
p-SINE1_OS	NC_089037.1	90.351	114	10	1	19	132	11340451	11340563	7.80e-35	148	155
p-SINE1_OS	NC_089037.1	97.647	85	2	0	59	143	35084318	35084402	2.80e-34	147	155
p-SINE1_OS	NC_089037.1	89.381	113	12	0	18	130	14343922	14343810	3.63e-33	143	155
p-SINE1_OS	NC_089037.1	91.753	97	8	0	20	116	11540522	11540618	6.07e-31	135	155
p-SINE1_OS	NC_089037.1	89.091	110	11	1	34	143	36630318	36630210	6.07e-31	135	155
p-SINE1_OS	NC_089037.1	88.889	108	11	1	35	142	25738464	25738570	7.85e-30	132	155
p-SINE1_OS	NC_089037.1	85.965	114	16	0	19	132	29772320	29772433	4.73e-27	122	155
p-SINE1_OS	NC_089037.1	90.323	93	9	0	20	112	30982294	30982202	4.73e-27	122	155
p-SINE1_OS	NC_089037.1	88.776	98	11	0	34	131	33145766	33145669	1.70e-26	121	155
p-SINE1_OS	NC_089037.1	90.110	91	9	0	51	141	11151784	11151694	6.11e-26	119	155
p-SINE1_OS	NC_089037.1	83.962	106	17	0	34	139	34330123	34330018	6.16e-21	102	155
p-SINE1_OS	NC_089037.1	81.967	122	18	4	20	140	14238950	14238832	2.21e-20	100	155
p-SINE1_OS	NC_089037.1	83.505	97	11	1	19	110	28519468	28519564	6.20e-16	86.1	155
p-SINE1_OS	NC_089037.1	87.879	66	5	1	78	143	985387	985325	1.34e-12	75.0	155
p-SINE1_OS	NC_089035.1	95.614	114	5	0	30	143	2969895	2969782	2.14e-45	183	155
p-SINE1_OS	NC_089035.1	93.496	123	8	0	19	141	39958803	39958925	2.14e-45	183	155
p-SINE1_OS	NC_089035.1	92.063	126	10	0	20	145	5009454	5009579	9.94e-44	178	155
p-SINE1_OS	NC_089035.1	93.043	115	8	0	26	140	3015595	3015481	5.98e-41	169	155
p-SINE1_OS	NC_089035.1	90.476	126	12	0	18	143	41440350	41440225	2.15e-40	167	155
p-SINE1_OS	NC_089035.1	90.244	123	12	0	19	141	33819905	33820027	1.00e-38	161	155
p-SINE1_OS	NC_089035.1	90.164	122	12	0	18	139	27286447	27286568	3.60e-38	159	155
p-SINE1_OS	NC_089035.1	90.164	122	12	0	19	140	31844223	31844102	3.60e-38	159	155
p-SINE1_OS	NC_089035.1	89.062	128	12	2	17	143	31386683	31386809	1.30e-37	158	155
p-SINE1_OS	NC_089035.1	93.396	106	6	1	30	134	19413217	19413322	4.66e-37	156	155
p-SINE1_OS	NC_089035.1	87.200	125	16	0	19	143	7294830	7294954	3.63e-33	143	155
p-SINE1_OS	NC_089035.1	89.381	113	12	0	30	142	31106164	31106276	3.63e-33	143	155
p-SINE1_OS	NC_089035.1	86.885	122	12	3	20	141	4599945	4600062	2.18e-30	134	155
p-SINE1_OS	NC_089035.1	87.069	116	15	0	20	135	32996587	32996472	7.85e-30	132	155
p-SINE1_OS	NC_089035.1	87.850	107	13	0	34	140	20848845	20848951	3.65e-28	126	155
p-SINE1_OS	NC_089035.1	84.000	125	20	0	19	143	35209759	35209635	1.70e-26	121	155
p-SINE1_OS	NC_089035.1	84.677	124	16	2	20	141	37597428	37597550	1.70e-26	121	155
p-SINE1_OS	NC_089035.1	86.792	106	14	0	34	139	33922903	33922798	6.11e-26	119	155
p-SINE1_OS	NC_089035.1	86.792	106	10	3	36	141	39580948	39581049	7.91e-25	115	155
p-SINE1_OS	NC_089035.1	82.301	113	19	1	18	130	3201508	3201397	2.86e-19	97.1	155
p-SINE1_OS	NC_089035.1	84.146	82	11	2	53	132	13416468	13416549	1.04e-13	78.7	155
p-SINE1_OS	NC_089045.1	92.742	124	9	0	20	143	14387872	14387749	2.76e-44	180	155
p-SINE1_OS	NC_089045.1	86.923	130	15	2	15	144	24547070	24547197	1.01e-33	145	155
p-SINE1_OS	NC_089045.1	87.805	123	14	1	20	142	15847765	15847644	3.63e-33	143	155
p-SINE1_OS	NC_089045.1	86.885	122	15	1	20	141	1887288	1887408	6.07e-31	135	155
p-SINE1_OS	NC_089045.1	86.957	115	9	3	18	131	25195045	25195154	1.31e-27	124	155
p-SINE1_OS	NC_089045.1	84.874	119	9	2	30	140	17523040	17523157	1.02e-23	111	155
p-SINE1_OS	NC_089045.1	85.294	102	15	0	20	121	29401847	29401948	4.76e-22	106	155
p-SINE1_OS	NC_089045.1	83.636	110	16	2	35	144	27416262	27416155	6.16e-21	102	155
p-SINE1_OS	NC_089045.1	80.992	121	21	2	20	139	2174175	2174294	1.03e-18	95.3	155
p-SINE1_OS	NC_089043.1	91.339	127	11	0	16	142	16478906	16478780	1.29e-42	174	155
p-SINE1_OS	NC_089043.1	92.500	120	9	0	20	139	22221667	22221786	4.63e-42	172	155
p-SINE1_OS	NC_089043.1	85.600	125	17	1	19	143	25012150	25012273	2.82e-29	130	155
p-SINE1_OS	NC_089043.1	82.308	130	15	4	18	139	23917050	23917179	4.76e-22	106	155
p-SINE1_OS	NC_089043.1	84.314	102	14	1	43	144	25816811	25816712	7.96e-20	99.0	155
SINE2-1_OS	NC_089037.1	97.050	339	10	0	1	339	35679678	35679340	9.46e-162	571	342
SINE2-1_OS	NC_089045.1	96.491	342	5	2	1	342	8322489	8322155	7.36e-158	558	342
SINE2-1_OS	NC_089041.1	95.726	351	6	2	1	342	11522895	11522545	2.65e-157	556	342
SINE2-1_OS	NC_089038.1	95.318	299	5	1	1	299	31937440	31937729	4.59e-130	466	342
SINE2-1_OS	NC_089038.1	93.458	214	3	1	127	340	31938077	31938279	2.95e-82	307	342
SINE2-1_OS	NC_089038.1	91.329	173	2	1	127	299	31937748	31937907	3.05e-57	224	342
SINE2-1_OS	NC_089038.1	85.039	127	1	2	214	333	31937905	31938020	6.89e-24	113	342
SINE2-1_OS	NC_089046.1	91.813	342	0	2	1	342	26371584	26371897	1.29e-125	451	342
SINE2-1_OS	NC_089036.1	95.941	271	8	2	1	269	22136853	22136584	3.60e-121	436	342
SINE2-1_OS	NC_089036.1	95.652	115	2	2	230	342	22136592	22136479	1.86e-44	182	342
SINE2-1_OS	NC_089043.1	86.207	348	2	7	1	342	6310952	6310645	1.35e-90	335	342
SINE2-1_OS	NC_089044.1	92.784	194	1	1	149	342	1272401	1272221	1.39e-70	268	342
SINE2-1_OS	NC_089044.1	93.407	182	1	1	159	340	1272571	1272401	8.36e-68	259	342
SINE2-1_OS	NC_089044.1	96.512	86	1	1	138	223	1272655	1272572	3.16e-32	141	342
SINE2-1_OS	NC_089035.1	92.638	163	7	4	176	338	9572149	9572306	6.56e-59	230	342
SINE2-1_OS	NC_089035.1	93.421	76	4	1	1	75	24033609	24033684	2.48e-23	111	342
SINE2-1_OS	NC_089042.1	100.000	110	0	0	230	339	19829883	19829774	3.98e-51	204	342
SINE2-1_OS	NC_089042.1	89.815	108	8	3	1	106	12121658	12121764	1.47e-30	135	342
SINE2-1_OS	NC_089039.1	89.720	107	9	2	1	106	7442605	7442500	1.47e-30	135	342
SINE2-1_OS	NC_089040.1	88.889	108	9	3	1	106	9610219	9610113	6.84e-29	130	342
SINE2-1_OS	NC_089040.1	87.912	91	7	4	15	103	29712368	29712280	4.15e-21	104	342
SINE2-1_OS	NC_089040.1	93.443	61	3	1	71	131	18218072	18218013	1.16e-16	89.8	342
SINE1OS	NC_089036.1	100.000	127	0	0	1	127	21498601	21498475	4.56e-61	235	127
SINE1OS	NC_089036.1	90.000	110	10	1	1	110	17826688	17826580	1.02e-32	141	127
SINE1OS	NC_089036.1	86.290	124	15	2	1	124	6238679	6238800	1.71e-30	134	127
SINE1OS	NC_089036.1	88.182	110	12	1	1	110	24864781	24864673	2.22e-29	130	127
SINE1OS	NC_089036.1	88.182	110	12	1	1	110	25528882	25528990	2.22e-29	130	127
SINE1OS	NC_089036.1	88.182	110	12	1	1	110	32593363	32593255	2.22e-29	130	127
SINE1OS	NC_089036.1	87.273	110	13	1	1	110	29362959	29362851	1.03e-27	124	127
SINE1OS	NC_089036.1	85.455	110	15	1	1	110	22502474	22502366	2.23e-24	113	127
SINE1OS	NC_089036.1	88.298	94	10	1	17	110	29808117	29808025	8.03e-24	111	127
SINE1OS	NC_089036.1	83.784	111	15	2	1	110	17368185	17368077	4.83e-21	102	127
SINE1OS	NC_089036.1	83.478	115	13	3	1	109	18312450	18312564	4.83e-21	102	127
SINE1OS	NC_089036.1	83.636	110	17	1	1	110	35822192	35822300	4.83e-21	102	127
SINE1OS	NC_089042.1	90.909	110	9	1	1	110	514119	514011	2.20e-34	147	127
SINE1OS	NC_089042.1	88.596	114	11	2	13	126	5636861	5636972	1.32e-31	137	127
SINE1OS	NC_089042.1	86.916	107	13	1	1	107	2001968	2002073	4.80e-26	119	127
SINE1OS	NC_089042.1	86.916	107	13	1	1	107	27135562	27135667	4.80e-26	119	127
SINE1OS	NC_089042.1	83.784	111	15	3	1	110	16412790	16412682	4.83e-21	102	127
SINE1OS	NC_089042.1	86.813	91	10	2	1	91	26946163	26946251	1.74e-20	100	127
SINE1OS	NC_089038.1	90.909	110	9	1	1	110	16198589	16198481	2.20e-34	147	127
SINE1OS	NC_089038.1	87.302	126	14	2	1	126	24695200	24695323	2.85e-33	143	127
SINE1OS	NC_089038.1	88.182	110	12	1	1	110	11354350	11354242	2.22e-29	130	127
SINE1OS	NC_089038.1	87.273	110	13	1	1	110	34582791	34582899	1.03e-27	124	127
SINE1OS	NC_089038.1	83.607	122	17	3	1	120	27801527	27801407	8.03e-24	111	127
SINE1OS	NC_089038.1	84.270	89	13	1	22	110	19550404	19550317	4.86e-16	86.1	127
SINE1OS	NC_089035.1	87.903	124	13	2	1	124	39958804	39958925	7.91e-34	145	127
SINE1OS	NC_089035.1	89.091	110	11	1	1	110	5009454	5009562	4.76e-31	135	127
SINE1OS	NC_089035.1	89.091	110	11	1	1	110	27286449	27286557	4.76e-31	135	127
SINE1OS	NC_089035.1	89.091	110	11	1	1	110	29787548	29787656	4.76e-31	135	127
SINE1OS	NC_089035.1	87.069	116	13	2	11	126	2969895	2969782	2.22e-29	130	127
SINE1OS	NC_089035.1	90.000	100	9	1	11	110	3015591	3015493	7.97e-29	128	127
SINE1OS	NC_089035.1	84.375	128	16	4	1	127	5138199	5138075	3.71e-27	122	127
SINE1OS	NC_089035.1	89.362	94	9	1	1	94	18638500	18638592	1.73e-25	117	127
SINE1OS	NC_089035.1	85.455	110	11	3	1	110	4599945	4600049	2.89e-23	110	127
SINE1OS	NC_089035.1	87.500	96	11	1	15	110	19413222	19413316	2.89e-23	110	127
SINE1OS	NC_089035.1	82.927	123	18	3	1	121	31844222	31844101	1.04e-22	108	127
SINE1OS	NC_089035.1	83.636	110	5	6	1	110	42997316	42997220	1.05e-17	91.6	127
SINE1OS	NC_089037.1	90.000	110	10	1	1	110	2912354	2912462	1.02e-32	141	127
SINE1OS	NC_089037.1	86.614	127	12	5	1	126	31144077	31144199	4.76e-31	135	127
SINE1OS	NC_089037.1	92.391	92	6	1	1	92	30982294	30982204	2.22e-29	130	127
SINE1OS	NC_089037.1	88.182	110	11	2	1	110	36679686	36679793	2.22e-29	130	127
SINE1OS	NC_089037.1	87.273	110	12	2	1	110	11340452	11340559	1.03e-27	124	127
SINE1OS	NC_089037.1	84.800	125	17	2	1	125	16253549	16253671	1.03e-27	124	127
SINE1OS	NC_089037.1	84.956	113	12	4	1	110	27379961	27379851	2.89e-23	110	127
SINE1OS	NC_089037.1	82.906	117	19	1	1	117	27586575	27586690	1.34e-21	104	127
SINE1OS	NC_089037.1	83.636	110	17	1	1	110	5074598	5074706	4.83e-21	102	127
SINE1OS	NC_089037.1	89.091	55	6	0	1	55	3258034	3257980	4.90e-11	69.4	127
SINE1OS	NC_089040.1	86.719	128	13	4	1	127	25818601	25818725	3.68e-32	139	127
SINE1OS	NC_089040.1	87.273	110	13	1	1	110	5517872	5517764	1.03e-27	124	127
SINE1OS	NC_089040.1	85.246	122	14	3	1	122	27258660	27258543	3.71e-27	122	127
SINE1OS	NC_089040.1	86.364	110	13	2	1	110	4367584	4367691	4.80e-26	119	127
SINE1OS	NC_089040.1	86.364	110	14	1	1	110	8095225	8095117	4.80e-26	119	127
SINE1OS	NC_089040.1	85.000	100	13	2	11	110	10085304	10085401	1.74e-20	100	127
SINE1OS	NC_089044.1	89.091	110	11	1	1	110	23293142	23293250	4.76e-31	135	127
SINE1OS	NC_089044.1	88.182	110	12	1	1	110	1054610	1054502	2.22e-29	130	127
SINE1OS	NC_089044.1	88.073	109	12	1	2	110	18191763	18191656	7.97e-29	128	127
SINE1OS	NC_089044.1	87.500	96	11	1	1	96	14865681	14865587	2.89e-23	110	127
SINE1OS	NC_089041.1	89.091	110	11	1	1	110	14710153	14710045	4.76e-31	135	127
SINE1OS	NC_089041.1	85.950	121	14	2	1	120	2154634	2154516	2.87e-28	126	127
SINE1OS	NC_089041.1	87.273	110	13	1	1	110	24921673	24921781	1.03e-27	124	127
SINE1OS	NC_089041.1	87.273	110	13	1	1	110	29560986	29561094	1.03e-27	124	127
SINE1OS	NC_089041.1	84.000	125	15	3	1	124	29298310	29298430	6.20e-25	115	127
SINE1OS	NC_089041.1	84.545	110	16	1	1	110	20951119	20951011	1.04e-22	108	127
SINE1OS	NC_089041.1	84.545	110	15	2	1	110	21238531	21238424	1.04e-22	108	127
SINE1OS	NC_089041.1	84.783	92	7	7	1	88	15524302	15524390	4.86e-16	86.1	127
SINE1OS	NC_089041.1	87.097	62	7	1	1	62	17954450	17954390	4.90e-11	69.4	127
SINE1OS	NC_089039.1	89.091	110	11	1	1	110	495167	495275	4.76e-31	135	127
SINE1OS	NC_089039.1	89.091	110	11	1	1	110	3984505	3984397	4.76e-31	135	127
SINE1OS	NC_089039.1	85.938	128	14	4	1	127	23915777	23915653	1.71e-30	134	127
SINE1OS	NC_089039.1	84.252	127	15	5	2	127	20127487	20127365	4.80e-26	119	127
SINE1OS	NC_089039.1	85.000	100	14	1	11	110	29384920	29385018	1.74e-20	100	127
SINE1OS	NC_089046.1	88.991	109	11	1	2	110	580686	580579	1.71e-30	134	127
SINE1OS	NC_089046.1	85.271	129	14	5	1	127	21952345	21952470	7.97e-29	128	127
SINE1OS	NC_089046.1	85.455	110	14	2	1	110	20526517	20526624	2.23e-24	113	127
SINE1OS	NC_089046.1	84.545	110	16	1	1	110	3273765	3273657	1.04e-22	108	127
SINE1OS	NC_089046.1	81.955	133	15	3	1	126	363970	363840	1.34e-21	104	127
SINE1OS	NC_089043.1	88.288	111	11	2	1	110	18501093	18501202	6.16e-30	132	127
SINE1OS	NC_089043.1	87.273	110	13	1	1	110	22221667	22221775	1.03e-27	124	127
SINE1OS	NC_089043.1	86.364	110	14	1	1	110	12658860	12658752	4.80e-26	119	127
SINE1OS	NC_089043.1	82.051	117	14	2	1	110	23917052	23917168	2.91e-18	93.5	127
SINE1OS	NC_089043.1	80.172	116	16	3	1	110	20493532	20493646	2.26e-14	80.5	127
SINE1OS	NC_089043.1	80.000	115	16	3	1	109	13229405	13229518	8.14e-14	78.7	127
SINE1OS	NC_089045.1	85.039	127	15	4	1	126	14387872	14387749	2.87e-28	126	127
SINE1OS	NC_089045.1	86.607	112	12	2	1	110	4981760	4981650	1.33e-26	121	127
SINE-12_OS	NC_089042.1	89.453	256	24	2	1	254	7693725	7693471	2.75e-86	320	255
SINE-12_OS	NC_089042.1	79.845	258	37	7	1	249	26189962	26190213	2.27e-42	174	255
SINE-12_OS	NC_089040.1	89.189	222	23	1	1	221	13110672	13110451	6.04e-73	276	255
SINE-12_OS	NC_089040.1	80.729	192	28	3	3	185	4640536	4640727	2.30e-32	141	255
SINE-12_OS	NC_089039.1	83.071	254	34	6	1	253	4813694	4813939	7.98e-57	222	255
SINE-12_OS	NC_089039.1	92.254	142	6	3	115	253	29338745	29338606	4.84e-49	196	255
SINE-12_OS	NC_089043.1	87.151	179	16	5	13	191	22782845	22782674	4.84e-49	196	255
SINE-12_OS	NC_089043.1	83.568	213	27	6	4	209	16200036	16200247	6.26e-48	193	255
SINE-12_OS	NC_089043.1	89.744	78	8	0	131	208	22781933	22781856	3.90e-20	100	255
SINE-12_OS	NC_089046.1	84.615	78	11	1	13	90	25007988	25008064	6.57e-13	76.8	255
CASINE	NC_089040.1	100.000	174	0	0	1	174	1611481	1611654	4.94e-87	322	174
CASINE	NC_089040.1	96.933	163	5	0	1	163	6835922	6836084	1.40e-72	274	174
CASINE	NC_089040.1	95.455	154	7	0	1	154	31978871	31979024	3.06e-64	246	174
CASINE	NC_089040.1	95.333	150	7	0	4	153	23471528	23471379	5.12e-62	239	174
CASINE	NC_089040.1	94.304	158	6	3	1	156	23975883	23975727	5.12e-62	239	174
CASINE	NC_089040.1	90.411	146	13	1	11	155	20615812	20615667	1.45e-47	191	174
CASINE	NC_089040.1	97.436	78	2	0	30	107	7187606	7187683	2.49e-30	134	174
CASINE	NC_089040.1	87.778	90	10	1	64	152	18137626	18137715	1.95e-21	104	174
CASINE	NC_089040.1	98.276	58	1	0	50	107	7187761	7187818	7.01e-21	102	174
CASINE	NC_089040.1	83.478	115	9	6	1	105	31755336	31755450	9.07e-20	99.0	174
CASINE	NC_089046.1	96.835	158	3	2	9	166	1397183	1397028	3.04e-69	263	174
CASINE	NC_089046.1	96.104	154	6	0	1	154	26962477	26962324	6.58e-66	252	174
CASINE	NC_089046.1	94.268	157	8	1	1	157	3794535	3794380	5.12e-62	239	174
CASINE	NC_089046.1	91.124	169	11	3	1	167	18007618	18007784	3.99e-58	226	174
CASINE	NC_089046.1	86.982	169	12	5	1	168	26614447	26614606	8.75e-45	182	174
CASINE	NC_089046.1	86.957	161	16	4	1	158	334202	334044	4.07e-43	176	174
CASINE	NC_089046.1	98.333	60	1	0	92	151	14109338	14109279	5.42e-22	106	174
CASINE	NC_089038.1	96.273	161	5	1	1	161	22686099	22685940	3.04e-69	263	174
CASINE	NC_089038.1	90.361	166	13	2	1	163	4550697	4550532	8.63e-55	215	174
CASINE	NC_089038.1	95.098	102	5	0	1	102	35300377	35300276	1.14e-38	161	174
CASINE	NC_089038.1	92.771	83	6	0	1	83	20199769	20199687	1.94e-26	121	174
CASINE	NC_089035.1	97.419	155	2	2	1	153	36507841	36507687	3.04e-69	263	174
CASINE	NC_089035.1	93.976	166	9	1	2	167	2323564	2323728	2.37e-65	250	174
CASINE	NC_089035.1	93.789	161	8	2	4	163	25479176	25479017	1.42e-62	241	174
CASINE	NC_089035.1	94.771	153	7	1	1	153	33101928	33101777	1.84e-61	237	174
CASINE	NC_089035.1	94.000	150	9	0	4	153	33544819	33544670	1.11e-58	228	174
CASINE	NC_089035.1	95.070	142	5	2	1	141	33089237	33089097	5.16e-57	222	174
CASINE	NC_089035.1	93.960	149	4	4	8	155	13698257	13698401	1.85e-56	220	174
CASINE	NC_089035.1	95.000	140	6	1	14	153	8545977	8545839	6.67e-56	219	174
CASINE	NC_089035.1	96.875	128	4	0	28	155	37240949	37241076	8.63e-55	215	174
CASINE	NC_089035.1	91.613	155	11	2	20	172	26964952	26964798	3.10e-54	213	174
CASINE	NC_089035.1	91.358	162	4	6	1	153	33288222	33288062	3.10e-54	213	174
CASINE	NC_089035.1	92.157	153	8	2	1	153	39391519	39391371	3.10e-54	213	174
CASINE	NC_089035.1	99.123	114	1	0	37	150	29727980	29727867	5.19e-52	206	174
CASINE	NC_089035.1	90.000	150	13	1	16	163	29728088	29728237	4.04e-48	193	174
CASINE	NC_089035.1	88.235	153	16	2	1	152	30381293	30381142	8.75e-45	182	174
CASINE	NC_089035.1	94.068	118	6	1	41	157	2327103	2327220	1.13e-43	178	174
CASINE	NC_089035.1	93.103	116	8	0	10	125	3501640	3501755	1.89e-41	171	174
CASINE	NC_089035.1	91.111	90	5	3	1	89	35478378	35478465	6.96e-26	119	174
CASINE	NC_089035.1	95.652	69	3	0	1	69	37240880	37240948	1.16e-23	111	174
CASINE	NC_089035.1	91.250	80	5	2	96	174	2519728	2519650	1.51e-22	108	174
CASINE	NC_089035.1	98.361	61	1	0	92	152	5305612	5305672	1.51e-22	108	174
CASINE	NC_089035.1	95.588	68	0	3	97	163	36561589	36561524	5.42e-22	106	174
CASINE	NC_089035.1	87.912	91	10	1	64	153	43501843	43501933	5.42e-22	106	174
CASINE	NC_089035.1	100.000	38	0	0	116	153	2475288	2475251	1.98e-11	71.3	174
CASINE	NC_089045.1	96.203	158	6	0	1	158	609661	609504	3.93e-68	259	174
CASINE	NC_089045.1	93.421	152	10	0	2	153	10064735	10064584	3.99e-58	226	174
CASINE	NC_089045.1	94.444	144	7	1	10	153	1006741	1006599	1.85e-56	220	174
CASINE	NC_089045.1	92.810	153	7	1	1	153	4585870	4586018	6.67e-56	219	174
CASINE	NC_089045.1	94.118	102	6	0	1	102	26844715	26844614	5.30e-37	156	174
CASINE	NC_089045.1	89.773	88	7	2	74	160	6524262	6524176	1.16e-23	111	174
CASINE	NC_089045.1	96.552	58	1	1	100	156	17645889	17645946	1.17e-18	95.3	174
CASINE	NC_089045.1	94.545	55	2	1	100	153	8164375	8164429	2.54e-15	84.2	174
CASINE	NC_089045.1	94.000	50	2	1	104	152	6370845	6370894	1.53e-12	75.0	174
CASINE	NC_089039.1	96.795	156	3	1	1	154	2791313	2791468	3.93e-68	259	174
CASINE	NC_089039.1	93.865	163	10	0	1	163	19609195	19609357	3.06e-64	246	174
CASINE	NC_089039.1	92.517	147	10	1	14	159	3397164	3397310	4.01e-53	209	174
CASINE	NC_089039.1	92.361	144	11	0	1	144	3397021	3397164	5.19e-52	206	174
CASINE	NC_089039.1	95.902	122	2	3	37	156	18260607	18260727	1.12e-48	195	174
CASINE	NC_089039.1	96.970	99	3	0	1	99	18260509	18260607	2.45e-40	167	174
CASINE	NC_089039.1	84.416	154	21	3	1	152	6230864	6231016	8.88e-35	148	174
CASINE	NC_089039.1	95.506	89	3	1	66	154	16750340	16750253	1.49e-32	141	174
CASINE	NC_089039.1	93.478	92	4	2	61	152	21904624	21904535	6.91e-31	135	174
CASINE	NC_089039.1	90.541	74	6	1	95	167	8418932	8419005	3.26e-19	97.1	174
CASINE	NC_089042.1	96.753	154	5	0	1	154	8320743	8320590	1.41e-67	257	174
CASINE	NC_089042.1	94.012	167	9	1	1	166	4527308	4527142	6.58e-66	252	174
CASINE	NC_089042.1	92.169	166	10	2	1	164	27809851	27809687	8.57e-60	231	174
CASINE	NC_089042.1	92.857	154	10	1	1	153	128076	127923	5.16e-57	222	174
CASINE	NC_089042.1	91.083	157	12	2	1	155	26272271	26272115	1.12e-53	211	174
CASINE	NC_089042.1	96.032	126	2	2	30	153	22629824	22629700	6.72e-51	202	174
CASINE	NC_089042.1	90.385	156	12	2	1	153	24442577	24442422	6.72e-51	202	174
CASINE	NC_089042.1	90.226	133	5	3	1	126	27327548	27327679	2.45e-40	167	174
CASINE	NC_089042.1	84.821	112	15	2	43	153	11390287	11390177	1.16e-23	111	174
CASINE	NC_089042.1	88.095	84	8	1	73	154	16443563	16443480	9.07e-20	99.0	174
CASINE	NC_089042.1	88.235	85	5	3	73	153	17598749	17598666	3.26e-19	97.1	174
CASINE	NC_089043.1	96.711	152	4	1	1	152	14419194	14419344	6.58e-66	252	174
CASINE	NC_089043.1	94.479	163	9	0	1	163	26195546	26195708	6.58e-66	252	174
CASINE	NC_089043.1	93.865	163	9	1	1	163	18496586	18496747	1.10e-63	244	174
CASINE	NC_089043.1	92.216	167	11	2	1	167	26409418	26409254	6.62e-61	235	174
CASINE	NC_089043.1	91.447	152	10	3	4	154	20034233	20034084	5.19e-52	206	174
CASINE	NC_089043.1	97.248	109	2	1	44	152	14419364	14419471	2.43e-45	183	174
CASINE	NC_089043.1	93.805	113	7	0	58	170	18954954	18955066	1.89e-41	171	174
CASINE	NC_089043.1	94.382	89	4	1	1	89	18954868	18954955	6.91e-31	135	174
CASINE	NC_089043.1	88.372	86	8	2	73	157	24385349	24385265	7.01e-21	102	174
CASINE	NC_089043.1	88.889	81	9	0	73	153	12476017	12476097	2.52e-20	100	174
CASINE	NC_089043.1	92.424	66	3	2	97	160	10934535	10934600	4.22e-18	93.5	174
CASINE	NC_089043.1	85.556	90	10	3	1	89	20746438	20746525	1.52e-17	91.6	174
CASINE	NC_089044.1	96.078	153	6	0	1	153	3570385	3570537	2.37e-65	250	174
CASINE	NC_089044.1	92.593	162	11	1	2	163	10419961	10419801	8.57e-60	231	174
CASINE	NC_089044.1	90.909	154	12	2	1	153	19168983	19168831	5.19e-52	206	174
CASINE	NC_089044.1	81.325	166	17	5	1	153	22671228	22671064	5.38e-27	122	174
CASINE	NC_089044.1	86.905	84	9	2	73	154	4466751	4466668	4.22e-18	93.5	174
CASINE	NC_089037.1	96.689	151	4	1	13	163	16079413	16079264	2.37e-65	250	174
CASINE	NC_089037.1	95.425	153	7	0	1	153	24897734	24897886	1.10e-63	244	174
CASINE	NC_089037.1	94.872	156	8	0	1	156	31987621	31987466	1.10e-63	244	174
CASINE	NC_089037.1	91.925	161	11	2	2	162	25213721	25213879	1.43e-57	224	174
CASINE	NC_089037.1	92.857	154	10	1	1	153	33999684	33999837	5.16e-57	222	174
CASINE	NC_089037.1	91.083	157	14	0	1	157	4438462	4438306	3.10e-54	213	174
CASINE	NC_089037.1	89.542	153	13	3	2	152	21360364	21360213	1.45e-47	191	174
CASINE	NC_089037.1	97.826	46	0	1	93	137	23642011	23641966	1.18e-13	78.7	174
CASINE	NC_089037.1	85.135	74	10	1	63	135	2895273	2895200	1.53e-12	75.0	174
CASINE	NC_089036.1	94.904	157	8	0	1	157	5895488	5895644	3.06e-64	246	174
CASINE	NC_089036.1	94.375	160	9	0	4	163	10752530	10752371	3.06e-64	246	174
CASINE	NC_089036.1	94.805	154	8	0	1	154	21843630	21843477	1.42e-62	241	174
CASINE	NC_089036.1	95.364	151	5	2	4	153	4803874	4803725	5.12e-62	239	174
CASINE	NC_089036.1	92.500	160	8	3	1	157	2984381	2984539	3.99e-58	226	174
CASINE	NC_089036.1	92.405	158	8	4	1	157	5912907	5913061	5.16e-57	222	174
CASINE	NC_089036.1	95.200	125	4	2	1	124	16697504	16697381	3.13e-49	196	174
CASINE	NC_089036.1	97.196	107	3	0	1	107	10675750	10675644	8.75e-45	182	174
CASINE	NC_089036.1	90.840	131	10	1	28	156	34712775	34712645	1.46e-42	174	174
CASINE	NC_089036.1	97.917	96	1	1	57	152	13194093	13193999	8.81e-40	165	174
CASINE	NC_089036.1	93.396	106	6	1	1	106	8948692	8948796	5.30e-37	156	174
CASINE	NC_089036.1	85.612	139	15	4	13	148	34485302	34485438	1.49e-32	141	174
CASINE	NC_089036.1	92.708	96	6	1	59	153	24146317	24146412	1.92e-31	137	174
CASINE	NC_089036.1	91.579	95	6	2	1	94	22241880	22241973	3.22e-29	130	174
CASINE	NC_089036.1	86.207	87	10	2	75	161	16505060	16505144	4.22e-18	93.5	174
CASINE	NC_089036.1	87.654	81	8	2	92	170	28198308	28198228	4.22e-18	93.5	174
CASINE	NC_089036.1	96.296	54	2	0	1	54	25842234	25842181	5.46e-17	89.8	174
CASINE	NC_089036.1	91.667	60	3	2	98	155	32602815	32602756	9.13e-15	82.4	174
CASINE	NC_089041.1	95.425	153	7	0	1	153	2006913	2006761	1.10e-63	244	174
CASINE	NC_089041.1	95.455	154	6	1	1	153	5165453	5165606	1.10e-63	244	174
CASINE	NC_089041.1	94.375	160	7	2	1	158	28337932	28338091	1.10e-63	244	174
CASINE	NC_089041.1	93.252	163	10	1	1	163	9615059	9614898	5.12e-62	239	174
CASINE	NC_089041.1	93.750	160	8	2	1	158	10851780	10851621	5.12e-62	239	174
CASINE	NC_089041.1	95.862	145	6	0	8	152	8091310	8091166	6.62e-61	235	174
CASINE	NC_089041.1	94.118	153	9	0	1	153	10313537	10313689	2.38e-60	233	174
CASINE	NC_089041.1	92.547	161	11	1	4	163	25637373	25637213	3.08e-59	230	174
CASINE	NC_089041.1	91.975	162	8	3	1	161	21992466	21992309	5.16e-57	222	174
CASINE	NC_089041.1	89.873	158	13	3	1	156	21568312	21568156	2.42e-50	200	174
CASINE	NC_089041.1	91.870	123	7	3	40	162	4098251	4098132	6.81e-41	169	174
CASINE	NC_089041.1	86.364	154	16	3	1	153	25859370	25859221	3.17e-39	163	174
CASINE	NC_089041.1	87.591	137	2	7	18	153	18603005	18602883	1.15e-33	145	174
CASINE	NC_089041.1	96.250	80	2	1	78	156	2415020	2414941	3.22e-29	130	174
CASINE	NC_089041.1	88.785	107	9	3	1	105	18603119	18603014	1.16e-28	128	174
CASINE	NC_089041.1	93.421	76	4	1	93	168	21735028	21735102	1.16e-23	111	174
CASINE	NC_089041.1	89.024	82	7	1	73	152	19850300	19850219	2.52e-20	100	174
CASINE	NC_089041.1	86.905	84	7	3	73	153	29149043	29148961	1.52e-17	91.6	174
CASINE	NC_089041.1	96.154	52	0	2	26	76	4098455	4098405	2.54e-15	84.2	174
SINE1R5_OS	NC_089036.1	100.000	121	0	0	1	121	30600836	30600956	9.30e-58	224	121
SINE1R5_OS	NC_089036.1	92.661	109	8	0	1	109	16421905	16422013	9.57e-38	158	121
SINE1R5_OS	NC_089036.1	90.083	121	11	1	1	120	32593363	32593243	3.44e-37	156	121
SINE1R5_OS	NC_089036.1	89.256	121	11	2	1	120	4251480	4251599	1.60e-35	150	121
SINE1R5_OS	NC_089036.1	89.167	120	11	2	1	119	24864781	24864663	5.76e-35	148	121
SINE1R5_OS	NC_089036.1	89.167	120	11	2	1	119	25528882	25529000	5.76e-35	148	121
SINE1R5_OS	NC_089036.1	88.525	122	12	2	1	120	28499098	28499219	2.07e-34	147	121
SINE1R5_OS	NC_089036.1	92.157	102	8	0	19	120	909272	909171	7.45e-34	145	121
SINE1R5_OS	NC_089036.1	88.430	121	13	1	1	120	1981169	1981289	7.45e-34	145	121
SINE1R5_OS	NC_089036.1	88.430	121	12	2	1	120	29362959	29362840	7.45e-34	145	121
SINE1R5_OS	NC_089036.1	94.505	91	5	0	19	109	29808115	29808025	9.63e-33	141	121
SINE1R5_OS	NC_089036.1	90.000	110	9	2	1	109	33719555	33719447	9.63e-33	141	121
SINE1R5_OS	NC_089036.1	88.889	108	12	0	13	120	33137234	33137341	1.61e-30	134	121
SINE1R5_OS	NC_089036.1	87.156	109	12	2	1	109	35009834	35009940	3.49e-27	122	121
SINE1R5_OS	NC_089036.1	94.805	77	4	0	19	95	6877175	6877099	1.26e-26	121	121
SINE1R5_OS	NC_089036.1	84.884	86	13	0	1	86	34477871	34477786	1.27e-16	87.9	121
SINE1R5_OS	NC_089046.1	92.562	121	7	2	1	120	21787378	21787259	3.42e-42	172	121
SINE1R5_OS	NC_089046.1	92.593	108	8	0	2	109	1179219	1179112	3.44e-37	156	121
SINE1R5_OS	NC_089046.1	90.083	121	10	2	1	120	21952345	21952464	3.44e-37	156	121
SINE1R5_OS	NC_089046.1	93.814	97	6	0	13	109	580675	580579	2.07e-34	147	121
SINE1R5_OS	NC_089046.1	88.333	120	14	0	1	120	5554540	5554659	7.45e-34	145	121
SINE1R5_OS	NC_089046.1	88.073	109	13	0	1	109	22299377	22299269	2.09e-29	130	121
SINE1R5_OS	NC_089046.1	90.741	54	5	0	56	109	25830915	25830968	3.56e-12	73.1	121
SINE1R5_OS	NC_089045.1	91.736	121	8	2	1	120	14387872	14387753	1.59e-40	167	121
SINE1R5_OS	NC_089045.1	87.500	120	14	1	1	120	1887288	1887406	1.25e-31	137	121
SINE1R5_OS	NC_089044.1	91.736	121	8	2	1	120	23293142	23293261	1.59e-40	167	121
SINE1R5_OS	NC_089044.1	88.525	122	11	2	1	120	19475272	19475152	7.45e-34	145	121
SINE1R5_OS	NC_089044.1	92.157	102	8	0	19	120	19697701	19697600	7.45e-34	145	121
SINE1R5_OS	NC_089044.1	88.991	109	12	0	1	109	1054610	1054502	4.48e-31	135	121
SINE1R5_OS	NC_089044.1	88.119	101	11	1	9	109	12148024	12147925	4.51e-26	119	121
SINE1R5_OS	NC_089041.1	91.736	121	8	2	1	120	14710153	14710034	1.59e-40	167	121
SINE1R5_OS	NC_089041.1	91.736	121	8	2	1	120	19308775	19308656	1.59e-40	167	121
SINE1R5_OS	NC_089041.1	90.984	122	9	2	1	121	23616428	23616308	2.06e-39	163	121
SINE1R5_OS	NC_089041.1	90.909	121	9	2	1	120	26439113	26438994	7.40e-39	161	121
SINE1R5_OS	NC_089041.1	90.083	121	10	2	1	120	26126880	26126761	3.44e-37	156	121
SINE1R5_OS	NC_089041.1	90.083	121	10	2	1	120	29560986	29561105	3.44e-37	156	121
SINE1R5_OS	NC_089041.1	89.167	120	11	2	1	119	18579065	18578947	5.76e-35	148	121
SINE1R5_OS	NC_089041.1	80.734	109	20	1	1	109	8973226	8973119	1.65e-15	84.2	121
SINE1R5_OS	NC_089040.1	91.736	121	8	2	1	120	25818601	25818720	1.59e-40	167	121
SINE1R5_OS	NC_089040.1	90.984	122	7	4	1	120	5517872	5517753	7.40e-39	161	121
SINE1R5_OS	NC_089040.1	90.909	121	9	2	1	120	6479721	6479602	7.40e-39	161	121
SINE1R5_OS	NC_089040.1	90.833	120	9	2	1	119	27332179	27332061	2.66e-38	159	121
SINE1R5_OS	NC_089040.1	89.344	122	11	2	1	121	2938851	2938731	4.45e-36	152	121
SINE1R5_OS	NC_089040.1	90.909	110	8	2	1	109	21221801	21221909	2.07e-34	147	121
SINE1R5_OS	NC_089040.1	90.000	110	9	2	1	109	4705306	4705198	9.63e-33	141	121
SINE1R5_OS	NC_089040.1	90.426	94	7	1	29	120	6645938	6645845	3.49e-27	122	121
SINE1R5_OS	NC_089040.1	85.124	121	15	2	1	120	25501016	25500898	1.26e-26	121	121
SINE1R5_OS	NC_089039.1	91.736	121	8	2	1	120	495167	495286	1.59e-40	167	121
SINE1R5_OS	NC_089039.1	91.667	120	8	2	1	119	3984505	3984387	5.72e-40	165	121
SINE1R5_OS	NC_089039.1	90.909	121	9	2	1	120	23915777	23915658	7.40e-39	161	121
SINE1R5_OS	NC_089039.1	89.256	121	11	2	1	120	283941	284060	1.60e-35	150	121
SINE1R5_OS	NC_089039.1	88.991	109	12	0	1	109	14024287	14024179	4.48e-31	135	121
SINE1R5_OS	NC_089039.1	88.991	109	12	0	1	109	20405453	20405345	4.48e-31	135	121
SINE1R5_OS	NC_089039.1	87.156	109	14	0	1	109	5374764	5374872	9.70e-28	124	121
SINE1R5_OS	NC_089039.1	93.671	79	3	2	43	120	14893092	14893169	1.62e-25	117	121
SINE1R5_OS	NC_089039.1	80.000	120	23	1	1	120	17935498	17935616	1.27e-16	87.9	121
SINE1R5_OS	NC_089037.1	91.736	121	8	2	1	120	1848279	1848398	1.59e-40	167	121
SINE1R5_OS	NC_089037.1	93.578	109	6	1	1	109	11340452	11340559	7.40e-39	161	121
SINE1R5_OS	NC_089037.1	90.909	121	8	3	1	120	31144077	31144195	2.66e-38	159	121
SINE1R5_OS	NC_089037.1	90.083	121	11	1	1	120	9962141	9962261	3.44e-37	156	121
SINE1R5_OS	NC_089037.1	90.000	120	10	2	1	119	24210862	24210980	1.24e-36	154	121
SINE1R5_OS	NC_089037.1	88.430	121	12	2	1	120	9461070	9461189	7.45e-34	145	121
SINE1R5_OS	NC_089037.1	88.793	116	12	1	1	116	29121585	29121699	9.63e-33	141	121
SINE1R5_OS	NC_089037.1	86.325	117	14	2	1	116	29772321	29772436	2.70e-28	126	121
SINE1R5_OS	NC_089037.1	90.123	81	8	0	40	120	35084318	35084398	3.51e-22	106	121
SINE1R5_OS	NC_089035.1	91.667	120	10	0	1	120	39958804	39958923	1.59e-40	167	121
SINE1R5_OS	NC_089035.1	90.909	121	9	2	1	120	5138199	5138080	7.40e-39	161	121
SINE1R5_OS	NC_089035.1	90.984	122	8	3	1	120	33819906	33820026	7.40e-39	161	121
SINE1R5_OS	NC_089035.1	95.876	97	4	0	13	109	3015589	3015493	9.57e-38	158	121
SINE1R5_OS	NC_089035.1	91.743	109	9	0	1	109	41440348	41440240	4.45e-36	152	121
SINE1R5_OS	NC_089035.1	91.667	108	9	0	13	120	2969893	2969786	1.60e-35	150	121
SINE1R5_OS	NC_089035.1	89.256	121	11	2	1	120	31844222	31844103	1.60e-35	150	121
SINE1R5_OS	NC_089035.1	90.826	109	10	0	1	109	29787548	29787656	2.07e-34	147	121
SINE1R5_OS	NC_089035.1	92.708	96	7	0	14	109	28249466	28249561	3.47e-32	139	121
SINE1R5_OS	NC_089035.1	86.777	121	15	1	1	120	31386686	31386806	1.61e-30	134	121
SINE1R5_OS	NC_089035.1	91.579	95	8	0	15	109	19413222	19413316	5.80e-30	132	121
SINE1R5_OS	NC_089035.1	91.860	86	5	2	14	97	18638513	18638598	4.51e-26	119	121
SINE1R5_OS	NC_089035.1	86.364	110	14	1	1	109	42568811	42568920	4.51e-26	119	121
SINE1R5_OS	NC_089043.1	91.057	123	7	4	1	121	22221667	22221787	2.06e-39	163	121
SINE1R5_OS	NC_089042.1	93.578	109	6	1	13	120	5636861	5636969	7.40e-39	161	121
SINE1R5_OS	NC_089042.1	90.083	121	10	2	1	120	514119	514000	3.44e-37	156	121
SINE1R5_OS	NC_089042.1	85.833	120	17	0	1	120	3909614	3909495	7.50e-29	128	121
SINE1R5_OS	NC_089042.1	85.000	120	18	0	1	120	10340206	10340325	3.49e-27	122	121
SINE1R5_OS	NC_089042.1	83.471	121	11	4	1	120	8373116	8373228	1.26e-21	104	121
SINE1R5_OS	NC_089038.1	90.083	121	10	2	1	120	32922793	32922674	3.44e-37	156	121
SINE1R5_OS	NC_089038.1	90.909	110	8	2	1	109	34582791	34582899	2.07e-34	147	121
SINE1R5_OS	NC_089038.1	90.000	110	9	2	1	109	28420831	28420939	9.63e-33	141	121
SINE1R5_OS	NC_089038.1	84.404	109	17	0	1	109	28881846	28881954	9.77e-23	108	121
SINE1R5_OS	NC_089038.1	83.486	109	18	0	13	121	26705004	26704896	4.55e-21	102	121
SINE1R5_OS	NC_089038.1	86.047	86	12	0	24	109	26876173	26876258	2.74e-18	93.5	121
SINE16_OS	NC_089044.1	97.101	69	2	0	41	109	11557476	11557544	1.54e-25	117	116
SINE16_OS	NC_089044.1	84.685	111	9	5	1	103	21658316	21658426	1.20e-21	104	116
SINE16_OS	NC_089044.1	91.304	69	5	1	47	115	19697665	19697598	2.59e-18	93.5	116
SINE16_OS	NC_089044.1	96.429	56	2	0	60	115	21533444	21533389	2.59e-18	93.5	116
SINE16_OS	NC_089044.1	90.000	70	7	0	47	116	18191710	18191641	9.33e-18	91.6	116
SINE16_OS	NC_089044.1	89.552	67	7	0	50	116	1054553	1054487	4.34e-16	86.1	116
SINE16_OS	NC_089044.1	87.143	70	9	0	47	116	7171951	7171882	2.02e-14	80.5	116
SINE16_OS	NC_089044.1	80.952	105	11	8	12	108	16909011	16908908	9.39e-13	75.0	116
SINE16_OS	NC_089044.1	85.915	71	9	1	46	116	18017274	18017343	9.39e-13	75.0	116
SINE16_OS	NC_089044.1	93.617	47	2	1	66	112	21248501	21248456	4.37e-11	69.4	116
SINE16_OS	NC_089037.1	95.714	70	3	0	47	116	36630279	36630210	1.99e-24	113	116
SINE16_OS	NC_089037.1	82.759	116	16	1	1	116	35084291	35084402	1.55e-20	100	116
SINE16_OS	NC_089037.1	91.429	70	5	1	47	116	10942704	10942772	7.21e-19	95.3	116
SINE16_OS	NC_089037.1	91.429	70	5	1	46	115	29121638	29121706	7.21e-19	95.3	116
SINE16_OS	NC_089037.1	94.643	56	3	0	48	103	33145725	33145670	1.21e-16	87.9	116
SINE16_OS	NC_089037.1	93.103	58	4	0	46	103	25738502	25738559	4.34e-16	86.1	116
SINE16_OS	NC_089037.1	90.476	63	6	0	48	110	11340506	11340568	1.56e-15	84.2	116
SINE16_OS	NC_089037.1	91.071	56	5	0	48	103	14238895	14238840	2.61e-13	76.8	116
SINE16_OS	NC_089037.1	85.915	71	8	2	47	116	14343866	14343797	9.39e-13	75.0	116
SINE16_OS	NC_089037.1	86.364	66	8	1	47	111	25674093	25674158	1.22e-11	71.3	116
SINE16_OS	NC_089046.1	84.298	121	11	4	4	116	1179217	1179097	7.16e-24	111	116
SINE16_OS	NC_089046.1	89.333	75	7	1	41	115	23121386	23121459	2.59e-18	93.5	116
SINE16_OS	NC_089046.1	85.915	71	9	1	46	116	2995709	2995640	9.39e-13	75.0	116
SINE16_OS	NC_089041.1	84.298	121	11	6	1	113	4037141	4037261	7.16e-24	111	116
SINE16_OS	NC_089041.1	91.429	70	6	0	46	115	2786699	2786768	2.01e-19	97.1	116
SINE16_OS	NC_089041.1	89.855	69	6	1	46	114	1313691	1313758	1.21e-16	87.9	116
SINE16_OS	NC_089041.1	90.909	66	5	1	51	116	1452867	1452803	1.21e-16	87.9	116
SINE16_OS	NC_089041.1	89.706	68	6	1	46	113	27989105	27989039	4.34e-16	86.1	116
SINE16_OS	NC_089041.1	88.235	68	8	0	46	113	22607124	22607057	5.61e-15	82.4	116
SINE16_OS	NC_089041.1	88.710	62	7	0	47	108	24921727	24921788	2.61e-13	76.8	116
SINE16_OS	NC_089041.1	90.909	55	5	0	54	108	24921794	24921848	9.39e-13	75.0	116
SINE16_OS	NC_089041.1	85.938	64	9	0	49	112	17954179	17954116	4.37e-11	69.4	116
SINE16_OS	NC_089045.1	92.958	71	5	0	46	116	691371	691301	1.20e-21	104	116
SINE16_OS	NC_089045.1	83.065	124	12	4	1	116	24547075	24547197	1.20e-21	104	116
SINE16_OS	NC_089045.1	91.667	72	5	1	46	116	29166623	29166694	5.57e-20	99.0	116
SINE16_OS	NC_089045.1	90.625	64	4	2	41	103	4981710	4981648	1.56e-15	84.2	116
SINE16_OS	NC_089045.1	92.857	56	4	0	48	103	2174230	2174285	5.61e-15	82.4	116
SINE16_OS	NC_089038.1	84.956	113	6	9	10	113	32120186	32120076	1.20e-21	104	116
SINE16_OS	NC_089038.1	92.537	67	5	0	47	113	28420885	28420951	2.01e-19	97.1	116
SINE16_OS	NC_089038.1	88.158	76	7	2	41	115	20734359	20734433	3.36e-17	89.8	116
SINE16_OS	NC_089038.1	89.706	68	6	1	46	113	21036208	21036274	4.34e-16	86.1	116
SINE16_OS	NC_089038.1	92.982	57	4	0	47	103	11354296	11354240	1.56e-15	84.2	116
SINE16_OS	NC_089038.1	87.143	70	9	0	47	116	24695254	24695323	2.02e-14	80.5	116
SINE16_OS	NC_089038.1	80.180	111	14	5	4	106	33344180	33344070	2.61e-13	76.8	116
SINE16_OS	NC_089042.1	92.857	70	5	0	47	116	15554177	15554246	4.31e-21	102	116
SINE16_OS	NC_089042.1	91.549	71	4	2	44	114	7662535	7662467	2.01e-19	97.1	116
SINE16_OS	NC_089042.1	89.855	69	7	0	47	115	22911935	22911867	3.36e-17	89.8	116
SINE16_OS	NC_089042.1	88.571	70	8	0	47	116	5636903	5636972	4.34e-16	86.1	116
SINE16_OS	NC_089042.1	89.706	68	6	1	47	114	9341715	9341781	4.34e-16	86.1	116
SINE16_OS	NC_089042.1	91.379	58	5	0	46	103	9036833	9036890	2.02e-14	80.5	116
SINE16_OS	NC_089042.1	86.301	73	10	0	41	113	24856530	24856602	2.02e-14	80.5	116
SINE16_OS	NC_089042.1	91.228	57	5	0	47	103	514065	514009	7.26e-14	78.7	116
SINE16_OS	NC_089036.1	94.118	68	2	2	47	113	19628388	19628322	4.31e-21	102	116
SINE16_OS	NC_089036.1	91.429	70	4	2	46	115	4961284	4961351	7.21e-19	95.3	116
SINE16_OS	NC_089036.1	91.304	69	6	0	47	115	16421959	16422027	7.21e-19	95.3	116
SINE16_OS	NC_089036.1	91.304	69	6	0	46	114	32593310	32593242	7.21e-19	95.3	116
SINE16_OS	NC_089036.1	91.304	69	5	1	47	115	909236	909169	2.59e-18	93.5	116
SINE16_OS	NC_089036.1	91.304	69	4	1	48	116	34102341	34102275	2.59e-18	93.5	116
SINE16_OS	NC_089036.1	84.158	101	8	1	11	103	4251490	4251590	9.33e-18	91.6	116
SINE16_OS	NC_089036.1	89.855	69	6	1	47	115	6238733	6238800	1.21e-16	87.9	116
SINE16_OS	NC_089036.1	90.625	64	6	0	49	112	2642831	2642894	4.34e-16	86.1	116
SINE16_OS	NC_089036.1	89.706	68	6	1	47	114	22502420	22502354	4.34e-16	86.1	116
SINE16_OS	NC_089036.1	92.857	56	4	0	48	103	24864726	24864671	5.61e-15	82.4	116
SINE16_OS	NC_089036.1	80.180	111	14	3	1	103	35822192	35822302	2.61e-13	76.8	116
SINE16_OS	NC_089036.1	87.931	58	7	0	59	116	34543076	34543019	4.37e-11	69.4	116
SINE16_OS	NC_089035.1	94.030	67	4	0	46	112	27286502	27286568	4.31e-21	102	116
SINE16_OS	NC_089035.1	92.857	70	5	0	47	116	41440294	41440225	4.31e-21	102	116
SINE16_OS	NC_089035.1	82.258	124	12	4	1	116	39958804	39958925	5.57e-20	99.0	116
SINE16_OS	NC_089035.1	95.082	61	3	0	55	115	2795954	2795894	2.01e-19	97.1	116
SINE16_OS	NC_089035.1	93.651	63	4	0	50	112	33922860	33922798	7.21e-19	95.3	116
SINE16_OS	NC_089035.1	91.176	68	6	0	48	115	31106209	31106276	2.59e-18	93.5	116
SINE16_OS	NC_089035.1	82.051	117	14	4	4	115	39580935	39581049	2.59e-18	93.5	116
SINE16_OS	NC_089035.1	90.000	70	7	0	47	116	7294885	7294954	9.33e-18	91.6	116
SINE16_OS	NC_089035.1	90.000	70	7	0	47	116	31386740	31386809	9.33e-18	91.6	116
SINE16_OS	NC_089035.1	89.041	73	6	2	44	115	35209706	35209635	3.36e-17	89.8	116
SINE16_OS	NC_089035.1	81.579	114	13	4	4	109	32996584	32996471	1.21e-16	87.9	116
SINE16_OS	NC_089035.1	89.706	68	7	0	47	114	33819960	33820027	1.21e-16	87.9	116
SINE16_OS	NC_089035.1	88.571	70	8	0	47	116	2969851	2969782	4.34e-16	86.1	116
SINE16_OS	NC_089035.1	92.982	57	4	0	60	116	42997261	42997205	1.56e-15	84.2	116
SINE16_OS	NC_089035.1	86.765	68	9	0	48	115	24864034	24863967	2.61e-13	76.8	116
SINE16_OS	NC_089035.1	84.507	71	9	1	46	116	37597482	37597550	4.37e-11	69.4	116
SINE16_OS	NC_089040.1	92.754	69	5	0	47	115	4705252	4705184	1.55e-20	100	116
SINE16_OS	NC_089040.1	92.537	67	5	0	48	114	8095170	8095104	2.01e-19	97.1	116
SINE16_OS	NC_089040.1	88.406	69	8	0	47	115	31047531	31047463	1.56e-15	84.2	116
SINE16_OS	NC_089040.1	89.552	67	6	1	50	116	31266181	31266116	1.56e-15	84.2	116
SINE16_OS	NC_089040.1	92.857	56	4	0	48	103	31166900	31166845	5.61e-15	82.4	116
SINE16_OS	NC_089040.1	88.060	67	8	0	47	113	4367637	4367703	2.02e-14	80.5	116
SINE16_OS	NC_089040.1	88.060	67	7	1	47	113	21221855	21221920	7.26e-14	78.7	116
SINE16_OS	NC_089040.1	86.765	68	8	1	50	116	10284938	10284871	9.39e-13	75.0	116
SINE16_OS	NC_089040.1	85.135	74	8	2	46	116	1926409	1926336	3.38e-12	73.1	116
SINE16_OS	NC_089043.1	91.549	71	6	0	46	116	25012203	25012273	5.57e-20	99.0	116
SINE16_OS	NC_089043.1	85.294	102	7	4	22	116	25816813	25816713	5.57e-20	99.0	116
SINE16_OS	NC_089043.1	91.935	62	3	2	56	116	16478840	16478780	4.34e-16	86.1	116
SINE16_OS	NC_089039.1	92.647	68	5	0	47	114	20405399	20405332	5.57e-20	99.0	116
SINE16_OS	NC_089039.1	81.513	119	13	4	4	114	4430419	4430302	3.36e-17	89.8	116
SINE16_OS	NC_089039.1	88.571	70	8	0	47	116	13345717	13345786	4.34e-16	86.1	116
SINE16_OS	NC_089039.1	92.857	56	4	0	48	103	22817041	22816986	5.61e-15	82.4	116
SINE2-4B_OS	NC_089044.1	100.000	164	0	0	1	164	2623985	2624148	1.67e-81	303	164
SINE2-4B_OS	NC_089044.1	93.491	169	6	2	1	164	13735147	13734979	2.85e-64	246	164
SINE2-4B_OS	NC_089041.1	94.512	164	9	0	1	164	24441683	24441520	1.70e-66	254	164
SINE2-4_OS	NC_089045.1	98.276	174	3	0	1	174	4827902	4827729	4.98e-82	305	174
SINE2-4_OS	NC_089045.1	93.919	148	6	1	21	168	220953	221097	1.85e-56	220	174
SINE2-4_OS	NC_089036.1	95.858	169	3	2	1	168	17739999	17740164	1.82e-71	270	174
SINE2-4_OS	NC_089036.1	93.452	168	11	0	1	168	36434244	36434077	2.37e-65	250	174
SINE2-4_OS	NC_089040.1	88.947	190	5	1	1	174	350704	350515	1.85e-56	220	174
SINE2-4_OS	NC_089037.1	98.387	124	2	0	50	173	33279696	33279573	6.67e-56	219	174
SINE2-4_OS	NC_089046.1	91.892	148	9	1	21	168	231368	231512	1.87e-51	204	174
SINE2-4_OS	NC_089046.1	91.262	103	7	1	74	174	5877909	5878011	5.34e-32	139	174
