type	chrom	p_id	p_start	p_end	r_id	r_start	r_end	overlap_len	coverage_pred	coverage_ref
TP	NC_089036.1	NC_089037.1:25503029-25503173(25503030:25503173|tsd_l:16|tsd_s:25503030|tsd_e:25503174)-0.7686	5274685	5274778	SINE2-11_OS	5274686	5274817	93	0.9893617021276596	0.7045454545454546
TP	NC_089045.1	NC_089045.1:29500500-29500739(29500501:29500739|tsd_l:tsd)-0.7015	29500482	29500671	SINE2-11_OS	29500508	29500628	121	0.6368421052631579	1.0
TP	NC_089035.1	NC_089042.1:64914-65234(64915:65234|tsd_l:tsd)-0.8873	15545401	15545711	SINE2-12_OS	15545398	15545713	311	1.0	0.9841772151898734
TP	NC_089035.1	NC_089038.1:31540647-31540928(31540648:31540928|tsd_l:tsd)-0.8156	22507637	22507846	F524	22507573	22507963	210	1.0	0.5370843989769821
TP	NC_089038.1	NC_089037.1:25503029-25503173(25503030:25503173|tsd_l:16|tsd_s:25503030|tsd_e:25503174)-0.7686	7620306	7620392	SINE2-11_OS	7620307	7620437	86	0.9885057471264368	0.6564885496183206
TP	NC_089037.1	NC_089037.1:25503029-25503173(25503030:25503173|tsd_l:16|tsd_s:25503030|tsd_e:25503174)-0.7686	1533416	1533506	SINE2-11_OS	1533417	1533550	90	0.989010989010989	0.6716417910447762
TP	NC_089037.1	NC_089037.1:25503029-25503173(25503030:25503173|tsd_l:16|tsd_s:25503030|tsd_e:25503174)-0.7686	25503030	25503125	SINE2-11_OS	25503031	25503170	95	0.9895833333333334	0.6785714285714286
FP	NC_089040.1	NC_089038.1:19240366-19240838(19240367:19240838|tsd_l:tsd)-0.7372	605198	605250	-	-	-	0	0.0	0.0
FP	NC_089040.1	NC_089038.1:19240366-19240838(19240367:19240838|tsd_l:tsd)-0.7372	1138398	1138450	-	-	-	0	0.0	0.0
FP	NC_089040.1	NC_089038.1:19240366-19240838(19240367:19240838|tsd_l:tsd)-0.7372	1138554	1138606	-	-	-	0	0.0	0.0
FP	NC_089040.1	NC_089040.1:1195402-1195683(1195403:1195683|tsd_l:tsd)-0.5999	1195366	1195509	-	-	-	0	0.0	0.0
FP	NC_089040.1	NC_089038.1:19240366-19240838(19240367:19240838|tsd_l:tsd)-0.7372	1337739	1337791	-	-	-	0	0.0	0.0
FP	NC_089040.1	NC_089038.1:19240366-19240838(19240367:19240838|tsd_l:tsd)-0.7372	1337894	1337946	-	-	-	0	0.0	0.0
FP	NC_089040.1	NC_089038.1:19240366-19240838(19240367:19240838|tsd_l:tsd)-0.7372	1955506	1955558	-	-	-	0	0.0	0.0
FP	NC_089040.1	NC_089038.1:19240366-19240838(19240367:19240838|tsd_l:tsd)-0.7372	1955661	1955713	-	-	-	0	0.0	0.0
FP	NC_089040.1	NC_089038.1:19240366-19240838(19240367:19240838|tsd_l:tsd)-0.7372	1958031	1958083	-	-	-	0	0.0	0.0
FP	NC_089040.1	NC_089038.1:19240366-19240838(19240367:19240838|tsd_l:tsd)-0.7372	1958186	1958238	-	-	-	0	0.0	0.0
FP	NC_089040.1	NC_089038.1:19240366-19240838(19240367:19240838|tsd_l:tsd)-0.7372	1960496	1960548	-	-	-	0	0.0	0.0
FP	NC_089040.1	NC_089038.1:19240366-19240838(19240367:19240838|tsd_l:tsd)-0.7372	2848095	2848147	-	-	-	0	0.0	0.0
FP	NC_089040.1	NC_089038.1:19240366-19240838(19240367:19240838|tsd_l:tsd)-0.7372	2848250	2848302	-	-	-	0	0.0	0.0
FP	NC_089040.1	NC_089042.1:5888385-5888552(5888386:5888552|tsd_l:16|tsd_s:5888404|tsd_e:5888540)-0.6540	2871409	2871502	-	-	-	0	0.0	0.0
FP	NC_089040.1	NC_089038.1:19240366-19240838(19240367:19240838|tsd_l:tsd)-0.7372	2896105	2896157	-	-	-	0	0.0	0.0
FP	NC_089040.1	NC_089042.1:21583117-21583382(21583118:21583382|tsd_l:tsd)-0.5509	2924199	2924275	-	-	-	0	0.0	0.0
FP	NC_089040.1	NC_089038.1:19240366-19240838(19240367:19240838|tsd_l:tsd)-0.7372	3120895	3120947	-	-	-	0	0.0	0.0
FP	NC_089040.1	NC_089038.1:19240366-19240838(19240367:19240838|tsd_l:tsd)-0.7372	3121050	3121102	-	-	-	0	0.0	0.0
FP	NC_089040.1	NC_089038.1:19240366-19240838(19240367:19240838|tsd_l:tsd)-0.7372	3276918	3276970	-	-	-	0	0.0	0.0
FP	NC_089040.1	NC_089038.1:19240366-19240838(19240367:19240838|tsd_l:tsd)-0.7372	3345086	3345134	-	-	-	0	0.0	0.0
FP	NC_089040.1	NC_089038.1:19240366-19240838(19240367:19240838|tsd_l:tsd)-0.7372	3914143	3914195	-	-	-	0	0.0	0.0
FP	NC_089040.1	NC_089040.1:4082166-4082400(4082167:4082400|tsd_l:tsd)-0.5187	4082123	4082182	-	-	-	0	0.0	0.0
FP	NC_089040.1	NC_089038.1:19240366-19240838(19240367:19240838|tsd_l:tsd)-0.7372	4188996	4189048	-	-	-	0	0.0	0.0
FP	NC_089040.1	NC_089038.1:19240366-19240838(19240367:19240838|tsd_l:tsd)-0.7372	4826858	4826910	-	-	-	0	0.0	0.0
FP	NC_089040.1	NC_089038.1:19240366-19240838(19240367:19240838|tsd_l:tsd)-0.7372	4827013	4827065	-	-	-	0	0.0	0.0
FP	NC_089040.1	NC_089042.1:21583117-21583382(21583118:21583382|tsd_l:tsd)-0.5509	5108585	5108663	-	-	-	0	0.0	0.0
FP	NC_089040.1	NC_089042.1:21583117-21583382(21583118:21583382|tsd_l:tsd)-0.5509	5123697	5123775	-	-	-	0	0.0	0.0
FP	NC_089040.1	NC_089040.1:5138313-5138511(5138314:5138511|tsd_l:tsd)-0.8436	5138548	5138655	-	-	-	0	0.0	0.0
FP	NC_089040.1	NC_089040.1:5158543-5158842(5158544:5158842|tsd_l:15|tsd_s:5158534|tsd_e:5158839)-0.6925	5158542	5158607	-	-	-	0	0.0	0.0
FP	NC_089040.1	NC_089038.1:19240366-19240838(19240367:19240838|tsd_l:tsd)-0.7372	5327700	5327752	-	-	-	0	0.0	0.0
FP	NC_089040.1	NC_089040.1:6122447-6122867(6122448:6122867|tsd_l:tsd)-0.5808	6122580	6122651	-	-	-	0	0.0	0.0
FP	NC_089040.1	NC_089038.1:19240366-19240838(19240367:19240838|tsd_l:tsd)-0.7372	6463271	6463323	-	-	-	0	0.0	0.0
FP	NC_089040.1	NC_089040.1:21834209-21834489(21834210:21834489|tsd_l:tsd)-0.8020	6674790	6674857	-	-	-	0	0.0	0.0
FP	NC_089040.1	NC_089038.1:19240366-19240838(19240367:19240838|tsd_l:tsd)-0.7372	6697698	6697750	-	-	-	0	0.0	0.0
FP	NC_089040.1	NC_089038.1:19240366-19240838(19240367:19240838|tsd_l:tsd)-0.7372	7774001	7774053	-	-	-	0	0.0	0.0
FP	NC_089040.1	NC_089038.1:19240366-19240838(19240367:19240838|tsd_l:tsd)-0.7372	7774156	7774208	-	-	-	0	0.0	0.0
FP	NC_089040.1	NC_089040.1:8693576-8693866(8693577:8693866|tsd_l:15|tsd_s:8693576|tsd_e:8693862)-0.6119	8693542	8693627	-	-	-	0	0.0	0.0
FP	NC_089040.1	NC_089038.1:19240366-19240838(19240367:19240838|tsd_l:tsd)-0.7372	9735772	9735824	-	-	-	0	0.0	0.0
FP	NC_089040.1	NC_089038.1:19240366-19240838(19240367:19240838|tsd_l:tsd)-0.7372	9735927	9735979	-	-	-	0	0.0	0.0
FP	NC_089040.1	NC_089038.1:19240366-19240838(19240367:19240838|tsd_l:tsd)-0.7372	9913764	9913816	-	-	-	0	0.0	0.0
FP	NC_089040.1	NC_089040.1:10031057-10031199(10031058:10031199|tsd_l:14|tsd_s:10031058|tsd_e:10031200)-0.7832	10031038	10031126	-	-	-	0	0.0	0.0
FP	NC_089040.1	NC_089038.1:19240366-19240838(19240367:19240838|tsd_l:tsd)-0.7372	10824607	10824662	-	-	-	0	0.0	0.0
FP	NC_089040.1	NC_089038.1:19240366-19240838(19240367:19240838|tsd_l:tsd)-0.7372	10824763	10824815	-	-	-	0	0.0	0.0
FP	NC_089040.1	NC_089040.1:11716914-11717207(11716915:11717207|tsd_l:tsd)-0.8369	11716897	11716944	-	-	-	0	0.0	0.0
FP	NC_089040.1	NC_089040.1:12862987-12863255(12862988:12863255|tsd_l:tsd)-0.5553	12863247	12863306	-	-	-	0	0.0	0.0
FP	NC_089040.1	NC_089042.1:21583117-21583382(21583118:21583382|tsd_l:tsd)-0.5509	13045700	13045777	-	-	-	0	0.0	0.0
FP	NC_089040.1	NC_089038.1:19240366-19240838(19240367:19240838|tsd_l:tsd)-0.7372	14120407	14120459	-	-	-	0	0.0	0.0
FP	NC_089040.1	NC_089040.1:15064348-15064476(15064349:15064476|tsd_l:tsd)-0.5349	15064342	15064376	-	-	-	0	0.0	0.0
FP	NC_089040.1	NC_089042.1:21583117-21583382(21583118:21583382|tsd_l:tsd)-0.5509	16548569	16548637	-	-	-	0	0.0	0.0
FP	NC_089040.1	NC_089038.1:19240366-19240838(19240367:19240838|tsd_l:tsd)-0.7372	16626334	16626386	-	-	-	0	0.0	0.0
FP	NC_089040.1	NC_089038.1:19240366-19240838(19240367:19240838|tsd_l:tsd)-0.7372	17156692	17156744	-	-	-	0	0.0	0.0
FP	NC_089040.1	NC_089038.1:19240366-19240838(19240367:19240838|tsd_l:tsd)-0.7372	17156835	17156887	-	-	-	0	0.0	0.0
FP	NC_089040.1	NC_089038.1:19240366-19240838(19240367:19240838|tsd_l:tsd)-0.7372	17354588	17354640	-	-	-	0	0.0	0.0
FP	NC_089040.1	NC_089035.1:9169789-9169952(9169790:9169952|tsd_l:11|tsd_s:9169796|tsd_e:9169974)-0.7230	17890735	17890864	-	-	-	0	0.0	0.0
FP	NC_089040.1	NC_089040.1:17892809-17893003(17892810:17893003|tsd_l:tsd)-0.5847	17892884	17892950	-	-	-	0	0.0	0.0
FP	NC_089040.1	NC_089038.1:19240366-19240838(19240367:19240838|tsd_l:tsd)-0.7372	18593923	18593975	-	-	-	0	0.0	0.0
FP	NC_089040.1	NC_089038.1:19240366-19240838(19240367:19240838|tsd_l:tsd)-0.7372	20950364	20950416	-	-	-	0	0.0	0.0
FP	NC_089040.1	NC_089038.1:19240366-19240838(19240367:19240838|tsd_l:tsd)-0.7372	21196089	21196143	-	-	-	0	0.0	0.0
FP	NC_089040.1	NC_089038.1:19240366-19240838(19240367:19240838|tsd_l:tsd)-0.7372	21499755	21499807	-	-	-	0	0.0	0.0
FP	NC_089040.1	NC_089038.1:19240366-19240838(19240367:19240838|tsd_l:tsd)-0.7372	21499910	21499962	-	-	-	0	0.0	0.0
FP	NC_089040.1	NC_089040.1:21834209-21834489(21834210:21834489|tsd_l:tsd)-0.8020	21834210	21834286	-	-	-	0	0.0	0.0
FP	NC_089040.1	NC_089040.1:21904404-21904700(21904405:21904700|tsd_l:tsd)-0.8107	21904536	21904649	-	-	-	0	0.0	0.0
FP	NC_089040.1	NC_089040.1:22196103-22196285(22196104:22196285|tsd_l:tsd)-0.5510	22196091	22196150	-	-	-	0	0.0	0.0
FP	NC_089040.1	NC_089040.1:22837600-22837722(22837601:22837722|tsd_l:tsd)-0.5994	22837595	22837720	-	-	-	0	0.0	0.0
FP	NC_089040.1	NC_089038.1:19240366-19240838(19240367:19240838|tsd_l:tsd)-0.7372	24091311	24091363	-	-	-	0	0.0	0.0
FP	NC_089040.1	NC_089038.1:19240366-19240838(19240367:19240838|tsd_l:tsd)-0.7372	26189204	26189256	-	-	-	0	0.0	0.0
FP	NC_089040.1	NC_089040.1:27568242-27568472(27568243:27568472|tsd_l:tsd)-0.5915	27568286	27568389	-	-	-	0	0.0	0.0
FP	NC_089040.1	NC_089038.1:19240366-19240838(19240367:19240838|tsd_l:tsd)-0.7372	31927818	31927869	-	-	-	0	0.0	0.0
FP	NC_089041.1	NC_089038.1:19240366-19240838(19240367:19240838|tsd_l:tsd)-0.7372	1507411	1507463	-	-	-	0	0.0	0.0
FP	NC_089041.1	NC_089038.1:19240366-19240838(19240367:19240838|tsd_l:tsd)-0.7372	2652665	2652717	-	-	-	0	0.0	0.0
FP	NC_089041.1	NC_089038.1:19240366-19240838(19240367:19240838|tsd_l:tsd)-0.7372	2652820	2652872	-	-	-	0	0.0	0.0
FP	NC_089041.1	NC_089038.1:19240366-19240838(19240367:19240838|tsd_l:tsd)-0.7372	3324728	3324780	-	-	-	0	0.0	0.0
FP	NC_089041.1	NC_089038.1:19240366-19240838(19240367:19240838|tsd_l:tsd)-0.7372	3324883	3324935	-	-	-	0	0.0	0.0
FP	NC_089041.1	NC_089038.1:19240366-19240838(19240367:19240838|tsd_l:tsd)-0.7372	3435275	3435327	-	-	-	0	0.0	0.0
FP	NC_089041.1	NC_089038.1:19240366-19240838(19240367:19240838|tsd_l:tsd)-0.7372	3965782	3965834	-	-	-	0	0.0	0.0
FP	NC_089041.1	NC_089038.1:19240366-19240838(19240367:19240838|tsd_l:tsd)-0.7372	3967432	3967484	-	-	-	0	0.0	0.0
FP	NC_089041.1	NC_089041.1:4061403-4061540(4061404:4061540|tsd_l:10|tsd_s:4061421|tsd_e:4061576)-0.5579	4061308	4061373	-	-	-	0	0.0	0.0
FP	NC_089041.1	NC_089039.1:855849-856111(855850:856111|tsd_l:11|tsd_s:855850|tsd_e:856115)-0.7031	4102588	4102721	-	-	-	0	0.0	0.0
FP	NC_089041.1	NC_089042.1:21583117-21583382(21583118:21583382|tsd_l:tsd)-0.5509	4359646	4359723	-	-	-	0	0.0	0.0
FP	NC_089041.1	NC_089038.1:19240366-19240838(19240367:19240838|tsd_l:tsd)-0.7372	4588903	4588955	-	-	-	0	0.0	0.0
FP	NC_089041.1	NC_089038.1:19240366-19240838(19240367:19240838|tsd_l:tsd)-0.7372	5757641	5757693	-	-	-	0	0.0	0.0
FP	NC_089041.1	NC_089038.1:19240366-19240838(19240367:19240838|tsd_l:tsd)-0.7372	5824554	5824606	-	-	-	0	0.0	0.0
FP	NC_089041.1	NC_089038.1:19240366-19240838(19240367:19240838|tsd_l:tsd)-0.7372	6181752	6181801	-	-	-	0	0.0	0.0
FP	NC_089041.1	NC_089038.1:19240366-19240838(19240367:19240838|tsd_l:tsd)-0.7372	6181907	6181959	-	-	-	0	0.0	0.0
FP	NC_089041.1	NC_089038.1:19240366-19240838(19240367:19240838|tsd_l:tsd)-0.7372	6722834	6722886	-	-	-	0	0.0	0.0
FP	NC_089041.1	NC_089039.1:855849-856111(855850:856111|tsd_l:11|tsd_s:855850|tsd_e:856115)-0.7031	7002645	7002781	-	-	-	0	0.0	0.0
FP	NC_089041.1	NC_089041.1:7420278-7420533(7420279:7420533|tsd_l:tsd)-0.8371	7420279	7420380	-	-	-	0	0.0	0.0
FP	NC_089041.1	NC_089038.1:19240366-19240838(19240367:19240838|tsd_l:tsd)-0.7372	7484731	7484785	-	-	-	0	0.0	0.0
FP	NC_089041.1	NC_089041.1:7692107-7692298(7692108:7692298|tsd_l:17|tsd_s:7692108|tsd_e:7692299)-0.7879	7692116	7692174	-	-	-	0	0.0	0.0
FP	NC_089041.1	NC_089038.1:19240366-19240838(19240367:19240838|tsd_l:tsd)-0.7372	7724053	7724105	-	-	-	0	0.0	0.0
FP	NC_089041.1	NC_089036.1:7268732-7268911(7268733:7268911|tsd_l:tsd)-0.5391	8042057	8042128	-	-	-	0	0.0	0.0
FP	NC_089041.1	NC_089036.1:7268732-7268911(7268733:7268911|tsd_l:tsd)-0.5391	8496239	8496310	-	-	-	0	0.0	0.0
FP	NC_089041.1	NC_089041.1:8952024-8952306(8952025:8952306|tsd_l:tsd)-0.7137	8952012	8952088	-	-	-	0	0.0	0.0
FP	NC_089041.1	NC_089038.1:19240366-19240838(19240367:19240838|tsd_l:tsd)-0.7372	9101502	9101554	-	-	-	0	0.0	0.0
FP	NC_089041.1	NC_089038.1:19240366-19240838(19240367:19240838|tsd_l:tsd)-0.7372	9830478	9830530	-	-	-	0	0.0	0.0
FP	NC_089041.1	NC_089036.1:7268732-7268911(7268733:7268911|tsd_l:tsd)-0.5391	13654226	13654298	-	-	-	0	0.0	0.0
FP	NC_089041.1	NC_089041.1:13654088-13654356(13654089:13654356|tsd_l:tsd)-0.5700	13654266	13654326	-	-	-	0	0.0	0.0
FP	NC_089041.1	NC_089041.1:14908467-14908724(14908468:14908724|tsd_l:tsd)-0.6949	14908657	14908728	-	-	-	0	0.0	0.0
FP	NC_089041.1	NC_089041.1:13654088-13654356(13654089:13654356|tsd_l:tsd)-0.5700	15193199	15193258	-	-	-	0	0.0	0.0
FP	NC_089041.1	NC_089041.1:15466814-15467108(15466815:15467108|tsd_l:tsd)-0.5486	15466815	15466922	-	-	-	0	0.0	0.0
FP	NC_089041.1	NC_089036.1:7268732-7268911(7268733:7268911|tsd_l:tsd)-0.5391	15520549	15520620	-	-	-	0	0.0	0.0
FP	NC_089041.1	NC_089041.1:13654088-13654356(13654089:13654356|tsd_l:tsd)-0.5700	15520588	15520648	-	-	-	0	0.0	0.0
FP	NC_089041.1	NC_089041.1:16011523-16011698(16011524:16011698|tsd_l:tsd)-0.5607	16011476	16011511	-	-	-	0	0.0	0.0
FP	NC_089041.1	NC_089041.1:16278447-16278598(16278448:16278598|tsd_l:tsd)-0.5573	16278490	16278574	-	-	-	0	0.0	0.0
FP	NC_089041.1	NC_089038.1:19240366-19240838(19240367:19240838|tsd_l:tsd)-0.7372	17297572	17297622	-	-	-	0	0.0	0.0
FP	NC_089041.1	NC_089038.1:19240366-19240838(19240367:19240838|tsd_l:tsd)-0.7372	17574840	17574891	-	-	-	0	0.0	0.0
FP	NC_089041.1	NC_089038.1:19240366-19240838(19240367:19240838|tsd_l:tsd)-0.7372	18069862	18069916	-	-	-	0	0.0	0.0
FP	NC_089041.1	NC_089038.1:19240366-19240838(19240367:19240838|tsd_l:tsd)-0.7372	18742688	18742740	-	-	-	0	0.0	0.0
FP	NC_089041.1	NC_089038.1:19240366-19240838(19240367:19240838|tsd_l:tsd)-0.7372	18742841	18742893	-	-	-	0	0.0	0.0
FP	NC_089041.1	NC_089038.1:19240366-19240838(19240367:19240838|tsd_l:tsd)-0.7372	19136467	19136519	-	-	-	0	0.0	0.0
FP	NC_089041.1	NC_089042.1:21583117-21583382(21583118:21583382|tsd_l:tsd)-0.5509	19391872	19391949	-	-	-	0	0.0	0.0
FP	NC_089041.1	NC_089035.1:29397836-29398079(29397837:29398079|tsd_l:tsd)-0.6595	20590839	20590880	-	-	-	0	0.0	0.0
FP	NC_089041.1	NC_089038.1:19240366-19240838(19240367:19240838|tsd_l:tsd)-0.7372	22027244	22027299	-	-	-	0	0.0	0.0
FP	NC_089041.1	NC_089038.1:19240366-19240838(19240367:19240838|tsd_l:tsd)-0.7372	22027399	22027453	-	-	-	0	0.0	0.0
FP	NC_089041.1	NC_089038.1:19240366-19240838(19240367:19240838|tsd_l:tsd)-0.7372	22301366	22301416	-	-	-	0	0.0	0.0
FP	NC_089041.1	NC_089038.1:19240366-19240838(19240367:19240838|tsd_l:tsd)-0.7372	22560206	22560251	-	-	-	0	0.0	0.0
FP	NC_089041.1	NC_089041.1:22607624-22607809(22607625:22607809|tsd_l:tsd)-0.6138	22607475	22607546	-	-	-	0	0.0	0.0
FP	NC_089041.1	NC_089038.1:19240366-19240838(19240367:19240838|tsd_l:tsd)-0.7372	23355311	23355363	-	-	-	0	0.0	0.0
FP	NC_089041.1	NC_089041.1:24563967-24564106(24563968:24564106|tsd_l:tsd)-0.5242	24563847	24563906	-	-	-	0	0.0	0.0
FP	NC_089041.1	NC_089038.1:19240366-19240838(19240367:19240838|tsd_l:tsd)-0.7372	24617619	24617672	-	-	-	0	0.0	0.0
FP	NC_089041.1	NC_089038.1:19240366-19240838(19240367:19240838|tsd_l:tsd)-0.7372	24617776	24617828	-	-	-	0	0.0	0.0
FP	NC_089041.1	NC_089041.1:27061161-27061531(27061162:27061531|tsd_l:tsd)-0.6445	27061282	27061401	-	-	-	0	0.0	0.0
FP	NC_089041.1	NC_089038.1:19240366-19240838(19240367:19240838|tsd_l:tsd)-0.7372	27079549	27079603	-	-	-	0	0.0	0.0
FP	NC_089041.1	NC_089041.1:27396549-27396706(27396550:27396706|tsd_l:tsd)-0.6822	27396459	27396494	-	-	-	0	0.0	0.0
FP	NC_089041.1	NC_089041.1:27654388-27654546(27654389:27654546|tsd_l:tsd)-0.5285	27654361	27654408	-	-	-	0	0.0	0.0
FP	NC_089041.1	NC_089038.1:19240366-19240838(19240367:19240838|tsd_l:tsd)-0.7372	28185433	28185485	-	-	-	0	0.0	0.0
FP	NC_089041.1	NC_089038.1:19240366-19240838(19240367:19240838|tsd_l:tsd)-0.7372	28185589	28185641	-	-	-	0	0.0	0.0
FP	NC_089041.1	NC_089038.1:19240366-19240838(19240367:19240838|tsd_l:tsd)-0.7372	28397693	28397745	-	-	-	0	0.0	0.0
FP	NC_089041.1	NC_089038.1:19240366-19240838(19240367:19240838|tsd_l:tsd)-0.7372	28985528	28985580	-	-	-	0	0.0	0.0
FP	NC_089041.1	NC_089038.1:19240366-19240838(19240367:19240838|tsd_l:tsd)-0.7372	29591829	29591881	-	-	-	0	0.0	0.0
FP	NC_089041.1	NC_089038.1:19240366-19240838(19240367:19240838|tsd_l:tsd)-0.7372	29644736	29644786	-	-	-	0	0.0	0.0
FP	NC_089041.1	NC_089038.1:19240366-19240838(19240367:19240838|tsd_l:tsd)-0.7372	29644890	29644942	-	-	-	0	0.0	0.0
FP	NC_089041.1	NC_089038.1:19240366-19240838(19240367:19240838|tsd_l:tsd)-0.7372	29899304	29899356	-	-	-	0	0.0	0.0
FP	NC_089036.1	NC_089040.1:21834209-21834489(21834210:21834489|tsd_l:tsd)-0.8020	2926052	2926120	-	-	-	0	0.0	0.0
FP	NC_089036.1	NC_089038.1:19240366-19240838(19240367:19240838|tsd_l:tsd)-0.7372	4074309	4074361	-	-	-	0	0.0	0.0
FP	NC_089036.1	NC_089036.1:4515562-4515907(4515563:4515907|tsd_l:11|tsd_s:4515565|tsd_e:4515900)-0.6116	4515555	4515608	-	-	-	0	0.0	0.0
FP	NC_089036.1	NC_089036.1:4571423-4571562(4571424:4571562|tsd_l:tsd)-0.5094	4571318	4571366	-	-	-	0	0.0	0.0
FP	NC_089036.1	NC_089042.1:21583117-21583382(21583118:21583382|tsd_l:tsd)-0.5509	5776642	5776719	-	-	-	0	0.0	0.0
FP	NC_089036.1	NC_089038.1:19240366-19240838(19240367:19240838|tsd_l:tsd)-0.7372	6173463	6173515	-	-	-	0	0.0	0.0
FP	NC_089036.1	NC_089038.1:19240366-19240838(19240367:19240838|tsd_l:tsd)-0.7372	6353567	6353619	-	-	-	0	0.0	0.0
FP	NC_089036.1	NC_089038.1:19240366-19240838(19240367:19240838|tsd_l:tsd)-0.7372	6353722	6353774	-	-	-	0	0.0	0.0
FP	NC_089036.1	NC_089036.1:6426286-6426517(6426287:6426517|tsd_l:12|tsd_s:6426272|tsd_e:6426517)-0.5237	6426510	6426557	-	-	-	0	0.0	0.0
FP	NC_089036.1	NC_089036.1:6732253-6732551(6732254:6732551|tsd_l:tsd)-0.5317	6732307	6732418	-	-	-	0	0.0	0.0
FP	NC_089036.1	NC_089038.1:19240366-19240838(19240367:19240838|tsd_l:tsd)-0.7372	6849419	6849471	-	-	-	0	0.0	0.0
FP	NC_089036.1	NC_089038.1:19240366-19240838(19240367:19240838|tsd_l:tsd)-0.7372	7037831	7037883	-	-	-	0	0.0	0.0
FP	NC_089036.1	NC_089038.1:19240366-19240838(19240367:19240838|tsd_l:tsd)-0.7372	7037986	7038038	-	-	-	0	0.0	0.0
FP	NC_089036.1	NC_089038.1:19240366-19240838(19240367:19240838|tsd_l:tsd)-0.7372	7132886	7132938	-	-	-	0	0.0	0.0
FP	NC_089036.1	NC_089038.1:19240366-19240838(19240367:19240838|tsd_l:tsd)-0.7372	7164543	7164596	-	-	-	0	0.0	0.0
FP	NC_089036.1	NC_089039.1:855849-856111(855850:856111|tsd_l:11|tsd_s:855850|tsd_e:856115)-0.7031	7268496	7268652	-	-	-	0	0.0	0.0
FP	NC_089036.1	NC_089036.1:7268732-7268911(7268733:7268911|tsd_l:tsd)-0.5391	7268789	7268861	-	-	-	0	0.0	0.0
FP	NC_089036.1	NC_089039.1:855849-856111(855850:856111|tsd_l:11|tsd_s:855850|tsd_e:856115)-0.7031	7317251	7317404	-	-	-	0	0.0	0.0
FP	NC_089036.1	NC_089036.1:8703938-8704175(8703939:8704175|tsd_l:16|tsd_s:8703945|tsd_e:8704175)-0.5880	7317497	7317556	-	-	-	0	0.0	0.0
FP	NC_089036.1	NC_089035.1:29397836-29398079(29397837:29398079|tsd_l:tsd)-0.6595	8181367	8181408	-	-	-	0	0.0	0.0
FP	NC_089036.1	NC_089036.1:8611466-8611699(8611467:8611699|tsd_l:tsd)-0.7530	8611601	8611659	-	-	-	0	0.0	0.0
FP	NC_089036.1	NC_089036.1:8703938-8704175(8703939:8704175|tsd_l:16|tsd_s:8703945|tsd_e:8704175)-0.5880	8703921	8703980	-	-	-	0	0.0	0.0
FP	NC_089036.1	NC_089039.1:855849-856111(855850:856111|tsd_l:11|tsd_s:855850|tsd_e:856115)-0.7031	8704073	8704226	-	-	-	0	0.0	0.0
FP	NC_089036.1	NC_089038.1:19240366-19240838(19240367:19240838|tsd_l:tsd)-0.7372	8859086	8859138	-	-	-	0	0.0	0.0
FP	NC_089036.1	NC_089038.1:19240366-19240838(19240367:19240838|tsd_l:tsd)-0.7372	8872713	8872765	-	-	-	0	0.0	0.0
FP	NC_089036.1	NC_089036.1:8703938-8704175(8703939:8704175|tsd_l:16|tsd_s:8703945|tsd_e:8704175)-0.5880	9765544	9765603	-	-	-	0	0.0	0.0
FP	NC_089036.1	NC_089039.1:855849-856111(855850:856111|tsd_l:11|tsd_s:855850|tsd_e:856115)-0.7031	9765696	9765848	-	-	-	0	0.0	0.0
FP	NC_089036.1	NC_089036.1:11125190-11125294(11125191:11125294|tsd_l:tsd)-0.5271	11125041	11125075	-	-	-	0	0.0	0.0
FP	NC_089036.1	NC_089035.1:12855292-12855542(12855293:12855542|tsd_l:tsd)-0.6306	11273640	11273904	-	-	-	0	0.0	0.0
FP	NC_089036.1	NC_089036.1:12309106-12309293(12309107:12309293|tsd_l:tsd)-0.7924	12309107	12309184	-	-	-	0	0.0	0.0
FP	NC_089036.1	NC_089038.1:31540647-31540928(31540648:31540928|tsd_l:tsd)-0.8156	12792136	12792230	-	-	-	0	0.0	0.0
FP	NC_089036.1	NC_089035.1:9169789-9169952(9169790:9169952|tsd_l:11|tsd_s:9169796|tsd_e:9169974)-0.7230	13299639	13299761	-	-	-	0	0.0	0.0
FP	NC_089036.1	NC_089036.1:18485056-18485177(18485057:18485177|tsd_l:tsd)-0.5218	18485059	18485106	-	-	-	0	0.0	0.0
FP	NC_089036.1	NC_089038.1:19240366-19240838(19240367:19240838|tsd_l:tsd)-0.7372	19634881	19634933	-	-	-	0	0.0	0.0
FP	NC_089036.1	NC_089038.1:19240366-19240838(19240367:19240838|tsd_l:tsd)-0.7372	20082672	20082724	-	-	-	0	0.0	0.0
FP	NC_089036.1	NC_089038.1:19240366-19240838(19240367:19240838|tsd_l:tsd)-0.7372	20318773	20318825	-	-	-	0	0.0	0.0
FP	NC_089036.1	NC_089038.1:19240366-19240838(19240367:19240838|tsd_l:tsd)-0.7372	20318928	20318980	-	-	-	0	0.0	0.0
FP	NC_089036.1	NC_089038.1:31540647-31540928(31540648:31540928|tsd_l:tsd)-0.8156	20958659	20958765	-	-	-	0	0.0	0.0
FP	NC_089036.1	NC_089042.1:21583117-21583382(21583118:21583382|tsd_l:tsd)-0.5509	20958712	20958790	-	-	-	0	0.0	0.0
FP	NC_089036.1	NC_089038.1:31540647-31540928(31540648:31540928|tsd_l:tsd)-0.8156	21831597	21831700	-	-	-	0	0.0	0.0
FP	NC_089036.1	NC_089036.1:21831571-21831753(21831572:21831753|tsd_l:tsd)-0.5080	21831701	21831736	-	-	-	0	0.0	0.0
FP	NC_089036.1	NC_089038.1:19240366-19240838(19240367:19240838|tsd_l:tsd)-0.7372	22394877	22394928	-	-	-	0	0.0	0.0
FP	NC_089036.1	NC_089036.1:22694795-22694935(22694796:22694935|tsd_l:16|tsd_s:22694796|tsd_e:22694936)-0.7097	22694729	22694829	-	-	-	0	0.0	0.0
FP	NC_089036.1	NC_089038.1:19240366-19240838(19240367:19240838|tsd_l:tsd)-0.7372	23214544	23214596	-	-	-	0	0.0	0.0
FP	NC_089036.1	NC_089036.1:23973776-23974033(23973777:23974033|tsd_l:tsd)-0.5037	23973776	23973841	-	-	-	0	0.0	0.0
FP	NC_089036.1	NC_089038.1:19240366-19240838(19240367:19240838|tsd_l:tsd)-0.7372	23987304	23987358	-	-	-	0	0.0	0.0
FP	NC_089036.1	NC_089038.1:19240366-19240838(19240367:19240838|tsd_l:tsd)-0.7372	24649022	24649073	-	-	-	0	0.0	0.0
FP	NC_089036.1	NC_089038.1:19240366-19240838(19240367:19240838|tsd_l:tsd)-0.7372	24649168	24649222	-	-	-	0	0.0	0.0
FP	NC_089036.1	NC_089036.1:26357167-26357463(26357168:26357463|tsd_l:tsd)-0.7645	26357293	26357388	-	-	-	0	0.0	0.0
FP	NC_089036.1	NC_089042.1:21583117-21583382(21583118:21583382|tsd_l:tsd)-0.5509	26746384	26746461	-	-	-	0	0.0	0.0
FP	NC_089036.1	NC_089038.1:19240366-19240838(19240367:19240838|tsd_l:tsd)-0.7372	26878553	26878605	-	-	-	0	0.0	0.0
FP	NC_089036.1	NC_089038.1:19240366-19240838(19240367:19240838|tsd_l:tsd)-0.7372	28117536	28117588	-	-	-	0	0.0	0.0
FP	NC_089036.1	NC_089038.1:19240366-19240838(19240367:19240838|tsd_l:tsd)-0.7372	28117692	28117744	-	-	-	0	0.0	0.0
FP	NC_089036.1	NC_089038.1:19240366-19240838(19240367:19240838|tsd_l:tsd)-0.7372	28340971	28341023	-	-	-	0	0.0	0.0
FP	NC_089036.1	NC_089038.1:19240366-19240838(19240367:19240838|tsd_l:tsd)-0.7372	28341126	28341178	-	-	-	0	0.0	0.0
FP	NC_089036.1	NC_089036.1:29636601-29636687(29636602:29636687|tsd_l:tsd)-0.7622	29636488	29636544	-	-	-	0	0.0	0.0
FP	NC_089036.1	NC_089038.1:19240366-19240838(19240367:19240838|tsd_l:tsd)-0.7372	31596860	31596912	-	-	-	0	0.0	0.0
FP	NC_089036.1	NC_089038.1:19240366-19240838(19240367:19240838|tsd_l:tsd)-0.7372	31597015	31597067	-	-	-	0	0.0	0.0
FP	NC_089036.1	NC_089038.1:19240366-19240838(19240367:19240838|tsd_l:tsd)-0.7372	31899339	31899391	-	-	-	0	0.0	0.0
FP	NC_089036.1	NC_089036.1:32329602-32329790(32329603:32329790|tsd_l:13|tsd_s:32329619|tsd_e:32329793)-0.6906	32329669	32329771	-	-	-	0	0.0	0.0
FP	NC_089036.1	NC_089038.1:19240366-19240838(19240367:19240838|tsd_l:tsd)-0.7372	33443745	33443797	-	-	-	0	0.0	0.0
FP	NC_089036.1	NC_089038.1:19240366-19240838(19240367:19240838|tsd_l:tsd)-0.7372	33443900	33443952	-	-	-	0	0.0	0.0
FP	NC_089036.1	NC_089038.1:19240366-19240838(19240367:19240838|tsd_l:tsd)-0.7372	33585596	33585648	-	-	-	0	0.0	0.0
FP	NC_089036.1	NC_089038.1:19240366-19240838(19240367:19240838|tsd_l:tsd)-0.7372	33585752	33585804	-	-	-	0	0.0	0.0
FP	NC_089036.1	NC_089038.1:19240366-19240838(19240367:19240838|tsd_l:tsd)-0.7372	33609597	33609649	-	-	-	0	0.0	0.0
FP	NC_089036.1	NC_089036.1:34423436-34423522(34423437:34423522|tsd_l:tsd)-0.6517	34423299	34423369	-	-	-	0	0.0	0.0
FP	NC_089036.1	NC_089036.1:35120799-35120925(35120800:35120925|tsd_l:tsd)-0.5327	35120751	35120792	-	-	-	0	0.0	0.0
FP	NC_089036.1	NC_089038.1:19240366-19240838(19240367:19240838|tsd_l:tsd)-0.7372	35553139	35553191	-	-	-	0	0.0	0.0
FP	NC_089036.1	NC_089038.1:19240366-19240838(19240367:19240838|tsd_l:tsd)-0.7372	35553294	35553346	-	-	-	0	0.0	0.0
FP	NC_089036.1	NC_089038.1:19240366-19240838(19240367:19240838|tsd_l:tsd)-0.7372	36351288	36351343	-	-	-	0	0.0	0.0
FP	NC_089045.1	NC_089045.1:400231-400444(400232:400444|tsd_l:tsd)-0.6035	400232	400307	-	-	-	0	0.0	0.0
FP	NC_089045.1	NC_089038.1:19240366-19240838(19240367:19240838|tsd_l:tsd)-0.7372	1493917	1493969	-	-	-	0	0.0	0.0
FP	NC_089045.1	NC_089038.1:19240366-19240838(19240367:19240838|tsd_l:tsd)-0.7372	1851592	1851644	-	-	-	0	0.0	0.0
FP	NC_089045.1	NC_089045.1:2100159-2100385(2100160:2100385|tsd_l:tsd)-0.6531	2100016	2100093	-	-	-	0	0.0	0.0
FP	NC_089045.1	NC_089045.1:2448336-2448575(2448337:2448575|tsd_l:tsd)-0.7291	2448411	2448482	-	-	-	0	0.0	0.0
FP	NC_089045.1	NC_089045.1:2687890-2688222(2687891:2688222|tsd_l:tsd)-0.7876	2687825	2687917	-	-	-	0	0.0	0.0
FP	NC_089045.1	NC_089045.1:2726150-2726418(2726151:2726418|tsd_l:tsd)-0.5663	2726181	2726258	-	-	-	0	0.0	0.0
FP	NC_089045.1	NC_089045.1:5201400-5201542(5201401:5201542|tsd_l:tsd)-0.5544	5201275	5201340	-	-	-	0	0.0	0.0
FP	NC_089045.1	NC_089038.1:19240366-19240838(19240367:19240838|tsd_l:tsd)-0.7372	5790111	5790163	-	-	-	0	0.0	0.0
FP	NC_089045.1	NC_089038.1:19240366-19240838(19240367:19240838|tsd_l:tsd)-0.7372	6256902	6256954	-	-	-	0	0.0	0.0
FP	NC_089045.1	NC_089042.1:21583117-21583382(21583118:21583382|tsd_l:tsd)-0.5509	6477630	6477707	-	-	-	0	0.0	0.0
FP	NC_089045.1	NC_089042.1:21583117-21583382(21583118:21583382|tsd_l:tsd)-0.5509	6513733	6513810	-	-	-	0	0.0	0.0
FP	NC_089045.1	NC_089045.1:8323234-8323384(8323235:8323384|tsd_l:tsd)-0.5373	8323231	8323295	-	-	-	0	0.0	0.0
FP	NC_089045.1	NC_089045.1:8409394-8409631(8409395:8409631|tsd_l:tsd)-0.5453	8409401	8409670	-	-	-	0	0.0	0.0
FP	NC_089045.1	NC_089042.1:21583117-21583382(21583118:21583382|tsd_l:tsd)-0.5509	8757751	8757829	-	-	-	0	0.0	0.0
FP	NC_089045.1	NC_089045.1:9449552-9449718(9449553:9449718|tsd_l:tsd)-0.5023	9449526	9449561	-	-	-	0	0.0	0.0
FP	NC_089045.1	NC_089045.1:9946187-9946532(9946188:9946532|tsd_l:tsd)-0.6746	9946388	9946465	-	-	-	0	0.0	0.0
FP	NC_089045.1	NC_089037.1:24409041-24409161(24409042:24409161|tsd_l:tsd)-0.6378	10163580	10163669	-	-	-	0	0.0	0.0
FP	NC_089045.1	NC_089038.1:19240366-19240838(19240367:19240838|tsd_l:tsd)-0.7372	10403414	10403466	-	-	-	0	0.0	0.0
FP	NC_089045.1	NC_089045.1:10721788-10722088(10721789:10722088|tsd_l:13|tsd_s:10721788|tsd_e:10722094)-0.7953	10721777	10721878	-	-	-	0	0.0	0.0
FP	NC_089045.1	NC_089045.1:11739798-11740099(11739799:11740099|tsd_l:tsd)-0.5570	11739710	11739777	-	-	-	0	0.0	0.0
FP	NC_089045.1	NC_089039.1:855849-856111(855850:856111|tsd_l:11|tsd_s:855850|tsd_e:856115)-0.7031	16228845	16228989	-	-	-	0	0.0	0.0
FP	NC_089045.1	NC_089038.1:19240366-19240838(19240367:19240838|tsd_l:tsd)-0.7372	18301914	18301966	-	-	-	0	0.0	0.0
FP	NC_089045.1	NC_089045.1:18575907-18576166(18575908:18576166|tsd_l:tsd)-0.5487	18575932	18575983	-	-	-	0	0.0	0.0
FP	NC_089045.1	NC_089038.1:19240366-19240838(19240367:19240838|tsd_l:tsd)-0.7372	20164074	20164126	-	-	-	0	0.0	0.0
FP	NC_089045.1	NC_089045.1:20494296-20494542(20494297:20494542|tsd_l:tsd)-0.7008	20494285	20494332	-	-	-	0	0.0	0.0
FP	NC_089045.1	NC_089038.1:19240366-19240838(19240367:19240838|tsd_l:tsd)-0.7372	20718449	20718501	-	-	-	0	0.0	0.0
FP	NC_089045.1	NC_089038.1:19240366-19240838(19240367:19240838|tsd_l:tsd)-0.7372	21127982	21128034	-	-	-	0	0.0	0.0
FP	NC_089045.1	NC_089038.1:19240366-19240838(19240367:19240838|tsd_l:tsd)-0.7372	21396284	21396336	-	-	-	0	0.0	0.0
FP	NC_089045.1	NC_089045.1:21421865-21421997(21421866:21421997|tsd_l:tsd)-0.8999	21421824	21421985	-	-	-	0	0.0	0.0
FP	NC_089045.1	NC_089038.1:19240366-19240838(19240367:19240838|tsd_l:tsd)-0.7372	22246318	22246370	-	-	-	0	0.0	0.0
FP	NC_089045.1	NC_089038.1:19240366-19240838(19240367:19240838|tsd_l:tsd)-0.7372	22246473	22246525	-	-	-	0	0.0	0.0
FP	NC_089045.1	NC_089045.1:22545407-22545676(22545408:22545676|tsd_l:tsd)-0.6279	22545419	22545526	-	-	-	0	0.0	0.0
FP	NC_089045.1	NC_089045.1:22717003-22717289(22717004:22717289|tsd_l:12|tsd_s:22717006|tsd_e:22717291)-0.5456	22717161	22717219	-	-	-	0	0.0	0.0
FP	NC_089045.1	NC_089042.1:21583117-21583382(21583118:21583382|tsd_l:tsd)-0.5509	23004391	23004472	-	-	-	0	0.0	0.0
FP	NC_089045.1	NC_089038.1:19240366-19240838(19240367:19240838|tsd_l:tsd)-0.7372	23973729	23973781	-	-	-	0	0.0	0.0
FP	NC_089045.1	NC_089038.1:19240366-19240838(19240367:19240838|tsd_l:tsd)-0.7372	23973884	23973934	-	-	-	0	0.0	0.0
FP	NC_089045.1	NC_089045.1:24494810-24495073(24494811:24495073|tsd_l:tsd)-0.5037	24494929	24494970	-	-	-	0	0.0	0.0
FP	NC_089045.1	NC_089045.1:24954678-24954865(24954679:24954865|tsd_l:14|tsd_s:24954680|tsd_e:24954868)-0.5237	24954690	24954797	-	-	-	0	0.0	0.0
FP	NC_089045.1	NC_089045.1:25006932-25007098(25006933:25007098|tsd_l:tsd)-0.7810	25006918	25007007	-	-	-	0	0.0	0.0
FP	NC_089045.1	NC_089038.1:19240366-19240838(19240367:19240838|tsd_l:tsd)-0.7372	26346241	26346293	-	-	-	0	0.0	0.0
FP	NC_089045.1	NC_089038.1:19240366-19240838(19240367:19240838|tsd_l:tsd)-0.7372	26346396	26346448	-	-	-	0	0.0	0.0
FP	NC_089045.1	NC_089042.1:21583117-21583382(21583118:21583382|tsd_l:tsd)-0.5509	26346522	26346600	-	-	-	0	0.0	0.0
FP	NC_089045.1	NC_089037.1:17164917-17165222(17164918:17165222|tsd_l:16|tsd_s:17164919|tsd_e:17165222)-0.7336	27079301	27079393	-	-	-	0	0.0	0.0
FP	NC_089045.1	NC_089045.1:27082595-27082853(27082596:27082853|tsd_l:tsd)-0.8222	27082749	27082838	-	-	-	0	0.0	0.0
FP	NC_089045.1	NC_089042.1:21583117-21583382(21583118:21583382|tsd_l:tsd)-0.5509	27177228	27177296	-	-	-	0	0.0	0.0
FP	NC_089045.1	NC_089038.1:19240366-19240838(19240367:19240838|tsd_l:tsd)-0.7372	27422678	27422730	-	-	-	0	0.0	0.0
FP	NC_089045.1	NC_089038.1:19240366-19240838(19240367:19240838|tsd_l:tsd)-0.7372	27467679	27467731	-	-	-	0	0.0	0.0
FP	NC_089045.1	NC_089038.1:12280842-12281116(12280843:12281116|tsd_l:tsd)-0.6747	27810679	27810764	-	-	-	0	0.0	0.0
FP	NC_089045.1	NC_089038.1:31540647-31540928(31540648:31540928|tsd_l:tsd)-0.8156	27810836	27810941	-	-	-	0	0.0	0.0
FP	NC_089045.1	NC_089038.1:19240366-19240838(19240367:19240838|tsd_l:tsd)-0.7372	28111510	28111562	-	-	-	0	0.0	0.0
FP	NC_089045.1	NC_089038.1:19240366-19240838(19240367:19240838|tsd_l:tsd)-0.7372	28111665	28111716	-	-	-	0	0.0	0.0
FP	NC_089045.1	NC_089038.1:19240366-19240838(19240367:19240838|tsd_l:tsd)-0.7372	28229780	28229832	-	-	-	0	0.0	0.0
FP	NC_089045.1	NC_089038.1:19240366-19240838(19240367:19240838|tsd_l:tsd)-0.7372	28230875	28230927	-	-	-	0	0.0	0.0
FP	NC_089045.1	NC_089038.1:19240366-19240838(19240367:19240838|tsd_l:tsd)-0.7372	29073444	29073495	-	-	-	0	0.0	0.0
FP	NC_089045.1	NC_089038.1:19240366-19240838(19240367:19240838|tsd_l:tsd)-0.7372	30318755	30318807	-	-	-	0	0.0	0.0
FP	NC_089045.1	NC_089038.1:19240366-19240838(19240367:19240838|tsd_l:tsd)-0.7372	30318910	30318962	-	-	-	0	0.0	0.0
FP	NC_089045.1	NC_089038.1:19240366-19240838(19240367:19240838|tsd_l:tsd)-0.7372	30780674	30780726	-	-	-	0	0.0	0.0
FP	NC_089043.1	NC_089038.1:19240366-19240838(19240367:19240838|tsd_l:tsd)-0.7372	4163547	4163601	-	-	-	0	0.0	0.0
FP	NC_089043.1	NC_089038.1:19240366-19240838(19240367:19240838|tsd_l:tsd)-0.7372	4945028	4945080	-	-	-	0	0.0	0.0
FP	NC_089043.1	NC_089038.1:19240366-19240838(19240367:19240838|tsd_l:tsd)-0.7372	4967069	4967121	-	-	-	0	0.0	0.0
FP	NC_089043.1	NC_089038.1:19240366-19240838(19240367:19240838|tsd_l:tsd)-0.7372	4967224	4967276	-	-	-	0	0.0	0.0
FP	NC_089043.1	NC_089043.1:5048406-5048691(5048407:5048691|tsd_l:tsd)-0.5915	5048548	5048613	-	-	-	0	0.0	0.0
FP	NC_089043.1	NC_089042.1:21583117-21583382(21583118:21583382|tsd_l:tsd)-0.5509	6036978	6037051	-	-	-	0	0.0	0.0
FP	NC_089043.1	NC_089043.1:6113906-6114174(6113907:6114174|tsd_l:tsd)-0.6252	6113872	6113931	-	-	-	0	0.0	0.0
FP	NC_089043.1	NC_089043.1:7425937-7426349(7425938:7426349|tsd_l:tsd)-0.6164	7426046	7426123	-	-	-	0	0.0	0.0
FP	NC_089043.1	NC_089039.1:855849-856111(855850:856111|tsd_l:11|tsd_s:855850|tsd_e:856115)-0.7031	9695491	9695645	-	-	-	0	0.0	0.0
FP	NC_089043.1	NC_089039.1:855849-856111(855850:856111|tsd_l:11|tsd_s:855850|tsd_e:856115)-0.7031	9736977	9737131	-	-	-	0	0.0	0.0
FP	NC_089043.1	NC_089038.1:19240366-19240838(19240367:19240838|tsd_l:tsd)-0.7372	10597075	10597127	-	-	-	0	0.0	0.0
FP	NC_089043.1	NC_089038.1:19240366-19240838(19240367:19240838|tsd_l:tsd)-0.7372	11211174	11211226	-	-	-	0	0.0	0.0
FP	NC_089043.1	NC_089038.1:19240366-19240838(19240367:19240838|tsd_l:tsd)-0.7372	11211329	11211381	-	-	-	0	0.0	0.0
FP	NC_089043.1	NC_089038.1:19240366-19240838(19240367:19240838|tsd_l:tsd)-0.7372	11499210	11499262	-	-	-	0	0.0	0.0
FP	NC_089043.1	NC_089043.1:12082115-12082394(12082116:12082394|tsd_l:tsd)-0.5332	12082420	12082497	-	-	-	0	0.0	0.0
FP	NC_089043.1	NC_089035.1:29397836-29398079(29397837:29398079|tsd_l:tsd)-0.6595	12173019	12173060	-	-	-	0	0.0	0.0
FP	NC_089043.1	NC_089038.1:19240366-19240838(19240367:19240838|tsd_l:tsd)-0.7372	12522616	12522668	-	-	-	0	0.0	0.0
FP	NC_089043.1	NC_089038.1:19240366-19240838(19240367:19240838|tsd_l:tsd)-0.7372	12948054	12948106	-	-	-	0	0.0	0.0
FP	NC_089043.1	NC_089039.1:855849-856111(855850:856111|tsd_l:11|tsd_s:855850|tsd_e:856115)-0.7031	13637311	13637465	-	-	-	0	0.0	0.0
FP	NC_089043.1	NC_089038.1:19240366-19240838(19240367:19240838|tsd_l:tsd)-0.7372	13715029	13715081	-	-	-	0	0.0	0.0
FP	NC_089043.1	NC_089038.1:19240366-19240838(19240367:19240838|tsd_l:tsd)-0.7372	13812291	13812343	-	-	-	0	0.0	0.0
FP	NC_089043.1	NC_089043.1:13905793-13905941(13905794:13905941|tsd_l:tsd)-0.5236	13905807	13905901	-	-	-	0	0.0	0.0
FP	NC_089043.1	NC_089035.1:29397836-29398079(29397837:29398079|tsd_l:tsd)-0.6595	13925256	13925297	-	-	-	0	0.0	0.0
FP	NC_089043.1	NC_089043.1:14121336-14121483(14121337:14121483|tsd_l:tsd)-0.5783	14121187	14121228	-	-	-	0	0.0	0.0
FP	NC_089043.1	NC_089038.1:19240366-19240838(19240367:19240838|tsd_l:tsd)-0.7372	14144211	14144263	-	-	-	0	0.0	0.0
FP	NC_089043.1	NC_089038.1:19240366-19240838(19240367:19240838|tsd_l:tsd)-0.7372	14359081	14359135	-	-	-	0	0.0	0.0
FP	NC_089043.1	NC_089038.1:4665183-4665436(4665184:4665436|tsd_l:tsd)-0.5522	14413336	14413405	-	-	-	0	0.0	0.0
FP	NC_089043.1	NC_089043.1:14538886-14539291(14538887:14539291|tsd_l:tsd)-0.5499	14539112	14539147	-	-	-	0	0.0	0.0
FP	NC_089043.1	NC_089039.1:855849-856111(855850:856111|tsd_l:11|tsd_s:855850|tsd_e:856115)-0.7031	15155905	15156059	-	-	-	0	0.0	0.0
FP	NC_089043.1	NC_089038.1:19240366-19240838(19240367:19240838|tsd_l:tsd)-0.7372	16981235	16981287	-	-	-	0	0.0	0.0
FP	NC_089043.1	NC_089042.1:21583117-21583382(21583118:21583382|tsd_l:tsd)-0.5509	17102185	17102252	-	-	-	0	0.0	0.0
FP	NC_089043.1	NC_089043.1:17705425-17705512(17705426:17705512|tsd_l:tsd)-0.7544	17705413	17705490	-	-	-	0	0.0	0.0
FP	NC_089043.1	NC_089038.1:19240366-19240838(19240367:19240838|tsd_l:tsd)-0.7372	17791061	17791113	-	-	-	0	0.0	0.0
FP	NC_089043.1	NC_089038.1:19240366-19240838(19240367:19240838|tsd_l:tsd)-0.7372	18071791	18071845	-	-	-	0	0.0	0.0
FP	NC_089043.1	NC_089035.1:29397836-29398079(29397837:29398079|tsd_l:tsd)-0.6595	18145094	18145135	-	-	-	0	0.0	0.0
FP	NC_089043.1	NC_089038.1:19240366-19240838(19240367:19240838|tsd_l:tsd)-0.7372	18488790	18488836	-	-	-	0	0.0	0.0
FP	NC_089043.1	NC_089038.1:19240366-19240838(19240367:19240838|tsd_l:tsd)-0.7372	19063371	19063423	-	-	-	0	0.0	0.0
FP	NC_089043.1	NC_089038.1:19240366-19240838(19240367:19240838|tsd_l:tsd)-0.7372	19573426	19573478	-	-	-	0	0.0	0.0
FP	NC_089043.1	NC_089043.1:20120287-20120475(20120288:20120475|tsd_l:tsd)-0.5468	20120347	20120418	-	-	-	0	0.0	0.0
FP	NC_089043.1	NC_089038.1:19240366-19240838(19240367:19240838|tsd_l:tsd)-0.7372	20304040	20304092	-	-	-	0	0.0	0.0
FP	NC_089043.1	NC_089038.1:19240366-19240838(19240367:19240838|tsd_l:tsd)-0.7372	20487334	20487386	-	-	-	0	0.0	0.0
FP	NC_089043.1	NC_089038.1:19240366-19240838(19240367:19240838|tsd_l:tsd)-0.7372	20568757	20568809	-	-	-	0	0.0	0.0
FP	NC_089043.1	NC_089038.1:19240366-19240838(19240367:19240838|tsd_l:tsd)-0.7372	20568913	20568965	-	-	-	0	0.0	0.0
FP	NC_089043.1	NC_089038.1:19240366-19240838(19240367:19240838|tsd_l:tsd)-0.7372	20785140	20785192	-	-	-	0	0.0	0.0
FP	NC_089043.1	NC_089043.1:20967195-20967381(20967196:20967381|tsd_l:tsd)-0.5174	20967378	20967413	-	-	-	0	0.0	0.0
FP	NC_089043.1	NC_089038.1:19240366-19240838(19240367:19240838|tsd_l:tsd)-0.7372	21151134	21151186	-	-	-	0	0.0	0.0
FP	NC_089043.1	NC_089038.1:19240366-19240838(19240367:19240838|tsd_l:tsd)-0.7372	21151289	21151341	-	-	-	0	0.0	0.0
FP	NC_089043.1	NC_089038.1:19240366-19240838(19240367:19240838|tsd_l:tsd)-0.7372	21683377	21683427	-	-	-	0	0.0	0.0
FP	NC_089043.1	NC_089042.1:21583117-21583382(21583118:21583382|tsd_l:tsd)-0.5509	22045929	22046010	-	-	-	0	0.0	0.0
FP	NC_089043.1	NC_089038.1:19240366-19240838(19240367:19240838|tsd_l:tsd)-0.7372	22298306	22298358	-	-	-	0	0.0	0.0
FP	NC_089043.1	NC_089038.1:19240366-19240838(19240367:19240838|tsd_l:tsd)-0.7372	22298461	22298513	-	-	-	0	0.0	0.0
FP	NC_089043.1	NC_089038.1:19240366-19240838(19240367:19240838|tsd_l:tsd)-0.7372	22606008	22606060	-	-	-	0	0.0	0.0
FP	NC_089043.1	NC_089038.1:19240366-19240838(19240367:19240838|tsd_l:tsd)-0.7372	23237471	23237523	-	-	-	0	0.0	0.0
FP	NC_089043.1	NC_089038.1:19240366-19240838(19240367:19240838|tsd_l:tsd)-0.7372	23237626	23237678	-	-	-	0	0.0	0.0
FP	NC_089043.1	NC_089042.1:21583117-21583382(21583118:21583382|tsd_l:tsd)-0.5509	23503471	23503544	-	-	-	0	0.0	0.0
FP	NC_089043.1	NC_089042.1:5888385-5888552(5888386:5888552|tsd_l:16|tsd_s:5888404|tsd_e:5888540)-0.6540	23862384	23862477	-	-	-	0	0.0	0.0
FP	NC_089043.1	NC_089043.1:24280724-24280918(24280725:24280918|tsd_l:tsd)-0.5741	24280707	24280748	-	-	-	0	0.0	0.0
FP	NC_089043.1	NC_089038.1:19240366-19240838(19240367:19240838|tsd_l:tsd)-0.7372	24637638	24637690	-	-	-	0	0.0	0.0
FP	NC_089043.1	NC_089038.1:19240366-19240838(19240367:19240838|tsd_l:tsd)-0.7372	25195168	25195220	-	-	-	0	0.0	0.0
FP	NC_089043.1	NC_089038.1:19240366-19240838(19240367:19240838|tsd_l:tsd)-0.7372	25195323	25195375	-	-	-	0	0.0	0.0
FP	NC_089043.1	NC_089043.1:25409763-25409978(25409764:25409978|tsd_l:tsd)-0.5233	25409614	25409648	-	-	-	0	0.0	0.0
FP	NC_089043.1	NC_089042.1:21583117-21583382(21583118:21583382|tsd_l:tsd)-0.5509	25409809	25409886	-	-	-	0	0.0	0.0
FP	NC_089043.1	NC_089038.1:19240366-19240838(19240367:19240838|tsd_l:tsd)-0.7372	25631028	25631072	-	-	-	0	0.0	0.0
FP	NC_089043.1	NC_089038.1:19240366-19240838(19240367:19240838|tsd_l:tsd)-0.7372	25646178	25646230	-	-	-	0	0.0	0.0
FP	NC_089043.1	NC_089038.1:19240366-19240838(19240367:19240838|tsd_l:tsd)-0.7372	25646333	25646385	-	-	-	0	0.0	0.0
FP	NC_089043.1	NC_089038.1:19240366-19240838(19240367:19240838|tsd_l:tsd)-0.7372	26332147	26332199	-	-	-	0	0.0	0.0
FP	NC_089035.1	NC_089038.1:19240366-19240838(19240367:19240838|tsd_l:tsd)-0.7372	161058	161110	-	-	-	0	0.0	0.0
FP	NC_089035.1	NC_089038.1:19240366-19240838(19240367:19240838|tsd_l:tsd)-0.7372	633835	633887	-	-	-	0	0.0	0.0
FP	NC_089035.1	NC_089038.1:19240366-19240838(19240367:19240838|tsd_l:tsd)-0.7372	633990	634042	-	-	-	0	0.0	0.0
FP	NC_089035.1	NC_089040.1:10031057-10031199(10031058:10031199|tsd_l:14|tsd_s:10031058|tsd_e:10031200)-0.7832	852316	852389	-	-	-	0	0.0	0.0
FP	NC_089035.1	NC_089038.1:19240366-19240838(19240367:19240838|tsd_l:tsd)-0.7372	1699898	1699950	-	-	-	0	0.0	0.0
FP	NC_089035.1	NC_089038.1:19240366-19240838(19240367:19240838|tsd_l:tsd)-0.7372	1892548	1892599	-	-	-	0	0.0	0.0
FP	NC_089035.1	NC_089035.1:12855292-12855542(12855293:12855542|tsd_l:tsd)-0.6306	2330220	2330476	-	-	-	0	0.0	0.0
FP	NC_089035.1	NC_089038.1:19240366-19240838(19240367:19240838|tsd_l:tsd)-0.7372	2341650	2341702	-	-	-	0	0.0	0.0
FP	NC_089035.1	NC_089038.1:19240366-19240838(19240367:19240838|tsd_l:tsd)-0.7372	2663894	2663946	-	-	-	0	0.0	0.0
FP	NC_089035.1	NC_089038.1:19240366-19240838(19240367:19240838|tsd_l:tsd)-0.7372	3378625	3378677	-	-	-	0	0.0	0.0
FP	NC_089035.1	NC_089038.1:19240366-19240838(19240367:19240838|tsd_l:tsd)-0.7372	4093009	4093061	-	-	-	0	0.0	0.0
FP	NC_089035.1	NC_089038.1:19240366-19240838(19240367:19240838|tsd_l:tsd)-0.7372	4581611	4581663	-	-	-	0	0.0	0.0
FP	NC_089035.1	NC_089038.1:19240366-19240838(19240367:19240838|tsd_l:tsd)-0.7372	4866661	4866715	-	-	-	0	0.0	0.0
FP	NC_089035.1	NC_089038.1:19240366-19240838(19240367:19240838|tsd_l:tsd)-0.7372	4879712	4879764	-	-	-	0	0.0	0.0
FP	NC_089035.1	NC_089038.1:19240366-19240838(19240367:19240838|tsd_l:tsd)-0.7372	4922950	4923002	-	-	-	0	0.0	0.0
FP	NC_089035.1	NC_089038.1:19240366-19240838(19240367:19240838|tsd_l:tsd)-0.7372	5327294	5327346	-	-	-	0	0.0	0.0
FP	NC_089035.1	NC_089038.1:19240366-19240838(19240367:19240838|tsd_l:tsd)-0.7372	5624005	5624057	-	-	-	0	0.0	0.0
FP	NC_089035.1	NC_089038.1:19240366-19240838(19240367:19240838|tsd_l:tsd)-0.7372	5669718	5669770	-	-	-	0	0.0	0.0
FP	NC_089035.1	NC_089038.1:19240366-19240838(19240367:19240838|tsd_l:tsd)-0.7372	6106986	6107038	-	-	-	0	0.0	0.0
FP	NC_089035.1	NC_089035.1:6548277-6548492(6548278:6548492|tsd_l:tsd)-0.8614	6548224	6548367	-	-	-	0	0.0	0.0
FP	NC_089035.1	NC_089038.1:19240366-19240838(19240367:19240838|tsd_l:tsd)-0.7372	7034462	7034513	-	-	-	0	0.0	0.0
FP	NC_089035.1	NC_089038.1:19240366-19240838(19240367:19240838|tsd_l:tsd)-0.7372	7412009	7412058	-	-	-	0	0.0	0.0
FP	NC_089035.1	NC_089038.1:19240366-19240838(19240367:19240838|tsd_l:tsd)-0.7372	7412164	7412216	-	-	-	0	0.0	0.0
FP	NC_089035.1	NC_089038.1:12280842-12281116(12280843:12281116|tsd_l:tsd)-0.6747	7574534	7574622	-	-	-	0	0.0	0.0
FP	NC_089035.1	NC_089038.1:19240366-19240838(19240367:19240838|tsd_l:tsd)-0.7372	7987096	7987148	-	-	-	0	0.0	0.0
FP	NC_089035.1	NC_089035.1:8491585-8492059(8491586:8492059|tsd_l:tsd)-0.5433	8491768	8491857	-	-	-	0	0.0	0.0
FP	NC_089035.1	NC_089035.1:8689751-8690048(8689752:8690048|tsd_l:20|tsd_s:8689753|tsd_e:8690045)-0.6671	8689717	8689792	-	-	-	0	0.0	0.0
FP	NC_089035.1	NC_089042.1:21583117-21583382(21583118:21583382|tsd_l:tsd)-0.5509	9030714	9030794	-	-	-	0	0.0	0.0
FP	NC_089035.1	NC_089038.1:19240366-19240838(19240367:19240838|tsd_l:tsd)-0.7372	9102994	9103046	-	-	-	0	0.0	0.0
FP	NC_089035.1	NC_089038.1:19240366-19240838(19240367:19240838|tsd_l:tsd)-0.7372	9103149	9103201	-	-	-	0	0.0	0.0
FP	NC_089035.1	NC_089035.1:9169789-9169952(9169790:9169952|tsd_l:11|tsd_s:9169796|tsd_e:9169974)-0.7230	9169814	9169945	-	-	-	0	0.0	0.0
FP	NC_089035.1	NC_089035.1:12855292-12855542(12855293:12855542|tsd_l:tsd)-0.6306	10869435	10869691	-	-	-	0	0.0	0.0
FP	NC_089035.1	NC_089035.1:12855292-12855542(12855293:12855542|tsd_l:tsd)-0.6306	12855185	12855446	-	-	-	0	0.0	0.0
FP	NC_089035.1	NC_089042.1:21583117-21583382(21583118:21583382|tsd_l:tsd)-0.5509	13897241	13897318	-	-	-	0	0.0	0.0
FP	NC_089035.1	NC_089035.1:14180698-14181007(14180699:14181007|tsd_l:tsd)-0.5089	14180988	14181035	-	-	-	0	0.0	0.0
FP	NC_089035.1	NC_089038.1:19240366-19240838(19240367:19240838|tsd_l:tsd)-0.7372	14387555	14387607	-	-	-	0	0.0	0.0
FP	NC_089035.1	NC_089038.1:19240366-19240838(19240367:19240838|tsd_l:tsd)-0.7372	14387710	14387763	-	-	-	0	0.0	0.0
FP	NC_089035.1	NC_089038.1:19240366-19240838(19240367:19240838|tsd_l:tsd)-0.7372	14515463	14515515	-	-	-	0	0.0	0.0
FP	NC_089035.1	NC_089037.1:24409041-24409161(24409042:24409161|tsd_l:tsd)-0.6378	14693043	14693134	-	-	-	0	0.0	0.0
FP	NC_089035.1	NC_089038.1:19240366-19240838(19240367:19240838|tsd_l:tsd)-0.7372	15455917	15455969	-	-	-	0	0.0	0.0
FP	NC_089035.1	NC_089038.1:19240366-19240838(19240367:19240838|tsd_l:tsd)-0.7372	15531393	15531445	-	-	-	0	0.0	0.0
FP	NC_089035.1	NC_089035.1:15915758-15916023(15915759:15916023|tsd_l:12|tsd_s:15915762|tsd_e:15916033)-0.5536	15915840	15915929	-	-	-	0	0.0	0.0
FP	NC_089035.1	NC_089035.1:12855292-12855542(12855293:12855542|tsd_l:tsd)-0.6306	16147805	16148061	-	-	-	0	0.0	0.0
FP	NC_089035.1	NC_089038.1:19240366-19240838(19240367:19240838|tsd_l:tsd)-0.7372	16661132	16661184	-	-	-	0	0.0	0.0
FP	NC_089035.1	NC_089038.1:19240366-19240838(19240367:19240838|tsd_l:tsd)-0.7372	18579421	18579472	-	-	-	0	0.0	0.0
FP	NC_089035.1	NC_089036.1:6732253-6732551(6732254:6732551|tsd_l:tsd)-0.5317	19903491	19903604	-	-	-	0	0.0	0.0
FP	NC_089035.1	NC_089038.1:19240366-19240838(19240367:19240838|tsd_l:tsd)-0.7372	20268027	20268079	-	-	-	0	0.0	0.0
FP	NC_089035.1	NC_089036.1:7268732-7268911(7268733:7268911|tsd_l:tsd)-0.5391	20622199	20622270	-	-	-	0	0.0	0.0
FP	NC_089035.1	NC_089036.1:29636601-29636687(29636602:29636687|tsd_l:tsd)-0.7622	20971713	20971766	-	-	-	0	0.0	0.0
FP	NC_089035.1	NC_089038.1:19240366-19240838(19240367:19240838|tsd_l:tsd)-0.7372	21009111	21009161	-	-	-	0	0.0	0.0
FP	NC_089035.1	NC_089042.1:21583117-21583382(21583118:21583382|tsd_l:tsd)-0.5509	22507612	22507689	-	-	-	0	0.0	0.0
FP	NC_089035.1	NC_089038.1:19240366-19240838(19240367:19240838|tsd_l:tsd)-0.7372	24194249	24194302	-	-	-	0	0.0	0.0
FP	NC_089035.1	NC_089038.1:19240366-19240838(19240367:19240838|tsd_l:tsd)-0.7372	24194403	24194455	-	-	-	0	0.0	0.0
FP	NC_089035.1	NC_089035.1:24908135-24908355(24908136:24908355|tsd_l:tsd)-0.5485	24908128	24908390	-	-	-	0	0.0	0.0
FP	NC_089035.1	NC_089035.1:25270743-25270992(25270744:25270992|tsd_l:tsd)-0.6033	25270744	25270839	-	-	-	0	0.0	0.0
FP	NC_089035.1	NC_089038.1:19240366-19240838(19240367:19240838|tsd_l:tsd)-0.7372	26183877	26183929	-	-	-	0	0.0	0.0
FP	NC_089035.1	NC_089042.1:21583117-21583382(21583118:21583382|tsd_l:tsd)-0.5509	26300850	26300927	-	-	-	0	0.0	0.0
FP	NC_089035.1	NC_089038.1:19240366-19240838(19240367:19240838|tsd_l:tsd)-0.7372	26762308	26762362	-	-	-	0	0.0	0.0
FP	NC_089035.1	NC_089038.1:19240366-19240838(19240367:19240838|tsd_l:tsd)-0.7372	28084337	28084391	-	-	-	0	0.0	0.0
FP	NC_089035.1	NC_089038.1:19240366-19240838(19240367:19240838|tsd_l:tsd)-0.7372	28255008	28255060	-	-	-	0	0.0	0.0
FP	NC_089035.1	NC_089038.1:19240366-19240838(19240367:19240838|tsd_l:tsd)-0.7372	28520712	28520765	-	-	-	0	0.0	0.0
FP	NC_089035.1	NC_089038.1:19240366-19240838(19240367:19240838|tsd_l:tsd)-0.7372	29135321	29135373	-	-	-	0	0.0	0.0
FP	NC_089035.1	NC_089038.1:19240366-19240838(19240367:19240838|tsd_l:tsd)-0.7372	29135476	29135528	-	-	-	0	0.0	0.0
FP	NC_089035.1	NC_089038.1:19240366-19240838(19240367:19240838|tsd_l:tsd)-0.7372	29141852	29141904	-	-	-	0	0.0	0.0
FP	NC_089035.1	NC_089035.1:29397836-29398079(29397837:29398079|tsd_l:tsd)-0.6595	29397753	29397794	-	-	-	0	0.0	0.0
FP	NC_089035.1	NC_089038.1:19240366-19240838(19240367:19240838|tsd_l:tsd)-0.7372	29917214	29917268	-	-	-	0	0.0	0.0
FP	NC_089035.1	NC_089038.1:19240366-19240838(19240367:19240838|tsd_l:tsd)-0.7372	30159852	30159904	-	-	-	0	0.0	0.0
FP	NC_089035.1	NC_089038.1:19240366-19240838(19240367:19240838|tsd_l:tsd)-0.7372	30160007	30160059	-	-	-	0	0.0	0.0
FP	NC_089035.1	NC_089039.1:855849-856111(855850:856111|tsd_l:11|tsd_s:855850|tsd_e:856115)-0.7031	30930653	30930806	-	-	-	0	0.0	0.0
FP	NC_089035.1	NC_089035.1:31871180-31871307(31871181:31871307|tsd_l:tsd)-0.5689	31871181	31871264	-	-	-	0	0.0	0.0
FP	NC_089035.1	NC_089038.1:19240366-19240838(19240367:19240838|tsd_l:tsd)-0.7372	31939791	31939843	-	-	-	0	0.0	0.0
FP	NC_089035.1	NC_089038.1:19240366-19240838(19240367:19240838|tsd_l:tsd)-0.7372	32083237	32083287	-	-	-	0	0.0	0.0
FP	NC_089035.1	NC_089038.1:19240366-19240838(19240367:19240838|tsd_l:tsd)-0.7372	32678532	32678584	-	-	-	0	0.0	0.0
FP	NC_089035.1	NC_089038.1:19240366-19240838(19240367:19240838|tsd_l:tsd)-0.7372	32678687	32678739	-	-	-	0	0.0	0.0
FP	NC_089035.1	NC_089038.1:19240366-19240838(19240367:19240838|tsd_l:tsd)-0.7372	33786698	33786750	-	-	-	0	0.0	0.0
FP	NC_089035.1	NC_089038.1:19240366-19240838(19240367:19240838|tsd_l:tsd)-0.7372	33872767	33872819	-	-	-	0	0.0	0.0
FP	NC_089035.1	NC_089038.1:19240366-19240838(19240367:19240838|tsd_l:tsd)-0.7372	34199757	34199809	-	-	-	0	0.0	0.0
FP	NC_089035.1	NC_089038.1:19240366-19240838(19240367:19240838|tsd_l:tsd)-0.7372	34199912	34199964	-	-	-	0	0.0	0.0
FP	NC_089035.1	NC_089038.1:19240366-19240838(19240367:19240838|tsd_l:tsd)-0.7372	34573942	34573994	-	-	-	0	0.0	0.0
FP	NC_089035.1	NC_089038.1:19240366-19240838(19240367:19240838|tsd_l:tsd)-0.7372	34712522	34712574	-	-	-	0	0.0	0.0
FP	NC_089035.1	NC_089038.1:19240366-19240838(19240367:19240838|tsd_l:tsd)-0.7372	34912820	34912872	-	-	-	0	0.0	0.0
FP	NC_089035.1	NC_089038.1:19240366-19240838(19240367:19240838|tsd_l:tsd)-0.7372	34912975	34913027	-	-	-	0	0.0	0.0
FP	NC_089035.1	NC_089038.1:19240366-19240838(19240367:19240838|tsd_l:tsd)-0.7372	35136198	35136250	-	-	-	0	0.0	0.0
FP	NC_089035.1	NC_089038.1:19240366-19240838(19240367:19240838|tsd_l:tsd)-0.7372	35368157	35368209	-	-	-	0	0.0	0.0
FP	NC_089035.1	NC_089038.1:19240366-19240838(19240367:19240838|tsd_l:tsd)-0.7372	35949900	35949952	-	-	-	0	0.0	0.0
FP	NC_089035.1	NC_089038.1:19240366-19240838(19240367:19240838|tsd_l:tsd)-0.7372	37399393	37399445	-	-	-	0	0.0	0.0
FP	NC_089035.1	NC_089038.1:19240366-19240838(19240367:19240838|tsd_l:tsd)-0.7372	37399549	37399601	-	-	-	0	0.0	0.0
FP	NC_089035.1	NC_089038.1:19240366-19240838(19240367:19240838|tsd_l:tsd)-0.7372	38068217	38068269	-	-	-	0	0.0	0.0
FP	NC_089035.1	NC_089038.1:19240366-19240838(19240367:19240838|tsd_l:tsd)-0.7372	38068372	38068422	-	-	-	0	0.0	0.0
FP	NC_089035.1	NC_089038.1:19240366-19240838(19240367:19240838|tsd_l:tsd)-0.7372	39061156	39061208	-	-	-	0	0.0	0.0
FP	NC_089035.1	NC_089038.1:19240366-19240838(19240367:19240838|tsd_l:tsd)-0.7372	40310561	40310613	-	-	-	0	0.0	0.0
FP	NC_089035.1	NC_089035.1:41096263-41096520(41096264:41096520|tsd_l:18|tsd_s:41096263|tsd_e:41096522)-0.7099	41096252	41096323	-	-	-	0	0.0	0.0
FP	NC_089035.1	NC_089038.1:19240366-19240838(19240367:19240838|tsd_l:tsd)-0.7372	41136270	41136321	-	-	-	0	0.0	0.0
FP	NC_089035.1	NC_089035.1:41372255-41372569(41372256:41372569|tsd_l:16|tsd_s:41372257|tsd_e:41372573)-0.7755	41372370	41372519	-	-	-	0	0.0	0.0
FP	NC_089035.1	NC_089035.1:41718187-41718359(41718188:41718359|tsd_l:tsd)-0.5426	41718392	41718433	-	-	-	0	0.0	0.0
FP	NC_089035.1	NC_089038.1:19240366-19240838(19240367:19240838|tsd_l:tsd)-0.7372	42056173	42056225	-	-	-	0	0.0	0.0
FP	NC_089035.1	NC_089038.1:19240366-19240838(19240367:19240838|tsd_l:tsd)-0.7372	42111665	42111717	-	-	-	0	0.0	0.0
FP	NC_089035.1	NC_089038.1:19240366-19240838(19240367:19240838|tsd_l:tsd)-0.7372	42175574	42175623	-	-	-	0	0.0	0.0
FP	NC_089035.1	NC_089038.1:19240366-19240838(19240367:19240838|tsd_l:tsd)-0.7372	42175729	42175781	-	-	-	0	0.0	0.0
FP	NC_089035.1	NC_089042.1:21583117-21583382(21583118:21583382|tsd_l:tsd)-0.5509	42722782	42722858	-	-	-	0	0.0	0.0
FP	NC_089035.1	NC_089038.1:19240366-19240838(19240367:19240838|tsd_l:tsd)-0.7372	43890318	43890370	-	-	-	0	0.0	0.0
FP	NC_089035.1	NC_089038.1:19240366-19240838(19240367:19240838|tsd_l:tsd)-0.7372	43890473	43890525	-	-	-	0	0.0	0.0
FP	NC_089042.1	NC_089042.1:64914-65234(64915:65234|tsd_l:tsd)-0.8873	64915	65232	-	-	-	0	0.0	0.0
FP	NC_089042.1	NC_089038.1:19240366-19240838(19240367:19240838|tsd_l:tsd)-0.7372	700293	700345	-	-	-	0	0.0	0.0
FP	NC_089042.1	NC_089038.1:19240366-19240838(19240367:19240838|tsd_l:tsd)-0.7372	700448	700500	-	-	-	0	0.0	0.0
FP	NC_089042.1	NC_089038.1:19240366-19240838(19240367:19240838|tsd_l:tsd)-0.7372	731472	731526	-	-	-	0	0.0	0.0
FP	NC_089042.1	NC_089042.1:1588883-1589127(1588884:1589127|tsd_l:tsd)-0.5631	1588917	1588982	-	-	-	0	0.0	0.0
FP	NC_089042.1	NC_089038.1:19240366-19240838(19240367:19240838|tsd_l:tsd)-0.7372	1684025	1684077	-	-	-	0	0.0	0.0
FP	NC_089042.1	NC_089038.1:19240366-19240838(19240367:19240838|tsd_l:tsd)-0.7372	2004996	2005048	-	-	-	0	0.0	0.0
FP	NC_089042.1	NC_089038.1:19240366-19240838(19240367:19240838|tsd_l:tsd)-0.7372	2005151	2005203	-	-	-	0	0.0	0.0
FP	NC_089042.1	NC_089042.1:2096452-2096724(2096453:2096724|tsd_l:tsd)-0.6090	2096716	2096763	-	-	-	0	0.0	0.0
FP	NC_089042.1	NC_089038.1:19240366-19240838(19240367:19240838|tsd_l:tsd)-0.7372	3489806	3489860	-	-	-	0	0.0	0.0
FP	NC_089042.1	NC_089042.1:3605822-3606005(3605823:3606005|tsd_l:tsd)-0.7361	3605774	3605867	-	-	-	0	0.0	0.0
FP	NC_089042.1	NC_089038.1:19240366-19240838(19240367:19240838|tsd_l:tsd)-0.7372	3645168	3645220	-	-	-	0	0.0	0.0
FP	NC_089042.1	NC_089038.1:19240366-19240838(19240367:19240838|tsd_l:tsd)-0.7372	3645323	3645375	-	-	-	0	0.0	0.0
FP	NC_089042.1	NC_089038.1:19240366-19240838(19240367:19240838|tsd_l:tsd)-0.7372	5409868	5409920	-	-	-	0	0.0	0.0
FP	NC_089042.1	NC_089038.1:19240366-19240838(19240367:19240838|tsd_l:tsd)-0.7372	5410023	5410073	-	-	-	0	0.0	0.0
FP	NC_089042.1	NC_089042.1:5888385-5888552(5888386:5888552|tsd_l:16|tsd_s:5888404|tsd_e:5888540)-0.6540	5888431	5888520	-	-	-	0	0.0	0.0
FP	NC_089042.1	NC_089038.1:19240366-19240838(19240367:19240838|tsd_l:tsd)-0.7372	6309856	6309908	-	-	-	0	0.0	0.0
FP	NC_089042.1	NC_089042.1:7653742-7653935(7653743:7653935|tsd_l:tsd)-0.7876	7653653	7653703	-	-	-	0	0.0	0.0
FP	NC_089042.1	NC_089038.1:19240366-19240838(19240367:19240838|tsd_l:tsd)-0.7372	8233571	8233623	-	-	-	0	0.0	0.0
FP	NC_089042.1	NC_089042.1:8704496-8704682(8704497:8704682|tsd_l:11|tsd_s:8704500|tsd_e:8704683)-0.5813	8704583	8704648	-	-	-	0	0.0	0.0
FP	NC_089042.1	NC_089042.1:9345282-9345461(9345283:9345461|tsd_l:14|tsd_s:9345283|tsd_e:9345451)-0.8391	9345204	9345279	-	-	-	0	0.0	0.0
FP	NC_089042.1	NC_089038.1:19240366-19240838(19240367:19240838|tsd_l:tsd)-0.7372	9491446	9491498	-	-	-	0	0.0	0.0
FP	NC_089042.1	NC_089038.1:19240366-19240838(19240367:19240838|tsd_l:tsd)-0.7372	9491601	9491653	-	-	-	0	0.0	0.0
FP	NC_089042.1	NC_089042.1:10214800-10214960(10214801:10214960|tsd_l:tsd)-0.5920	10214776	10214853	-	-	-	0	0.0	0.0
FP	NC_089042.1	NC_089038.1:19240366-19240838(19240367:19240838|tsd_l:tsd)-0.7372	10937974	10938026	-	-	-	0	0.0	0.0
FP	NC_089042.1	NC_089038.1:19240366-19240838(19240367:19240838|tsd_l:tsd)-0.7372	11081005	11081057	-	-	-	0	0.0	0.0
FP	NC_089042.1	NC_089038.1:19240366-19240838(19240367:19240838|tsd_l:tsd)-0.7372	11081160	11081212	-	-	-	0	0.0	0.0
FP	NC_089042.1	NC_089038.1:19240366-19240838(19240367:19240838|tsd_l:tsd)-0.7372	12925284	12925336	-	-	-	0	0.0	0.0
FP	NC_089042.1	NC_089038.1:19240366-19240838(19240367:19240838|tsd_l:tsd)-0.7372	14073485	14073537	-	-	-	0	0.0	0.0
FP	NC_089042.1	NC_089042.1:14075151-14075429(14075152:14075429|tsd_l:tsd)-0.5762	14075273	14075344	-	-	-	0	0.0	0.0
FP	NC_089042.1	NC_089038.1:19240366-19240838(19240367:19240838|tsd_l:tsd)-0.7372	14438681	14438733	-	-	-	0	0.0	0.0
FP	NC_089042.1	NC_089038.1:19240366-19240838(19240367:19240838|tsd_l:tsd)-0.7372	16114444	16114496	-	-	-	0	0.0	0.0
FP	NC_089042.1	NC_089038.1:19240366-19240838(19240367:19240838|tsd_l:tsd)-0.7372	16114599	16114645	-	-	-	0	0.0	0.0
FP	NC_089042.1	NC_089042.1:16479848-16480191(16479849:16480191|tsd_l:tsd)-0.7072	16479798	16479893	-	-	-	0	0.0	0.0
FP	NC_089042.1	NC_089042.1:16776657-16776835(16776658:16776835|tsd_l:tsd)-0.6646	16776602	16776703	-	-	-	0	0.0	0.0
FP	NC_089042.1	NC_089042.1:18160328-18160466(18160329:18160466|tsd_l:13|tsd_s:18160331|tsd_e:18160471)-0.5230	18160305	18160385	-	-	-	0	0.0	0.0
FP	NC_089042.1	NC_089038.1:19240366-19240838(19240367:19240838|tsd_l:tsd)-0.7372	18594696	18594748	-	-	-	0	0.0	0.0
FP	NC_089042.1	NC_089038.1:19240366-19240838(19240367:19240838|tsd_l:tsd)-0.7372	18976963	18977015	-	-	-	0	0.0	0.0
FP	NC_089042.1	NC_089038.1:19240366-19240838(19240367:19240838|tsd_l:tsd)-0.7372	19669673	19669723	-	-	-	0	0.0	0.0
FP	NC_089042.1	NC_089038.1:19240366-19240838(19240367:19240838|tsd_l:tsd)-0.7372	19929871	19929923	-	-	-	0	0.0	0.0
FP	NC_089042.1	NC_089042.1:21583117-21583382(21583118:21583382|tsd_l:tsd)-0.5509	20367722	20367800	-	-	-	0	0.0	0.0
FP	NC_089042.1	NC_089038.1:19240366-19240838(19240367:19240838|tsd_l:tsd)-0.7372	20685712	20685763	-	-	-	0	0.0	0.0
FP	NC_089042.1	NC_089042.1:21058097-21058253(21058098:21058253|tsd_l:tsd)-0.5922	21058098	21058193	-	-	-	0	0.0	0.0
FP	NC_089042.1	NC_089038.1:19240366-19240838(19240367:19240838|tsd_l:tsd)-0.7372	21151264	21151316	-	-	-	0	0.0	0.0
FP	NC_089042.1	NC_089042.1:21583117-21583382(21583118:21583382|tsd_l:tsd)-0.5509	21583142	21583224	-	-	-	0	0.0	0.0
FP	NC_089042.1	NC_089042.1:21603611-21603813(21603612:21603813|tsd_l:tsd)-0.6460	21603612	21603713	-	-	-	0	0.0	0.0
FP	NC_089042.1	NC_089038.1:19240366-19240838(19240367:19240838|tsd_l:tsd)-0.7372	21645626	21645677	-	-	-	0	0.0	0.0
FP	NC_089042.1	NC_089038.1:19240366-19240838(19240367:19240838|tsd_l:tsd)-0.7372	21655451	21655503	-	-	-	0	0.0	0.0
FP	NC_089042.1	NC_089038.1:19240366-19240838(19240367:19240838|tsd_l:tsd)-0.7372	22317843	22317894	-	-	-	0	0.0	0.0
FP	NC_089042.1	NC_089038.1:19240366-19240838(19240367:19240838|tsd_l:tsd)-0.7372	22634067	22634119	-	-	-	0	0.0	0.0
FP	NC_089042.1	NC_089042.1:23204766-23205042(23204767:23205042|tsd_l:tsd)-0.7960	23204761	23204796	-	-	-	0	0.0	0.0
FP	NC_089042.1	NC_089038.1:19240366-19240838(19240367:19240838|tsd_l:tsd)-0.7372	24190336	24190388	-	-	-	0	0.0	0.0
FP	NC_089042.1	NC_089042.1:24190749-24190976(24190750:24190976|tsd_l:tsd)-0.7536	24190749	24190808	-	-	-	0	0.0	0.0
FP	NC_089042.1	NC_089042.1:26012817-26013234(26012818:26013234|tsd_l:tsd)-0.5232	26013058	26013135	-	-	-	0	0.0	0.0
FP	NC_089042.1	NC_089042.1:26012854-26013092(26012855:26013092|tsd_l:tsd)-0.6601	26013076	26013153	-	-	-	0	0.0	0.0
FP	NC_089042.1	NC_089038.1:19240366-19240838(19240367:19240838|tsd_l:tsd)-0.7372	26057821	26057875	-	-	-	0	0.0	0.0
FP	NC_089042.1	NC_089038.1:19240366-19240838(19240367:19240838|tsd_l:tsd)-0.7372	26180243	26180294	-	-	-	0	0.0	0.0
FP	NC_089042.1	NC_089038.1:19240366-19240838(19240367:19240838|tsd_l:tsd)-0.7372	26180395	26180447	-	-	-	0	0.0	0.0
FP	NC_089042.1	NC_089038.1:19240366-19240838(19240367:19240838|tsd_l:tsd)-0.7372	26196632	26196684	-	-	-	0	0.0	0.0
FP	NC_089042.1	NC_089038.1:19240366-19240838(19240367:19240838|tsd_l:tsd)-0.7372	26196785	26196839	-	-	-	0	0.0	0.0
FP	NC_089042.1	NC_089038.1:19240366-19240838(19240367:19240838|tsd_l:tsd)-0.7372	27577650	27577700	-	-	-	0	0.0	0.0
FP	NC_089038.1	NC_089042.1:21583117-21583382(21583118:21583382|tsd_l:tsd)-0.5509	323013	323091	-	-	-	0	0.0	0.0
FP	NC_089038.1	NC_089038.1:456638-456863(456639:456863|tsd_l:tsd)-0.6236	456844	456879	-	-	-	0	0.0	0.0
FP	NC_089038.1	NC_089038.1:19240366-19240838(19240367:19240838|tsd_l:tsd)-0.7372	1274279	1274329	-	-	-	0	0.0	0.0
FP	NC_089038.1	NC_089038.1:1873703-1873986(1873704:1873986|tsd_l:tsd)-0.5410	1873645	1873733	-	-	-	0	0.0	0.0
FP	NC_089038.1	NC_089038.1:19240366-19240838(19240367:19240838|tsd_l:tsd)-0.7372	2917326	2917378	-	-	-	0	0.0	0.0
FP	NC_089038.1	NC_089038.1:19240366-19240838(19240367:19240838|tsd_l:tsd)-0.7372	3399053	3399105	-	-	-	0	0.0	0.0
FP	NC_089038.1	NC_089038.1:19240366-19240838(19240367:19240838|tsd_l:tsd)-0.7372	3399208	3399259	-	-	-	0	0.0	0.0
FP	NC_089038.1	NC_089038.1:31540647-31540928(31540648:31540928|tsd_l:tsd)-0.8156	4399247	4399355	-	-	-	0	0.0	0.0
FP	NC_089038.1	NC_089042.1:21583117-21583382(21583118:21583382|tsd_l:tsd)-0.5509	4399302	4399380	-	-	-	0	0.0	0.0
FP	NC_089038.1	NC_089038.1:4665183-4665436(4665184:4665436|tsd_l:tsd)-0.5522	4665326	4665397	-	-	-	0	0.0	0.0
FP	NC_089038.1	NC_089038.1:4852093-4852374(4852094:4852374|tsd_l:tsd)-0.7314	4852080	4852168	-	-	-	0	0.0	0.0
FP	NC_089038.1	NC_089038.1:19240366-19240838(19240367:19240838|tsd_l:tsd)-0.7372	5005357	5005408	-	-	-	0	0.0	0.0
FP	NC_089038.1	NC_089035.1:29397836-29398079(29397837:29398079|tsd_l:tsd)-0.6595	5676186	5676227	-	-	-	0	0.0	0.0
FP	NC_089038.1	NC_089038.1:7026454-7026749(7026455:7026749|tsd_l:tsd)-0.5572	7026555	7026608	-	-	-	0	0.0	0.0
FP	NC_089038.1	NC_089036.1:6732253-6732551(6732254:6732551|tsd_l:tsd)-0.5317	11413664	11413773	-	-	-	0	0.0	0.0
FP	NC_089038.1	NC_089038.1:12280843-12281115(12280844:12281115|tsd_l:tsd)-0.7769	12280796	12280843	-	-	-	0	0.0	0.0
FP	NC_089038.1	NC_089038.1:12280842-12281116(12280843:12281116|tsd_l:tsd)-0.6747	12280854	12280942	-	-	-	0	0.0	0.0
FP	NC_089038.1	NC_089038.1:12346239-12346457(12346240:12346457|tsd_l:tsd)-0.6830	12346182	12346342	-	-	-	0	0.0	0.0
FP	NC_089038.1	NC_089042.1:21583117-21583382(21583118:21583382|tsd_l:tsd)-0.5509	12410639	12410713	-	-	-	0	0.0	0.0
FP	NC_089038.1	NC_089038.1:31540647-31540928(31540648:31540928|tsd_l:tsd)-0.8156	12410660	12410766	-	-	-	0	0.0	0.0
FP	NC_089038.1	NC_089038.1:12524366-12524542(12524367:12524542|tsd_l:tsd)-0.6112	12524560	12524613	-	-	-	0	0.0	0.0
FP	NC_089038.1	NC_089038.1:19240366-19240838(19240367:19240838|tsd_l:tsd)-0.7372	14772416	14772468	-	-	-	0	0.0	0.0
FP	NC_089038.1	NC_089038.1:19240366-19240838(19240367:19240838|tsd_l:tsd)-0.7372	15244122	15244174	-	-	-	0	0.0	0.0
FP	NC_089038.1	NC_089038.1:19240366-19240838(19240367:19240838|tsd_l:tsd)-0.7372	15528579	15528631	-	-	-	0	0.0	0.0
FP	NC_089038.1	NC_089038.1:19240366-19240838(19240367:19240838|tsd_l:tsd)-0.7372	18298436	18298487	-	-	-	0	0.0	0.0
FP	NC_089038.1	NC_089038.1:18467941-18468230(18467942:18468230|tsd_l:tsd)-0.8270	18467909	18468009	-	-	-	0	0.0	0.0
FP	NC_089038.1	NC_089038.1:19240366-19240838(19240367:19240838|tsd_l:tsd)-0.7372	18673951	18674001	-	-	-	0	0.0	0.0
FP	NC_089038.1	NC_089038.1:19240366-19240838(19240367:19240838|tsd_l:tsd)-0.7372	18807480	18807531	-	-	-	0	0.0	0.0
FP	NC_089038.1	NC_089038.1:19240366-19240838(19240367:19240838|tsd_l:tsd)-0.7372	18828375	18828427	-	-	-	0	0.0	0.0
FP	NC_089038.1	NC_089038.1:19240366-19240838(19240367:19240838|tsd_l:tsd)-0.7372	18828532	18828584	-	-	-	0	0.0	0.0
FP	NC_089038.1	NC_089038.1:19240366-19240838(19240367:19240838|tsd_l:tsd)-0.7372	18952116	18952168	-	-	-	0	0.0	0.0
FP	NC_089038.1	NC_089038.1:19225021-19225259(19225022:19225259|tsd_l:16|tsd_s:19225022|tsd_e:19225257)-0.7640	19225022	19225266	-	-	-	0	0.0	0.0
FP	NC_089038.1	NC_089038.1:19240366-19240838(19240367:19240838|tsd_l:tsd)-0.7372	19240249	19240303	-	-	-	0	0.0	0.0
FP	NC_089038.1	NC_089038.1:19240366-19240838(19240367:19240838|tsd_l:tsd)-0.7372	19303207	19303259	-	-	-	0	0.0	0.0
FP	NC_089038.1	NC_089038.1:19345686-19345950(19345687:19345950|tsd_l:tsd)-0.8997	19345657	19345757	-	-	-	0	0.0	0.0
FP	NC_089038.1	NC_089038.1:19778363-19778490(19778364:19778490|tsd_l:tsd)-0.6357	19778399	19778453	-	-	-	0	0.0	0.0
FP	NC_089038.1	NC_089038.1:20196718-20196911(20196719:20196911|tsd_l:tsd)-0.6287	20196640	20196699	-	-	-	0	0.0	0.0
FP	NC_089038.1	NC_089038.1:19240366-19240838(19240367:19240838|tsd_l:tsd)-0.7372	21890374	21890426	-	-	-	0	0.0	0.0
FP	NC_089038.1	NC_089038.1:19240366-19240838(19240367:19240838|tsd_l:tsd)-0.7372	21933167	21933219	-	-	-	0	0.0	0.0
FP	NC_089038.1	NC_089038.1:22514063-22514190(22514064:22514190|tsd_l:12|tsd_s:22514065|tsd_e:22514194)-0.7555	22514112	22514201	-	-	-	0	0.0	0.0
FP	NC_089038.1	NC_089038.1:19240366-19240838(19240367:19240838|tsd_l:tsd)-0.7372	23078034	23078086	-	-	-	0	0.0	0.0
FP	NC_089038.1	NC_089038.1:19240366-19240838(19240367:19240838|tsd_l:tsd)-0.7372	23734295	23734346	-	-	-	0	0.0	0.0
FP	NC_089038.1	NC_089038.1:19240366-19240838(19240367:19240838|tsd_l:tsd)-0.7372	23823384	23823437	-	-	-	0	0.0	0.0
FP	NC_089038.1	NC_089038.1:19240366-19240838(19240367:19240838|tsd_l:tsd)-0.7372	24392479	24392531	-	-	-	0	0.0	0.0
FP	NC_089038.1	NC_089038.1:19240366-19240838(19240367:19240838|tsd_l:tsd)-0.7372	24977109	24977161	-	-	-	0	0.0	0.0
FP	NC_089038.1	NC_089038.1:19240366-19240838(19240367:19240838|tsd_l:tsd)-0.7372	24977264	24977316	-	-	-	0	0.0	0.0
FP	NC_089038.1	NC_089042.1:21583117-21583382(21583118:21583382|tsd_l:tsd)-0.5509	25520024	25520101	-	-	-	0	0.0	0.0
FP	NC_089038.1	NC_089038.1:19240366-19240838(19240367:19240838|tsd_l:tsd)-0.7372	26270249	26270301	-	-	-	0	0.0	0.0
FP	NC_089038.1	NC_089038.1:19240366-19240838(19240367:19240838|tsd_l:tsd)-0.7372	26270404	26270456	-	-	-	0	0.0	0.0
FP	NC_089038.1	NC_089038.1:19240366-19240838(19240367:19240838|tsd_l:tsd)-0.7372	26589707	26589759	-	-	-	0	0.0	0.0
FP	NC_089038.1	NC_089038.1:19240366-19240838(19240367:19240838|tsd_l:tsd)-0.7372	26733503	26733555	-	-	-	0	0.0	0.0
FP	NC_089038.1	NC_089038.1:19240366-19240838(19240367:19240838|tsd_l:tsd)-0.7372	27001501	27001553	-	-	-	0	0.0	0.0
FP	NC_089038.1	NC_089038.1:19240366-19240838(19240367:19240838|tsd_l:tsd)-0.7372	27911749	27911801	-	-	-	0	0.0	0.0
FP	NC_089038.1	NC_089038.1:28224556-28224780(28224557:28224780|tsd_l:tsd)-0.6264	28224443	28224507	-	-	-	0	0.0	0.0
FP	NC_089038.1	NC_089038.1:30554798-30555125(30554799:30555125|tsd_l:16|tsd_s:30554793|tsd_e:30555130)-0.6212	30554877	30555110	-	-	-	0	0.0	0.0
FP	NC_089038.1	NC_089038.1:19240366-19240838(19240367:19240838|tsd_l:tsd)-0.7372	31196654	31196706	-	-	-	0	0.0	0.0
FP	NC_089038.1	NC_089038.1:19240366-19240838(19240367:19240838|tsd_l:tsd)-0.7372	31196810	31196862	-	-	-	0	0.0	0.0
FP	NC_089038.1	NC_089038.1:31540647-31540928(31540648:31540928|tsd_l:tsd)-0.8156	31540717	31540823	-	-	-	0	0.0	0.0
FP	NC_089038.1	NC_089038.1:19240366-19240838(19240367:19240838|tsd_l:tsd)-0.7372	33780019	33780071	-	-	-	0	0.0	0.0
FP	NC_089038.1	NC_089042.1:21583117-21583382(21583118:21583382|tsd_l:tsd)-0.5509	33809024	33809101	-	-	-	0	0.0	0.0
FP	NC_089038.1	NC_089038.1:19240366-19240838(19240367:19240838|tsd_l:tsd)-0.7372	33817465	33817517	-	-	-	0	0.0	0.0
FP	NC_089038.1	NC_089038.1:19240366-19240838(19240367:19240838|tsd_l:tsd)-0.7372	33835364	33835416	-	-	-	0	0.0	0.0
FP	NC_089038.1	NC_089038.1:19240366-19240838(19240367:19240838|tsd_l:tsd)-0.7372	33932181	33932230	-	-	-	0	0.0	0.0
FP	NC_089038.1	NC_089038.1:19240366-19240838(19240367:19240838|tsd_l:tsd)-0.7372	33940930	33940982	-	-	-	0	0.0	0.0
FP	NC_089038.1	NC_089038.1:19240366-19240838(19240367:19240838|tsd_l:tsd)-0.7372	35008146	35008198	-	-	-	0	0.0	0.0
FP	NC_089038.1	NC_089038.1:19240366-19240838(19240367:19240838|tsd_l:tsd)-0.7372	35062274	35062326	-	-	-	0	0.0	0.0
FP	NC_089038.1	NC_089038.1:19240366-19240838(19240367:19240838|tsd_l:tsd)-0.7372	35062429	35062481	-	-	-	0	0.0	0.0
FP	NC_089046.1	NC_089038.1:31540647-31540928(31540648:31540928|tsd_l:tsd)-0.8156	746328	746420	-	-	-	0	0.0	0.0
FP	NC_089046.1	NC_089038.1:19240366-19240838(19240367:19240838|tsd_l:tsd)-0.7372	780935	780988	-	-	-	0	0.0	0.0
FP	NC_089046.1	NC_089042.1:5888385-5888552(5888386:5888552|tsd_l:16|tsd_s:5888404|tsd_e:5888540)-0.6540	977510	977603	-	-	-	0	0.0	0.0
FP	NC_089046.1	NC_089038.1:19240366-19240838(19240367:19240838|tsd_l:tsd)-0.7372	1916689	1916741	-	-	-	0	0.0	0.0
FP	NC_089046.1	NC_089038.1:19240366-19240838(19240367:19240838|tsd_l:tsd)-0.7372	1916844	1916896	-	-	-	0	0.0	0.0
FP	NC_089046.1	NC_089045.1:2100159-2100385(2100160:2100385|tsd_l:tsd)-0.6531	2010778	2010854	-	-	-	0	0.0	0.0
FP	NC_089046.1	NC_089046.1:2552181-2552448(2552182:2552448|tsd_l:tsd)-0.5934	2552164	2552337	-	-	-	0	0.0	0.0
FP	NC_089046.1	NC_089038.1:19240366-19240838(19240367:19240838|tsd_l:tsd)-0.7372	2617897	2617949	-	-	-	0	0.0	0.0
FP	NC_089046.1	NC_089038.1:19240366-19240838(19240367:19240838|tsd_l:tsd)-0.7372	2925068	2925120	-	-	-	0	0.0	0.0
FP	NC_089046.1	NC_089038.1:19240366-19240838(19240367:19240838|tsd_l:tsd)-0.7372	2925223	2925275	-	-	-	0	0.0	0.0
FP	NC_089046.1	NC_089038.1:19240366-19240838(19240367:19240838|tsd_l:tsd)-0.7372	3067844	3067896	-	-	-	0	0.0	0.0
FP	NC_089046.1	NC_089038.1:19240366-19240838(19240367:19240838|tsd_l:tsd)-0.7372	3091565	3091617	-	-	-	0	0.0	0.0
FP	NC_089046.1	NC_089038.1:19240366-19240838(19240367:19240838|tsd_l:tsd)-0.7372	3091720	3091772	-	-	-	0	0.0	0.0
FP	NC_089046.1	NC_089038.1:19240366-19240838(19240367:19240838|tsd_l:tsd)-0.7372	3392991	3393043	-	-	-	0	0.0	0.0
FP	NC_089046.1	NC_089038.1:19240366-19240838(19240367:19240838|tsd_l:tsd)-0.7372	3442814	3442866	-	-	-	0	0.0	0.0
FP	NC_089046.1	NC_089038.1:19240366-19240838(19240367:19240838|tsd_l:tsd)-0.7372	3588121	3588175	-	-	-	0	0.0	0.0
FP	NC_089046.1	NC_089038.1:31540647-31540928(31540648:31540928|tsd_l:tsd)-0.8156	3626291	3626396	-	-	-	0	0.0	0.0
FP	NC_089046.1	NC_089038.1:19240366-19240838(19240367:19240838|tsd_l:tsd)-0.7372	5045649	5045701	-	-	-	0	0.0	0.0
FP	NC_089046.1	NC_089038.1:19240366-19240838(19240367:19240838|tsd_l:tsd)-0.7372	7247781	7247832	-	-	-	0	0.0	0.0
FP	NC_089046.1	NC_089038.1:19240366-19240838(19240367:19240838|tsd_l:tsd)-0.7372	7640267	7640319	-	-	-	0	0.0	0.0
FP	NC_089046.1	NC_089046.1:7924573-7924705(7924574:7924705|tsd_l:tsd)-0.5256	7924531	7924566	-	-	-	0	0.0	0.0
FP	NC_089046.1	NC_089038.1:19240366-19240838(19240367:19240838|tsd_l:tsd)-0.7372	8898136	8898188	-	-	-	0	0.0	0.0
FP	NC_089046.1	NC_089046.1:8971429-8971727(8971430:8971727|tsd_l:tsd)-0.6853	8971526	8971561	-	-	-	0	0.0	0.0
FP	NC_089046.1	NC_089037.1:24409041-24409161(24409042:24409161|tsd_l:tsd)-0.6378	10801733	10801817	-	-	-	0	0.0	0.0
FP	NC_089046.1	NC_089036.1:29636601-29636687(29636602:29636687|tsd_l:tsd)-0.7622	13732602	13732660	-	-	-	0	0.0	0.0
FP	NC_089046.1	NC_089038.1:19240366-19240838(19240367:19240838|tsd_l:tsd)-0.7372	16612600	16612652	-	-	-	0	0.0	0.0
FP	NC_089046.1	NC_089046.1:18774272-18774485(18774273:18774485|tsd_l:tsd)-0.5242	18774249	18774296	-	-	-	0	0.0	0.0
FP	NC_089046.1	NC_089038.1:19240366-19240838(19240367:19240838|tsd_l:tsd)-0.7372	20246845	20246897	-	-	-	0	0.0	0.0
FP	NC_089046.1	NC_089038.1:19240366-19240838(19240367:19240838|tsd_l:tsd)-0.7372	20294878	20294930	-	-	-	0	0.0	0.0
FP	NC_089046.1	NC_089038.1:31540647-31540928(31540648:31540928|tsd_l:tsd)-0.8156	20340856	20340962	-	-	-	0	0.0	0.0
FP	NC_089046.1	NC_089038.1:19240366-19240838(19240367:19240838|tsd_l:tsd)-0.7372	20690859	20690911	-	-	-	0	0.0	0.0
FP	NC_089046.1	NC_089038.1:19240366-19240838(19240367:19240838|tsd_l:tsd)-0.7372	22472366	22472418	-	-	-	0	0.0	0.0
FP	NC_089046.1	NC_089038.1:19240366-19240838(19240367:19240838|tsd_l:tsd)-0.7372	22913019	22913065	-	-	-	0	0.0	0.0
FP	NC_089046.1	NC_089038.1:19240366-19240838(19240367:19240838|tsd_l:tsd)-0.7372	22914442	22914494	-	-	-	0	0.0	0.0
FP	NC_089046.1	NC_089038.1:19240366-19240838(19240367:19240838|tsd_l:tsd)-0.7372	22914597	22914649	-	-	-	0	0.0	0.0
FP	NC_089046.1	NC_089038.1:19240366-19240838(19240367:19240838|tsd_l:tsd)-0.7372	23133742	23133794	-	-	-	0	0.0	0.0
FP	NC_089046.1	NC_089038.1:19240366-19240838(19240367:19240838|tsd_l:tsd)-0.7372	23547702	23547756	-	-	-	0	0.0	0.0
FP	NC_089046.1	NC_089046.1:23856235-23856480(23856236:23856480|tsd_l:tsd)-0.7134	23856224	23856403	-	-	-	0	0.0	0.0
FP	NC_089046.1	NC_089037.1:16881296-16881528(16881297:16881528|tsd_l:tsd)-0.7668	23856363	23856475	-	-	-	0	0.0	0.0
FP	NC_089046.1	NC_089038.1:19240366-19240838(19240367:19240838|tsd_l:tsd)-0.7372	24902162	24902216	-	-	-	0	0.0	0.0
FP	NC_089046.1	NC_089038.1:12280842-12281116(12280843:12281116|tsd_l:tsd)-0.6747	25762535	25762623	-	-	-	0	0.0	0.0
FP	NC_089046.1	NC_089038.1:19240366-19240838(19240367:19240838|tsd_l:tsd)-0.7372	26310738	26310790	-	-	-	0	0.0	0.0
FP	NC_089046.1	NC_089038.1:19240366-19240838(19240367:19240838|tsd_l:tsd)-0.7372	26310965	26311017	-	-	-	0	0.0	0.0
FP	NC_089046.1	NC_089040.1:27568242-27568472(27568243:27568472|tsd_l:tsd)-0.5915	26397853	26397951	-	-	-	0	0.0	0.0
FP	NC_089046.1	NC_089038.1:19240366-19240838(19240367:19240838|tsd_l:tsd)-0.7372	26924360	26924412	-	-	-	0	0.0	0.0
FP	NC_089046.1	NC_089038.1:19240366-19240838(19240367:19240838|tsd_l:tsd)-0.7372	26924515	26924567	-	-	-	0	0.0	0.0
FP	NC_089046.1	NC_089046.1:27187268-27187430(27187269:27187430|tsd_l:tsd)-0.5575	27187257	27187385	-	-	-	0	0.0	0.0
FP	NC_089046.1	NC_089038.1:19240366-19240838(19240367:19240838|tsd_l:tsd)-0.7372	27705455	27705507	-	-	-	0	0.0	0.0
FP	NC_089046.1	NC_089038.1:19240366-19240838(19240367:19240838|tsd_l:tsd)-0.7372	27705610	27705662	-	-	-	0	0.0	0.0
FP	NC_089039.1	NC_089039.1:673961-674204(673962:674204|tsd_l:tsd)-0.5246	673973	674098	-	-	-	0	0.0	0.0
FP	NC_089039.1	NC_089039.1:855849-856111(855850:856111|tsd_l:11|tsd_s:855850|tsd_e:856115)-0.7031	855798	855953	-	-	-	0	0.0	0.0
FP	NC_089039.1	NC_089038.1:19240366-19240838(19240367:19240838|tsd_l:tsd)-0.7372	1576299	1576351	-	-	-	0	0.0	0.0
FP	NC_089039.1	NC_089039.1:1685091-1685308(1685092:1685308|tsd_l:tsd)-0.7166	1684816	1684906	-	-	-	0	0.0	0.0
FP	NC_089039.1	NC_089039.1:1685091-1685308(1685092:1685308|tsd_l:tsd)-0.7166	1685067	1685161	-	-	-	0	0.0	0.0
FP	NC_089039.1	NC_089038.1:4665183-4665436(4665184:4665436|tsd_l:tsd)-0.5522	1685145	1685205	-	-	-	0	0.0	0.0
FP	NC_089039.1	NC_089042.1:21583117-21583382(21583118:21583382|tsd_l:tsd)-0.5509	2663762	2663840	-	-	-	0	0.0	0.0
FP	NC_089039.1	NC_089038.1:19240366-19240838(19240367:19240838|tsd_l:tsd)-0.7372	3452578	3452630	-	-	-	0	0.0	0.0
FP	NC_089039.1	NC_089038.1:19240366-19240838(19240367:19240838|tsd_l:tsd)-0.7372	3978317	3978369	-	-	-	0	0.0	0.0
FP	NC_089039.1	NC_089038.1:19240366-19240838(19240367:19240838|tsd_l:tsd)-0.7372	3978471	3978523	-	-	-	0	0.0	0.0
FP	NC_089039.1	NC_089038.1:19240366-19240838(19240367:19240838|tsd_l:tsd)-0.7372	4066187	4066239	-	-	-	0	0.0	0.0
FP	NC_089039.1	NC_089038.1:19240366-19240838(19240367:19240838|tsd_l:tsd)-0.7372	4108138	4108190	-	-	-	0	0.0	0.0
FP	NC_089039.1	NC_089038.1:19240366-19240838(19240367:19240838|tsd_l:tsd)-0.7372	4108292	4108346	-	-	-	0	0.0	0.0
FP	NC_089039.1	NC_089038.1:19240366-19240838(19240367:19240838|tsd_l:tsd)-0.7372	6575732	6575782	-	-	-	0	0.0	0.0
FP	NC_089039.1	NC_089038.1:19240366-19240838(19240367:19240838|tsd_l:tsd)-0.7372	6894575	6894627	-	-	-	0	0.0	0.0
FP	NC_089039.1	NC_089038.1:19240366-19240838(19240367:19240838|tsd_l:tsd)-0.7372	6894730	6894782	-	-	-	0	0.0	0.0
FP	NC_089039.1	NC_089038.1:19240366-19240838(19240367:19240838|tsd_l:tsd)-0.7372	7848228	7848278	-	-	-	0	0.0	0.0
FP	NC_089039.1	NC_089038.1:19240366-19240838(19240367:19240838|tsd_l:tsd)-0.7372	7848381	7848433	-	-	-	0	0.0	0.0
FP	NC_089039.1	NC_089039.1:9690318-9690577(9690319:9690577|tsd_l:tsd)-0.7910	9690300	9690389	-	-	-	0	0.0	0.0
FP	NC_089039.1	NC_089040.1:21834209-21834489(21834210:21834489|tsd_l:tsd)-0.8020	9690319	9690385	-	-	-	0	0.0	0.0
FP	NC_089039.1	NC_089038.1:19240366-19240838(19240367:19240838|tsd_l:tsd)-0.7372	10917417	10917469	-	-	-	0	0.0	0.0
FP	NC_089039.1	NC_089038.1:19240366-19240838(19240367:19240838|tsd_l:tsd)-0.7372	12209805	12209857	-	-	-	0	0.0	0.0
FP	NC_089039.1	NC_089038.1:19240366-19240838(19240367:19240838|tsd_l:tsd)-0.7372	14391562	14391614	-	-	-	0	0.0	0.0
FP	NC_089039.1	NC_089038.1:4665183-4665436(4665184:4665436|tsd_l:tsd)-0.5522	14594154	14594219	-	-	-	0	0.0	0.0
FP	NC_089039.1	NC_089039.1:14594111-14594432(14594112:14594432|tsd_l:tsd)-0.5772	14594363	14594410	-	-	-	0	0.0	0.0
FP	NC_089039.1	NC_089039.1:15857912-15858190(15857913:15858190|tsd_l:tsd)-0.7340	15857787	15857840	-	-	-	0	0.0	0.0
FP	NC_089039.1	NC_089038.1:19240366-19240838(19240367:19240838|tsd_l:tsd)-0.7372	16879944	16879996	-	-	-	0	0.0	0.0
FP	NC_089039.1	NC_089038.1:19240366-19240838(19240367:19240838|tsd_l:tsd)-0.7372	16880099	16880151	-	-	-	0	0.0	0.0
FP	NC_089039.1	NC_089038.1:19240366-19240838(19240367:19240838|tsd_l:tsd)-0.7372	16897367	16897419	-	-	-	0	0.0	0.0
FP	NC_089039.1	NC_089038.1:19240366-19240838(19240367:19240838|tsd_l:tsd)-0.7372	16897523	16897575	-	-	-	0	0.0	0.0
FP	NC_089039.1	NC_089038.1:19240366-19240838(19240367:19240838|tsd_l:tsd)-0.7372	17876302	17876354	-	-	-	0	0.0	0.0
FP	NC_089039.1	NC_089038.1:19240366-19240838(19240367:19240838|tsd_l:tsd)-0.7372	18614507	18614559	-	-	-	0	0.0	0.0
FP	NC_089039.1	NC_089039.1:18709343-18709473(18709344:18709473|tsd_l:tsd)-0.5875	18709368	18709439	-	-	-	0	0.0	0.0
FP	NC_089039.1	NC_089038.1:19240366-19240838(19240367:19240838|tsd_l:tsd)-0.7372	18723569	18723621	-	-	-	0	0.0	0.0
FP	NC_089039.1	NC_089038.1:19240366-19240838(19240367:19240838|tsd_l:tsd)-0.7372	18723724	18723776	-	-	-	0	0.0	0.0
FP	NC_089039.1	NC_089038.1:19240366-19240838(19240367:19240838|tsd_l:tsd)-0.7372	19847361	19847413	-	-	-	0	0.0	0.0
FP	NC_089039.1	NC_089039.1:20095434-20095767(20095435:20095767|tsd_l:tsd)-0.5376	20095327	20095458	-	-	-	0	0.0	0.0
FP	NC_089039.1	NC_089038.1:31540647-31540928(31540648:31540928|tsd_l:tsd)-0.8156	20249243	20249335	-	-	-	0	0.0	0.0
FP	NC_089039.1	NC_089036.1:6732253-6732551(6732254:6732551|tsd_l:tsd)-0.5317	20772843	20772943	-	-	-	0	0.0	0.0
FP	NC_089039.1	NC_089038.1:19240366-19240838(19240367:19240838|tsd_l:tsd)-0.7372	20916147	20916199	-	-	-	0	0.0	0.0
FP	NC_089039.1	NC_089038.1:19240366-19240838(19240367:19240838|tsd_l:tsd)-0.7372	21058168	21058220	-	-	-	0	0.0	0.0
FP	NC_089039.1	NC_089038.1:19240366-19240838(19240367:19240838|tsd_l:tsd)-0.7372	21557433	21557485	-	-	-	0	0.0	0.0
FP	NC_089039.1	NC_089038.1:19240366-19240838(19240367:19240838|tsd_l:tsd)-0.7372	24091137	24091191	-	-	-	0	0.0	0.0
FP	NC_089039.1	NC_089039.1:24921854-24922135(24921855:24922135|tsd_l:tsd)-0.5995	24921860	24921955	-	-	-	0	0.0	0.0
FP	NC_089039.1	NC_089039.1:25084461-25084647(25084462:25084647|tsd_l:tsd)-0.9049	25084437	25084568	-	-	-	0	0.0	0.0
FP	NC_089039.1	NC_089039.1:25741713-25741982(25741714:25741982|tsd_l:tsd)-0.6804	25741692	25741781	-	-	-	0	0.0	0.0
FP	NC_089039.1	NC_089038.1:19240366-19240838(19240367:19240838|tsd_l:tsd)-0.7372	25810411	25810465	-	-	-	0	0.0	0.0
FP	NC_089039.1	NC_089038.1:19240366-19240838(19240367:19240838|tsd_l:tsd)-0.7372	25909795	25909847	-	-	-	0	0.0	0.0
FP	NC_089039.1	NC_089038.1:19240366-19240838(19240367:19240838|tsd_l:tsd)-0.7372	26343729	26343781	-	-	-	0	0.0	0.0
FP	NC_089039.1	NC_089038.1:19240366-19240838(19240367:19240838|tsd_l:tsd)-0.7372	26343884	26343936	-	-	-	0	0.0	0.0
FP	NC_089039.1	NC_089038.1:19240366-19240838(19240367:19240838|tsd_l:tsd)-0.7372	28010742	28010794	-	-	-	0	0.0	0.0
FP	NC_089039.1	NC_089038.1:19240366-19240838(19240367:19240838|tsd_l:tsd)-0.7372	28976793	28976845	-	-	-	0	0.0	0.0
FP	NC_089039.1	NC_089038.1:19240366-19240838(19240367:19240838|tsd_l:tsd)-0.7372	28976948	28977000	-	-	-	0	0.0	0.0
FP	NC_089039.1	NC_089038.1:19240366-19240838(19240367:19240838|tsd_l:tsd)-0.7372	29311507	29311559	-	-	-	0	0.0	0.0
FP	NC_089044.1	NC_089038.1:19240366-19240838(19240367:19240838|tsd_l:tsd)-0.7372	349231	349283	-	-	-	0	0.0	0.0
FP	NC_089044.1	NC_089038.1:19240366-19240838(19240367:19240838|tsd_l:tsd)-0.7372	349386	349436	-	-	-	0	0.0	0.0
FP	NC_089044.1	NC_089038.1:19240366-19240838(19240367:19240838|tsd_l:tsd)-0.7372	417524	417576	-	-	-	0	0.0	0.0
FP	NC_089044.1	NC_089038.1:19240366-19240838(19240367:19240838|tsd_l:tsd)-0.7372	417679	417731	-	-	-	0	0.0	0.0
FP	NC_089044.1	NC_089044.1:1008656-1008894(1008657:1008894|tsd_l:tsd)-0.5378	1008832	1008973	-	-	-	0	0.0	0.0
FP	NC_089044.1	NC_089038.1:19240366-19240838(19240367:19240838|tsd_l:tsd)-0.7372	1215509	1215561	-	-	-	0	0.0	0.0
FP	NC_089044.1	NC_089040.1:21834209-21834489(21834210:21834489|tsd_l:tsd)-0.8020	1761266	1761331	-	-	-	0	0.0	0.0
FP	NC_089044.1	NC_089035.1:12855292-12855542(12855293:12855542|tsd_l:tsd)-0.6306	1829299	1829557	-	-	-	0	0.0	0.0
FP	NC_089044.1	NC_089038.1:19240366-19240838(19240367:19240838|tsd_l:tsd)-0.7372	3039223	3039275	-	-	-	0	0.0	0.0
FP	NC_089044.1	NC_089038.1:19240366-19240838(19240367:19240838|tsd_l:tsd)-0.7372	3450580	3450632	-	-	-	0	0.0	0.0
FP	NC_089044.1	NC_089038.1:19240366-19240838(19240367:19240838|tsd_l:tsd)-0.7372	3450735	3450787	-	-	-	0	0.0	0.0
FP	NC_089044.1	NC_089038.1:19240366-19240838(19240367:19240838|tsd_l:tsd)-0.7372	3851820	3851872	-	-	-	0	0.0	0.0
FP	NC_089044.1	NC_089038.1:19240366-19240838(19240367:19240838|tsd_l:tsd)-0.7372	3851975	3852027	-	-	-	0	0.0	0.0
FP	NC_089044.1	NC_089038.1:31540647-31540928(31540648:31540928|tsd_l:tsd)-0.8156	4322420	4322512	-	-	-	0	0.0	0.0
FP	NC_089044.1	NC_089038.1:19240366-19240838(19240367:19240838|tsd_l:tsd)-0.7372	6786771	6786823	-	-	-	0	0.0	0.0
FP	NC_089044.1	NC_089042.1:21583117-21583382(21583118:21583382|tsd_l:tsd)-0.5509	6891769	6891847	-	-	-	0	0.0	0.0
FP	NC_089044.1	NC_089044.1:7508087-7508323(7508088:7508323|tsd_l:tsd)-0.5776	7507993	7508048	-	-	-	0	0.0	0.0
FP	NC_089044.1	NC_089044.1:8897146-8897242(8897147:8897242|tsd_l:tsd)-0.6303	8896997	8897038	-	-	-	0	0.0	0.0
FP	NC_089044.1	NC_089038.1:19240366-19240838(19240367:19240838|tsd_l:tsd)-0.7372	10018913	10018964	-	-	-	0	0.0	0.0
FP	NC_089044.1	NC_089038.1:19240366-19240838(19240367:19240838|tsd_l:tsd)-0.7372	10019067	10019119	-	-	-	0	0.0	0.0
FP	NC_089044.1	NC_089042.1:21583117-21583382(21583118:21583382|tsd_l:tsd)-0.5509	10810003	10810084	-	-	-	0	0.0	0.0
FP	NC_089044.1	NC_089038.1:19240366-19240838(19240367:19240838|tsd_l:tsd)-0.7372	11621218	11621270	-	-	-	0	0.0	0.0
FP	NC_089044.1	NC_089038.1:19240366-19240838(19240367:19240838|tsd_l:tsd)-0.7372	11621372	11621424	-	-	-	0	0.0	0.0
FP	NC_089044.1	NC_089044.1:11775212-11775359(11775213:11775359|tsd_l:tsd)-0.5138	11775063	11775229	-	-	-	0	0.0	0.0
FP	NC_089044.1	NC_089044.1:11889509-11889758(11889510:11889758|tsd_l:tsd)-0.5393	11889490	11889537	-	-	-	0	0.0	0.0
FP	NC_089044.1	NC_089038.1:19240366-19240838(19240367:19240838|tsd_l:tsd)-0.7372	12845721	12845773	-	-	-	0	0.0	0.0
FP	NC_089044.1	NC_089038.1:19240366-19240838(19240367:19240838|tsd_l:tsd)-0.7372	14173417	14173469	-	-	-	0	0.0	0.0
FP	NC_089044.1	NC_089038.1:19240366-19240838(19240367:19240838|tsd_l:tsd)-0.7372	14315426	14315479	-	-	-	0	0.0	0.0
FP	NC_089044.1	NC_089042.1:21583117-21583382(21583118:21583382|tsd_l:tsd)-0.5509	14732065	14732142	-	-	-	0	0.0	0.0
FP	NC_089044.1	NC_089042.1:21583117-21583382(21583118:21583382|tsd_l:tsd)-0.5509	14732163	14732233	-	-	-	0	0.0	0.0
FP	NC_089044.1	NC_089038.1:19240366-19240838(19240367:19240838|tsd_l:tsd)-0.7372	15327907	15327961	-	-	-	0	0.0	0.0
FP	NC_089044.1	NC_089038.1:19240366-19240838(19240367:19240838|tsd_l:tsd)-0.7372	15328062	15328112	-	-	-	0	0.0	0.0
FP	NC_089044.1	NC_089038.1:19240366-19240838(19240367:19240838|tsd_l:tsd)-0.7372	15427658	15427710	-	-	-	0	0.0	0.0
FP	NC_089044.1	NC_089038.1:31540647-31540928(31540648:31540928|tsd_l:tsd)-0.8156	15804268	15804366	-	-	-	0	0.0	0.0
FP	NC_089044.1	NC_089038.1:19240366-19240838(19240367:19240838|tsd_l:tsd)-0.7372	15941887	15941939	-	-	-	0	0.0	0.0
FP	NC_089044.1	NC_089038.1:19240366-19240838(19240367:19240838|tsd_l:tsd)-0.7372	16818061	16818113	-	-	-	0	0.0	0.0
FP	NC_089044.1	NC_089038.1:19240366-19240838(19240367:19240838|tsd_l:tsd)-0.7372	16818216	16818268	-	-	-	0	0.0	0.0
FP	NC_089044.1	NC_089038.1:19240366-19240838(19240367:19240838|tsd_l:tsd)-0.7372	17058940	17058992	-	-	-	0	0.0	0.0
FP	NC_089044.1	NC_089038.1:31540647-31540928(31540648:31540928|tsd_l:tsd)-0.8156	17148659	17148764	-	-	-	0	0.0	0.0
FP	NC_089044.1	NC_089038.1:19240366-19240838(19240367:19240838|tsd_l:tsd)-0.7372	17376322	17376374	-	-	-	0	0.0	0.0
FP	NC_089044.1	NC_089038.1:19240366-19240838(19240367:19240838|tsd_l:tsd)-0.7372	18045607	18045659	-	-	-	0	0.0	0.0
FP	NC_089044.1	NC_089038.1:19240366-19240838(19240367:19240838|tsd_l:tsd)-0.7372	18656094	18656146	-	-	-	0	0.0	0.0
FP	NC_089044.1	NC_089038.1:19240366-19240838(19240367:19240838|tsd_l:tsd)-0.7372	19761993	19762045	-	-	-	0	0.0	0.0
FP	NC_089044.1	NC_089038.1:19240366-19240838(19240367:19240838|tsd_l:tsd)-0.7372	19762148	19762200	-	-	-	0	0.0	0.0
FP	NC_089044.1	NC_089044.1:19858897-19859033(19858898:19859033|tsd_l:tsd)-0.6443	19858898	19858993	-	-	-	0	0.0	0.0
FP	NC_089044.1	NC_089044.1:20171326-20171663(20171327:20171663|tsd_l:tsd)-0.5911	20171396	20171455	-	-	-	0	0.0	0.0
FP	NC_089044.1	NC_089044.1:20435012-20435277(20435013:20435277|tsd_l:tsd)-0.6510	20435012	20435113	-	-	-	0	0.0	0.0
FP	NC_089044.1	NC_089044.1:20541590-20541818(20541591:20541818|tsd_l:tsd)-0.5375	20541591	20541693	-	-	-	0	0.0	0.0
FP	NC_089044.1	NC_089038.1:19240366-19240838(19240367:19240838|tsd_l:tsd)-0.7372	21420885	21420937	-	-	-	0	0.0	0.0
FP	NC_089044.1	NC_089044.1:21574924-21575201(21574925:21575201|tsd_l:15|tsd_s:21574926|tsd_e:21575197)-0.6490	21574923	21574970	-	-	-	0	0.0	0.0
FP	NC_089044.1	NC_089038.1:12280842-12281116(12280843:12281116|tsd_l:tsd)-0.6747	21669996	21670081	-	-	-	0	0.0	0.0
FP	NC_089044.1	NC_089038.1:4665183-4665436(4665184:4665436|tsd_l:tsd)-0.5522	22907813	22907874	-	-	-	0	0.0	0.0
FP	NC_089044.1	NC_089038.1:19240366-19240838(19240367:19240838|tsd_l:tsd)-0.7372	23142678	23142730	-	-	-	0	0.0	0.0
FP	NC_089044.1	NC_089038.1:19240366-19240838(19240367:19240838|tsd_l:tsd)-0.7372	23142834	23142886	-	-	-	0	0.0	0.0
FP	NC_089044.1	NC_089044.1:23235678-23235766(23235679:23235766|tsd_l:tsd)-0.7727	23235669	23235720	-	-	-	0	0.0	0.0
FP	NC_089037.1	NC_089037.1:170853-171179(170854:171179|tsd_l:16|tsd_s:170853|tsd_e:171184)-0.8508	170815	171130	-	-	-	0	0.0	0.0
FP	NC_089037.1	NC_089038.1:19240366-19240838(19240367:19240838|tsd_l:tsd)-0.7372	172217	172269	-	-	-	0	0.0	0.0
FP	NC_089037.1	NC_089038.1:19240366-19240838(19240367:19240838|tsd_l:tsd)-0.7372	766790	766842	-	-	-	0	0.0	0.0
FP	NC_089037.1	NC_089038.1:19240366-19240838(19240367:19240838|tsd_l:tsd)-0.7372	1409771	1409823	-	-	-	0	0.0	0.0
FP	NC_089037.1	NC_089038.1:19240366-19240838(19240367:19240838|tsd_l:tsd)-0.7372	1491658	1491710	-	-	-	0	0.0	0.0
FP	NC_089037.1	NC_089038.1:19240366-19240838(19240367:19240838|tsd_l:tsd)-0.7372	1637756	1637808	-	-	-	0	0.0	0.0
FP	NC_089037.1	NC_089037.1:24409041-24409161(24409042:24409161|tsd_l:tsd)-0.6378	2197634	2197726	-	-	-	0	0.0	0.0
FP	NC_089037.1	NC_089038.1:19240366-19240838(19240367:19240838|tsd_l:tsd)-0.7372	2469519	2469571	-	-	-	0	0.0	0.0
FP	NC_089037.1	NC_089038.1:19240366-19240838(19240367:19240838|tsd_l:tsd)-0.7372	2810240	2810292	-	-	-	0	0.0	0.0
FP	NC_089037.1	NC_089038.1:19240366-19240838(19240367:19240838|tsd_l:tsd)-0.7372	2810678	2810730	-	-	-	0	0.0	0.0
FP	NC_089037.1	NC_089037.1:3355741-3355956(3355742:3355956|tsd_l:tsd)-0.6356	3355723	3355769	-	-	-	0	0.0	0.0
FP	NC_089037.1	NC_089038.1:19240366-19240838(19240367:19240838|tsd_l:tsd)-0.7372	3500626	3500678	-	-	-	0	0.0	0.0
FP	NC_089037.1	NC_089038.1:19240366-19240838(19240367:19240838|tsd_l:tsd)-0.7372	3500780	3500832	-	-	-	0	0.0	0.0
FP	NC_089037.1	NC_089038.1:19240366-19240838(19240367:19240838|tsd_l:tsd)-0.7372	3686785	3686837	-	-	-	0	0.0	0.0
FP	NC_089037.1	NC_089038.1:19240366-19240838(19240367:19240838|tsd_l:tsd)-0.7372	3686940	3686992	-	-	-	0	0.0	0.0
FP	NC_089037.1	NC_089038.1:19240366-19240838(19240367:19240838|tsd_l:tsd)-0.7372	4741399	4741451	-	-	-	0	0.0	0.0
FP	NC_089037.1	NC_089037.1:4964951-4965088(4964952:4965088|tsd_l:11|tsd_s:4964953|tsd_e:4965091)-0.6297	4965156	4965233	-	-	-	0	0.0	0.0
FP	NC_089037.1	NC_089038.1:19240366-19240838(19240367:19240838|tsd_l:tsd)-0.7372	5265234	5265288	-	-	-	0	0.0	0.0
FP	NC_089037.1	NC_089038.1:19240366-19240838(19240367:19240838|tsd_l:tsd)-0.7372	5457202	5457254	-	-	-	0	0.0	0.0
FP	NC_089037.1	NC_089038.1:19240366-19240838(19240367:19240838|tsd_l:tsd)-0.7372	5647274	5647326	-	-	-	0	0.0	0.0
FP	NC_089037.1	NC_089038.1:19240366-19240838(19240367:19240838|tsd_l:tsd)-0.7372	5647428	5647480	-	-	-	0	0.0	0.0
FP	NC_089037.1	NC_089038.1:19240366-19240838(19240367:19240838|tsd_l:tsd)-0.7372	5793749	5793801	-	-	-	0	0.0	0.0
FP	NC_089037.1	NC_089038.1:19240366-19240838(19240367:19240838|tsd_l:tsd)-0.7372	5793904	5793956	-	-	-	0	0.0	0.0
FP	NC_089037.1	NC_089037.1:6617426-6617584(6617427:6617584|tsd_l:tsd)-0.5777	6617283	6617372	-	-	-	0	0.0	0.0
FP	NC_089037.1	NC_089038.1:19240366-19240838(19240367:19240838|tsd_l:tsd)-0.7372	6877407	6877460	-	-	-	0	0.0	0.0
FP	NC_089037.1	NC_089037.1:7296568-7296859(7296569:7296859|tsd_l:tsd)-0.7494	7296524	7296600	-	-	-	0	0.0	0.0
FP	NC_089037.1	NC_089038.1:19240366-19240838(19240367:19240838|tsd_l:tsd)-0.7372	7741698	7741752	-	-	-	0	0.0	0.0
FP	NC_089037.1	NC_089038.1:19240366-19240838(19240367:19240838|tsd_l:tsd)-0.7372	7943174	7943226	-	-	-	0	0.0	0.0
FP	NC_089037.1	NC_089038.1:19240366-19240838(19240367:19240838|tsd_l:tsd)-0.7372	7943329	7943381	-	-	-	0	0.0	0.0
FP	NC_089037.1	NC_089038.1:31540647-31540928(31540648:31540928|tsd_l:tsd)-0.8156	8362044	8362141	-	-	-	0	0.0	0.0
FP	NC_089037.1	NC_089038.1:19240366-19240838(19240367:19240838|tsd_l:tsd)-0.7372	8762140	8762192	-	-	-	0	0.0	0.0
FP	NC_089037.1	NC_089038.1:19240366-19240838(19240367:19240838|tsd_l:tsd)-0.7372	8762295	8762347	-	-	-	0	0.0	0.0
FP	NC_089037.1	NC_089038.1:19240366-19240838(19240367:19240838|tsd_l:tsd)-0.7372	9263997	9264049	-	-	-	0	0.0	0.0
FP	NC_089037.1	NC_089038.1:19240366-19240838(19240367:19240838|tsd_l:tsd)-0.7372	9264152	9264204	-	-	-	0	0.0	0.0
FP	NC_089037.1	NC_089038.1:19240366-19240838(19240367:19240838|tsd_l:tsd)-0.7372	9416720	9416774	-	-	-	0	0.0	0.0
FP	NC_089037.1	NC_089038.1:19240366-19240838(19240367:19240838|tsd_l:tsd)-0.7372	9756712	9756764	-	-	-	0	0.0	0.0
FP	NC_089037.1	NC_089038.1:19240366-19240838(19240367:19240838|tsd_l:tsd)-0.7372	9756867	9756919	-	-	-	0	0.0	0.0
FP	NC_089037.1	NC_089037.1:10233896-10234150(10233897:10234150|tsd_l:tsd)-0.5382	10233897	10233985	-	-	-	0	0.0	0.0
FP	NC_089037.1	NC_089038.1:19240366-19240838(19240367:19240838|tsd_l:tsd)-0.7372	12230620	12230672	-	-	-	0	0.0	0.0
FP	NC_089037.1	NC_089038.1:19240366-19240838(19240367:19240838|tsd_l:tsd)-0.7372	12230775	12230827	-	-	-	0	0.0	0.0
FP	NC_089037.1	NC_089037.1:12616595-12616709(12616596:12616709|tsd_l:tsd)-0.6074	12616577	12616641	-	-	-	0	0.0	0.0
FP	NC_089037.1	NC_089037.1:12979871-12980099(12979872:12980099|tsd_l:tsd)-0.5375	12979868	12979927	-	-	-	0	0.0	0.0
FP	NC_089037.1	NC_089037.1:14265188-14265444(14265189:14265444|tsd_l:tsd)-0.7389	14265099	14265168	-	-	-	0	0.0	0.0
FP	NC_089037.1	NC_089038.1:19240366-19240838(19240367:19240838|tsd_l:tsd)-0.7372	14943878	14943930	-	-	-	0	0.0	0.0
FP	NC_089037.1	NC_089038.1:19240366-19240838(19240367:19240838|tsd_l:tsd)-0.7372	14944031	14944085	-	-	-	0	0.0	0.0
FP	NC_089037.1	NC_089038.1:19240366-19240838(19240367:19240838|tsd_l:tsd)-0.7372	15363361	15363413	-	-	-	0	0.0	0.0
FP	NC_089037.1	NC_089038.1:19240366-19240838(19240367:19240838|tsd_l:tsd)-0.7372	15372030	15372082	-	-	-	0	0.0	0.0
FP	NC_089037.1	NC_089038.1:19240366-19240838(19240367:19240838|tsd_l:tsd)-0.7372	15372185	15372237	-	-	-	0	0.0	0.0
FP	NC_089037.1	NC_089038.1:31540647-31540928(31540648:31540928|tsd_l:tsd)-0.8156	16005187	16005293	-	-	-	0	0.0	0.0
FP	NC_089037.1	NC_089037.1:16407075-16407414(16407076:16407414|tsd_l:tsd)-0.7829	16407055	16407168	-	-	-	0	0.0	0.0
FP	NC_089037.1	NC_089037.1:22091249-22091574(22091250:22091574|tsd_l:tsd)-0.5983	16407259	16407369	-	-	-	0	0.0	0.0
FP	NC_089037.1	NC_089037.1:16507515-16507889(16507516:16507889|tsd_l:tsd)-0.5493	16507366	16507515	-	-	-	0	0.0	0.0
FP	NC_089037.1	NC_089040.1:21834209-21834489(21834210:21834489|tsd_l:tsd)-0.8020	16881298	16881368	-	-	-	0	0.0	0.0
FP	NC_089037.1	NC_089037.1:16881296-16881528(16881297:16881528|tsd_l:tsd)-0.7668	16881354	16881479	-	-	-	0	0.0	0.0
FP	NC_089037.1	NC_089038.1:19240366-19240838(19240367:19240838|tsd_l:tsd)-0.7372	16901100	16901150	-	-	-	0	0.0	0.0
FP	NC_089037.1	NC_089037.1:17164917-17165222(17164918:17165222|tsd_l:16|tsd_s:17164919|tsd_e:17165222)-0.7336	17164918	17165013	-	-	-	0	0.0	0.0
FP	NC_089037.1	NC_089037.1:17405918-17406209(17405919:17406209|tsd_l:tsd)-0.7467	17405931	17405972	-	-	-	0	0.0	0.0
FP	NC_089037.1	NC_089038.1:19240366-19240838(19240367:19240838|tsd_l:tsd)-0.7372	18789117	18789169	-	-	-	0	0.0	0.0
FP	NC_089037.1	NC_089038.1:19240366-19240838(19240367:19240838|tsd_l:tsd)-0.7372	21537487	21537537	-	-	-	0	0.0	0.0
FP	NC_089037.1	NC_089038.1:31540647-31540928(31540648:31540928|tsd_l:tsd)-0.8156	21906879	21906984	-	-	-	0	0.0	0.0
FP	NC_089037.1	NC_089037.1:22091249-22091574(22091250:22091574|tsd_l:tsd)-0.5983	22091416	22091541	-	-	-	0	0.0	0.0
FP	NC_089037.1	NC_089037.1:22749358-22749515(22749359:22749515|tsd_l:15|tsd_s:22749346|tsd_e:22749511)-0.5460	22749341	22749376	-	-	-	0	0.0	0.0
FP	NC_089037.1	NC_089038.1:19240366-19240838(19240367:19240838|tsd_l:tsd)-0.7372	23071641	23071693	-	-	-	0	0.0	0.0
FP	NC_089037.1	NC_089035.1:29397836-29398079(29397837:29398079|tsd_l:tsd)-0.6595	23271072	23271113	-	-	-	0	0.0	0.0
FP	NC_089037.1	NC_089037.1:23599263-23599504(23599264:23599504|tsd_l:tsd)-0.8593	23599275	23599454	-	-	-	0	0.0	0.0
FP	NC_089037.1	NC_089037.1:24409041-24409161(24409042:24409161|tsd_l:tsd)-0.6378	24409065	24409166	-	-	-	0	0.0	0.0
FP	NC_089037.1	NC_089038.1:19240366-19240838(19240367:19240838|tsd_l:tsd)-0.7372	24508330	24508382	-	-	-	0	0.0	0.0
FP	NC_089037.1	NC_089038.1:12280842-12281116(12280843:12281116|tsd_l:tsd)-0.6747	26221050	26221129	-	-	-	0	0.0	0.0
FP	NC_089037.1	NC_089038.1:19240366-19240838(19240367:19240838|tsd_l:tsd)-0.7372	26479582	26479634	-	-	-	0	0.0	0.0
FP	NC_089037.1	NC_089038.1:19240366-19240838(19240367:19240838|tsd_l:tsd)-0.7372	26479737	26479788	-	-	-	0	0.0	0.0
FP	NC_089037.1	NC_089038.1:19240366-19240838(19240367:19240838|tsd_l:tsd)-0.7372	29337990	29338042	-	-	-	0	0.0	0.0
FP	NC_089037.1	NC_089038.1:19240366-19240838(19240367:19240838|tsd_l:tsd)-0.7372	29553564	29553618	-	-	-	0	0.0	0.0
FP	NC_089037.1	NC_089038.1:19240366-19240838(19240367:19240838|tsd_l:tsd)-0.7372	30322217	30322269	-	-	-	0	0.0	0.0
FP	NC_089037.1	NC_089038.1:19240366-19240838(19240367:19240838|tsd_l:tsd)-0.7372	30553947	30553999	-	-	-	0	0.0	0.0
FP	NC_089037.1	NC_089038.1:19240366-19240838(19240367:19240838|tsd_l:tsd)-0.7372	32294661	32294713	-	-	-	0	0.0	0.0
FP	NC_089037.1	NC_089037.1:32465133-32465416(32465134:32465416|tsd_l:tsd)-0.6103	32465082	32465302	-	-	-	0	0.0	0.0
FP	NC_089037.1	NC_089038.1:19240366-19240838(19240367:19240838|tsd_l:tsd)-0.7372	33170895	33170949	-	-	-	0	0.0	0.0
FP	NC_089037.1	NC_089038.1:19240366-19240838(19240367:19240838|tsd_l:tsd)-0.7372	33171050	33171102	-	-	-	0	0.0	0.0
FP	NC_089037.1	NC_089038.1:19240366-19240838(19240367:19240838|tsd_l:tsd)-0.7372	33272777	33272831	-	-	-	0	0.0	0.0
FP	NC_089037.1	NC_089038.1:19240366-19240838(19240367:19240838|tsd_l:tsd)-0.7372	33280891	33280943	-	-	-	0	0.0	0.0
FP	NC_089037.1	NC_089038.1:19240366-19240838(19240367:19240838|tsd_l:tsd)-0.7372	33816335	33816387	-	-	-	0	0.0	0.0
FP	NC_089037.1	NC_089038.1:19240366-19240838(19240367:19240838|tsd_l:tsd)-0.7372	33990026	33990076	-	-	-	0	0.0	0.0
FP	NC_089037.1	NC_089038.1:31540647-31540928(31540648:31540928|tsd_l:tsd)-0.8156	34221897	34221986	-	-	-	0	0.0	0.0
FP	NC_089037.1	NC_089038.1:19240366-19240838(19240367:19240838|tsd_l:tsd)-0.7372	34551726	34551778	-	-	-	0	0.0	0.0
FP	NC_089037.1	NC_089038.1:19240366-19240838(19240367:19240838|tsd_l:tsd)-0.7372	34609719	34609768	-	-	-	0	0.0	0.0
FP	NC_089037.1	NC_089038.1:19240366-19240838(19240367:19240838|tsd_l:tsd)-0.7372	34699667	34699719	-	-	-	0	0.0	0.0
FP	NC_089037.1	NC_089038.1:19240366-19240838(19240367:19240838|tsd_l:tsd)-0.7372	34699822	34699874	-	-	-	0	0.0	0.0
FP	NC_089037.1	NC_089038.1:19240366-19240838(19240367:19240838|tsd_l:tsd)-0.7372	34768889	34768941	-	-	-	0	0.0	0.0
FP	NC_089037.1	NC_089038.1:19240366-19240838(19240367:19240838|tsd_l:tsd)-0.7372	34769042	34769096	-	-	-	0	0.0	0.0
FP	NC_089037.1	NC_089038.1:19240366-19240838(19240367:19240838|tsd_l:tsd)-0.7372	35664662	35664714	-	-	-	0	0.0	0.0
FN	NC_089040.1	-	-	-	SINE2-4_OS	350515	350704	0	0.0	0.0
FN	NC_089040.1	-	-	-	OsSN3	1611475	1611632	0	0.0	0.0
FN	NC_089040.1	-	-	-	CASINE	1611481	1611654	0	0.0	0.0
FN	NC_089040.1	-	-	-	p-SINE1_OS	1926324	1926482	0	0.0	0.0
FN	NC_089040.1	-	-	-	F524	2924160	2924449	0	0.0	0.0
FN	NC_089040.1	-	-	-	SINE1R5_OS	2938731	2938851	0	0.0	0.0
FN	NC_089040.1	-	-	-	SINE6_OS	2938732	2938849	0	0.0	0.0
FN	NC_089040.1	-	-	-	F524	3830606	3830871	0	0.0	0.0
FN	NC_089040.1	-	-	-	SINE1OS	4367584	4367691	0	0.0	0.0
FN	NC_089040.1	-	-	-	SINE1R5_OS	4705198	4705306	0	0.0	0.0
FN	NC_089040.1	-	-	-	F524	5108546	5108789	0	0.0	0.0
FN	NC_089040.1	-	-	-	F524	5123658	5123901	0	0.0	0.0
FN	NC_089040.1	-	-	-	SINE1R5_OS	5517753	5517872	0	0.0	0.0
FN	NC_089040.1	-	-	-	SINE1OS	5517764	5517872	0	0.0	0.0
FN	NC_089040.1	-	-	-	F524	5662067	5662346	0	0.0	0.0
FN	NC_089040.1	-	-	-	F524	5945065	5945300	0	0.0	0.0
FN	NC_089040.1	-	-	-	F524	6219398	6219649	0	0.0	0.0
FN	NC_089040.1	-	-	-	SINE1R5_OS	6479602	6479721	0	0.0	0.0
FN	NC_089040.1	-	-	-	SINE2-11_OS	6555884	6556014	0	0.0	0.0
FN	NC_089040.1	-	-	-	OsSN3	6760839	6761021	0	0.0	0.0
FN	NC_089040.1	-	-	-	OsSN3	6835915	6836073	0	0.0	0.0
FN	NC_089040.1	-	-	-	CASINE	6835922	6836084	0	0.0	0.0
FN	NC_089040.1	-	-	-	SINE1OS	8095117	8095225	0	0.0	0.0
FN	NC_089040.1	-	-	-	SINE2-2_OS	9609903	9610219	0	0.0	0.0
FN	NC_089040.1	-	-	-	SINE2-11_OS	10031063	10031199	0	0.0	0.0
FN	NC_089040.1	-	-	-	F524	13045661	13046025	0	0.0	0.0
FN	NC_089040.1	-	-	-	SINE-12_OS	13110451	13110672	0	0.0	0.0
FN	NC_089040.1	-	-	-	F524	16548529	16548819	0	0.0	0.0
FN	NC_089040.1	-	-	-	OsSN3	18137531	18137715	0	0.0	0.0
FN	NC_089040.1	-	-	-	CASINE	20615667	20615812	0	0.0	0.0
FN	NC_089040.1	-	-	-	SINE2-11_OS	20755993	20756116	0	0.0	0.0
FN	NC_089040.1	-	-	-	SINE1R5_OS	21221801	21221909	0	0.0	0.0
FN	NC_089040.1	-	-	-	SINE2-11_OS	22498476	22498615	0	0.0	0.0
FN	NC_089040.1	-	-	-	SINE2-11_OS	22717941	22718082	0	0.0	0.0
FN	NC_089040.1	-	-	-	CASINE	23471379	23471528	0	0.0	0.0
FN	NC_089040.1	-	-	-	F524	23878784	23879076	0	0.0	0.0
FN	NC_089040.1	-	-	-	CASINE	23975727	23975883	0	0.0	0.0
FN	NC_089040.1	-	-	-	F524	24499016	24499285	0	0.0	0.0
FN	NC_089040.1	-	-	-	SINE9_OS	25461976	25462268	0	0.0	0.0
FN	NC_089040.1	-	-	-	SINE1R5_OS	25500898	25501016	0	0.0	0.0
FN	NC_089040.1	-	-	-	SINE2-11_OS	25609806	25609946	0	0.0	0.0
FN	NC_089040.1	-	-	-	SINE1OS	25818601	25818725	0	0.0	0.0
FN	NC_089040.1	-	-	-	SINE1R5_OS	25818601	25818720	0	0.0	0.0
FN	NC_089040.1	-	-	-	p-SINE1_OS	25818601	25818725	0	0.0	0.0
FN	NC_089040.1	-	-	-	SINE1OS	27258543	27258660	0	0.0	0.0
FN	NC_089040.1	-	-	-	SINE1R5_OS	27332061	27332179	0	0.0	0.0
FN	NC_089040.1	-	-	-	SINE2-11_OS	29674869	29675008	0	0.0	0.0
FN	NC_089040.1	-	-	-	SINE2-11_OS	30503160	30503293	0	0.0	0.0
FN	NC_089040.1	-	-	-	SINE2-3_OS	30748350	30748500	0	0.0	0.0
FN	NC_089040.1	-	-	-	SINE2-11_OS	30840825	30840958	0	0.0	0.0
FN	NC_089040.1	-	-	-	OsSN3	31978848	31979022	0	0.0	0.0
FN	NC_089040.1	-	-	-	CASINE	31978871	31979024	0	0.0	0.0
FN	NC_089041.1	-	-	-	F524	100401	100690	0	0.0	0.0
FN	NC_089041.1	-	-	-	CASINE	2006761	2006913	0	0.0	0.0
FN	NC_089041.1	-	-	-	OsSN3	2006762	2006943	0	0.0	0.0
FN	NC_089041.1	-	-	-	SINE1OS	2154516	2154634	0	0.0	0.0
FN	NC_089041.1	-	-	-	F524	3033262	3033531	0	0.0	0.0
FN	NC_089041.1	-	-	-	F524	3078101	3078370	0	0.0	0.0
FN	NC_089041.1	-	-	-	F524	3122940	3123209	0	0.0	0.0
FN	NC_089041.1	-	-	-	p-SINE1_OS	4037138	4037261	0	0.0	0.0
FN	NC_089041.1	-	-	-	SINE16_OS	4037141	4037261	0	0.0	0.0
FN	NC_089041.1	-	-	-	F524	4359473	4359763	0	0.0	0.0
FN	NC_089041.1	-	-	-	OsSN3	4679999	4680193	0	0.0	0.0
FN	NC_089041.1	-	-	-	CASINE	5165453	5165606	0	0.0	0.0
FN	NC_089041.1	-	-	-	F524	5423637	5423879	0	0.0	0.0
FN	NC_089041.1	-	-	-	OsSN3	7680887	7681059	0	0.0	0.0
FN	NC_089041.1	-	-	-	CASINE	8091166	8091310	0	0.0	0.0
FN	NC_089041.1	-	-	-	SINE1R5_OS	8973119	8973226	0	0.0	0.0
FN	NC_089041.1	-	-	-	CASINE	9614898	9615059	0	0.0	0.0
FN	NC_089041.1	-	-	-	CASINE	10313537	10313689	0	0.0	0.0
FN	NC_089041.1	-	-	-	CASINE	10851621	10851780	0	0.0	0.0
FN	NC_089041.1	-	-	-	OsSN3	11078783	11078948	0	0.0	0.0
FN	NC_089041.1	-	-	-	SINE9_OS	11410643	11410932	0	0.0	0.0
FN	NC_089041.1	-	-	-	SINE2-1_OS	11522545	11522895	0	0.0	0.0
FN	NC_089041.1	-	-	-	SINE1R5_OS	14710034	14710153	0	0.0	0.0
FN	NC_089041.1	-	-	-	SINE1OS	14710045	14710153	0	0.0	0.0
FN	NC_089041.1	-	-	-	p-SINE1_OS	14743936	14744059	0	0.0	0.0
FN	NC_089041.1	-	-	-	SINE9_OS	15511480	15511773	0	0.0	0.0
FN	NC_089041.1	-	-	-	OsSN3	17024764	17024947	0	0.0	0.0
FN	NC_089041.1	-	-	-	SINE2-11_OS	17917713	17917849	0	0.0	0.0
FN	NC_089041.1	-	-	-	SINE1R5_OS	18578947	18579065	0	0.0	0.0
FN	NC_089041.1	-	-	-	CASINE	18602883	18603119	0	0.0	0.0
FN	NC_089041.1	-	-	-	SINE2-2_OS	19134722	19135042	0	0.0	0.0
FN	NC_089041.1	-	-	-	SINE1R5_OS	19308656	19308775	0	0.0	0.0
FN	NC_089041.1	-	-	-	OsSN3	19850219	19850422	0	0.0	0.0
FN	NC_089041.1	-	-	-	SINE9_OS	20389960	20390225	0	0.0	0.0
FN	NC_089041.1	-	-	-	OsSN3	20589780	20589952	0	0.0	0.0
FN	NC_089041.1	-	-	-	SINE1OS	20951011	20951119	0	0.0	0.0
FN	NC_089041.1	-	-	-	SINE1OS	21238424	21238531	0	0.0	0.0
FN	NC_089041.1	-	-	-	CASINE	21568156	21568312	0	0.0	0.0
FN	NC_089041.1	-	-	-	SINE9_OS	21939365	21939615	0	0.0	0.0
FN	NC_089041.1	-	-	-	F524	21939369	21939720	0	0.0	0.0
FN	NC_089041.1	-	-	-	CASINE	21992309	21992466	0	0.0	0.0
FN	NC_089041.1	-	-	-	SINE2-12_OS	22252811	22253156	0	0.0	0.0
FN	NC_089041.1	-	-	-	p-SINE1_OS	22318636	22318770	0	0.0	0.0
FN	NC_089041.1	-	-	-	OsSN3	23161306	23161475	0	0.0	0.0
FN	NC_089041.1	-	-	-	SINE1R5_OS	23616308	23616428	0	0.0	0.0
FN	NC_089041.1	-	-	-	SINE6_OS	24118153	24118271	0	0.0	0.0
FN	NC_089041.1	-	-	-	SINE2-4B_OS	24441520	24441683	0	0.0	0.0
FN	NC_089041.1	-	-	-	SINE1OS	24921673	24921781	0	0.0	0.0
FN	NC_089041.1	-	-	-	p-SINE1_OS	24921673	24921845	0	0.0	0.0
FN	NC_089041.1	-	-	-	SINE16_OS	24921727	24921848	0	0.0	0.0
FN	NC_089041.1	-	-	-	CASINE	25637213	25637373	0	0.0	0.0
FN	NC_089041.1	-	-	-	CASINE	25859221	25859370	0	0.0	0.0
FN	NC_089041.1	-	-	-	OsSN3	25859222	25859388	0	0.0	0.0
FN	NC_089041.1	-	-	-	p-SINE1_OS	26126756	26126883	0	0.0	0.0
FN	NC_089041.1	-	-	-	SINE1R5_OS	26126761	26126880	0	0.0	0.0
FN	NC_089041.1	-	-	-	SINE1R5_OS	26438994	26439113	0	0.0	0.0
FN	NC_089041.1	-	-	-	p-SINE1_OS	26559250	26559376	0	0.0	0.0
FN	NC_089041.1	-	-	-	SINE2-11_OS	26899731	26899847	0	0.0	0.0
FN	NC_089041.1	-	-	-	OsSN3	27204197	27204378	0	0.0	0.0
FN	NC_089041.1	-	-	-	OsSN3	28337902	28338084	0	0.0	0.0
FN	NC_089041.1	-	-	-	CASINE	28337932	28338091	0	0.0	0.0
FN	NC_089041.1	-	-	-	SINE1OS	29298310	29298430	0	0.0	0.0
FN	NC_089041.1	-	-	-	p-SINE1_OS	29560980	29561108	0	0.0	0.0
FN	NC_089041.1	-	-	-	SINE1OS	29560986	29561094	0	0.0	0.0
FN	NC_089041.1	-	-	-	SINE1R5_OS	29560986	29561105	0	0.0	0.0
FN	NC_089036.1	-	-	-	p-SINE1_OS	909169	909293	0	0.0	0.0
FN	NC_089036.1	-	-	-	SINE1R5_OS	909171	909272	0	0.0	0.0
FN	NC_089036.1	-	-	-	F524	1586731	1586979	0	0.0	0.0
FN	NC_089036.1	-	-	-	SINE1R5_OS	1981169	1981289	0	0.0	0.0
FN	NC_089036.1	-	-	-	SINE2-11_OS	2677251	2677390	0	0.0	0.0
FN	NC_089036.1	-	-	-	OsSN3	2984361	2984534	0	0.0	0.0
FN	NC_089036.1	-	-	-	CASINE	2984381	2984539	0	0.0	0.0
FN	NC_089036.1	-	-	-	p-SINE1_OS	4251478	4251601	0	0.0	0.0
FN	NC_089036.1	-	-	-	SINE1R5_OS	4251480	4251599	0	0.0	0.0
FN	NC_089036.1	-	-	-	SINE16_OS	4251490	4251590	0	0.0	0.0
FN	NC_089036.1	-	-	-	CASINE	4803725	4803874	0	0.0	0.0
FN	NC_089036.1	-	-	-	F524	5776447	5776763	0	0.0	0.0
FN	NC_089036.1	-	-	-	CASINE	5895488	5895644	0	0.0	0.0
FN	NC_089036.1	-	-	-	OsSN3	5912879	5913058	0	0.0	0.0
FN	NC_089036.1	-	-	-	CASINE	5912907	5913061	0	0.0	0.0
FN	NC_089036.1	-	-	-	SINE9_OS	6102593	6102857	0	0.0	0.0
FN	NC_089036.1	-	-	-	p-SINE1_OS	6238675	6238800	0	0.0	0.0
FN	NC_089036.1	-	-	-	SINE1OS	6238679	6238800	0	0.0	0.0
FN	NC_089036.1	-	-	-	OsSN3	6284272	6284450	0	0.0	0.0
FN	NC_089036.1	-	-	-	F524	6724611	6724853	0	0.0	0.0
FN	NC_089036.1	-	-	-	SINE9_OS	7175308	7175591	0	0.0	0.0
FN	NC_089036.1	-	-	-	F524	7565219	7565499	0	0.0	0.0
FN	NC_089036.1	-	-	-	F524	7767501	7767761	0	0.0	0.0
FN	NC_089036.1	-	-	-	SINE9_OS	9141197	9141485	0	0.0	0.0
FN	NC_089036.1	-	-	-	CASINE	10752371	10752530	0	0.0	0.0
FN	NC_089036.1	-	-	-	F524	11179413	11179714	0	0.0	0.0
FN	NC_089036.1	-	-	-	F524	16153005	16153241	0	0.0	0.0
FN	NC_089036.1	-	-	-	SINE1R5_OS	16421905	16422013	0	0.0	0.0
FN	NC_089036.1	-	-	-	OsSN3	16504962	16505138	0	0.0	0.0
FN	NC_089036.1	-	-	-	SINE1OS	17368077	17368185	0	0.0	0.0
FN	NC_089036.1	-	-	-	SINE2-4_OS	17739999	17740164	0	0.0	0.0
FN	NC_089036.1	-	-	-	SINE1OS	17826580	17826688	0	0.0	0.0
FN	NC_089036.1	-	-	-	SINE1OS	18312450	18312564	0	0.0	0.0
FN	NC_089036.1	-	-	-	OsSN3	18734720	18734919	0	0.0	0.0
FN	NC_089036.1	-	-	-	F524	20958577	20958825	0	0.0	0.0
FN	NC_089036.1	-	-	-	SINE1OS	21498475	21498601	0	0.0	0.0
FN	NC_089036.1	-	-	-	CASINE	21843477	21843630	0	0.0	0.0
FN	NC_089036.1	-	-	-	SINE2-1_OS	22136479	22136853	0	0.0	0.0
FN	NC_089036.1	-	-	-	SINE1OS	22502366	22502474	0	0.0	0.0
FN	NC_089036.1	-	-	-	SINE9_OS	23576269	23576528	0	0.0	0.0
FN	NC_089036.1	-	-	-	SINE1R5_OS	24864663	24864781	0	0.0	0.0
FN	NC_089036.1	-	-	-	SINE1OS	24864673	24864781	0	0.0	0.0
FN	NC_089036.1	-	-	-	SINE1OS	25528882	25528990	0	0.0	0.0
FN	NC_089036.1	-	-	-	SINE1R5_OS	25528882	25529000	0	0.0	0.0
FN	NC_089036.1	-	-	-	F524	26127901	26128162	0	0.0	0.0
FN	NC_089036.1	-	-	-	F524	26746346	26746635	0	0.0	0.0
FN	NC_089036.1	-	-	-	SINE1R5_OS	28499098	28499219	0	0.0	0.0
FN	NC_089036.1	-	-	-	SINE1R5_OS	29362840	29362959	0	0.0	0.0
FN	NC_089036.1	-	-	-	SINE1OS	29362851	29362959	0	0.0	0.0
FN	NC_089036.1	-	-	-	OsSN3	30487472	30487651	0	0.0	0.0
FN	NC_089036.1	-	-	-	p-SINE1_OS	30600829	30600955	0	0.0	0.0
FN	NC_089036.1	-	-	-	SINE1R5_OS	30600836	30600956	0	0.0	0.0
FN	NC_089036.1	-	-	-	SINE1R5_OS	32593243	32593363	0	0.0	0.0
FN	NC_089036.1	-	-	-	SINE1OS	32593255	32593363	0	0.0	0.0
FN	NC_089036.1	-	-	-	p-SINE1_OS	33137222	33137346	0	0.0	0.0
FN	NC_089036.1	-	-	-	SINE1R5_OS	33137234	33137341	0	0.0	0.0
FN	NC_089036.1	-	-	-	SINE1R5_OS	33719447	33719555	0	0.0	0.0
FN	NC_089036.1	-	-	-	SINE6_OS	34366261	34366358	0	0.0	0.0
FN	NC_089036.1	-	-	-	p-SINE1_OS	34543019	34543142	0	0.0	0.0
FN	NC_089036.1	-	-	-	SINE1R5_OS	35009834	35009940	0	0.0	0.0
FN	NC_089036.1	-	-	-	SINE16_OS	35822192	35822302	0	0.0	0.0
FN	NC_089036.1	-	-	-	SINE1OS	35822192	35822300	0	0.0	0.0
FN	NC_089036.1	-	-	-	SINE2-4_OS	36434077	36434244	0	0.0	0.0
FN	NC_089045.1	-	-	-	SINE2-4_OS	220953	221097	0	0.0	0.0
FN	NC_089045.1	-	-	-	SINE2-11_OS	333986	334124	0	0.0	0.0
FN	NC_089045.1	-	-	-	OsSN3	482422	482600	0	0.0	0.0
FN	NC_089045.1	-	-	-	CASINE	609504	609661	0	0.0	0.0
FN	NC_089045.1	-	-	-	OsSN3	609510	609691	0	0.0	0.0
FN	NC_089045.1	-	-	-	CASINE	1006599	1006741	0	0.0	0.0
FN	NC_089045.1	-	-	-	SINE1R5_OS	1887288	1887406	0	0.0	0.0
FN	NC_089045.1	-	-	-	F524	2100133	2100379	0	0.0	0.0
FN	NC_089045.1	-	-	-	CASINE	4585870	4586018	0	0.0	0.0
FN	NC_089045.1	-	-	-	SINE2-4_OS	4827729	4827902	0	0.0	0.0
FN	NC_089045.1	-	-	-	SINE1OS	4981650	4981760	0	0.0	0.0
FN	NC_089045.1	-	-	-	F524	6513578	6513850	0	0.0	0.0
FN	NC_089045.1	-	-	-	OsSN3	6524183	6524364	0	0.0	0.0
FN	NC_089045.1	-	-	-	F524	7347926	7348186	0	0.0	0.0
FN	NC_089045.1	-	-	-	SINE2-1_OS	8322155	8322489	0	0.0	0.0
FN	NC_089045.1	-	-	-	CASINE	10064584	10064735	0	0.0	0.0
FN	NC_089045.1	-	-	-	F524	10163392	10163667	0	0.0	0.0
FN	NC_089045.1	-	-	-	F524	13895841	13896130	0	0.0	0.0
FN	NC_089045.1	-	-	-	SINE1OS	14387749	14387872	0	0.0	0.0
FN	NC_089045.1	-	-	-	p-SINE1_OS	14387749	14387872	0	0.0	0.0
FN	NC_089045.1	-	-	-	SINE1R5_OS	14387753	14387872	0	0.0	0.0
FN	NC_089045.1	-	-	-	OsSN3	16018129	16018306	0	0.0	0.0
FN	NC_089045.1	-	-	-	SINE9_OS	17776652	17776919	0	0.0	0.0
FN	NC_089045.1	-	-	-	SINE9_OS	18367837	18368072	0	0.0	0.0
FN	NC_089045.1	-	-	-	SINE9_OS	20621876	20622167	0	0.0	0.0
FN	NC_089045.1	-	-	-	F524	21410154	21410409	0	0.0	0.0
FN	NC_089045.1	-	-	-	F524	23004247	23004510	0	0.0	0.0
FN	NC_089045.1	-	-	-	p-SINE1_OS	24547070	24547197	0	0.0	0.0
FN	NC_089045.1	-	-	-	SINE16_OS	24547075	24547197	0	0.0	0.0
FN	NC_089045.1	-	-	-	SINE2-11_OS	26197135	26197276	0	0.0	0.0
FN	NC_089045.1	-	-	-	SINE9_OS	27177172	27177464	0	0.0	0.0
FN	NC_089045.1	-	-	-	F524	27177175	27177560	0	0.0	0.0
FN	NC_089045.1	-	-	-	SINE2-2_OS	30312720	30312989	0	0.0	0.0
FN	NC_089043.1	-	-	-	F524	4856973	4857227	0	0.0	0.0
FN	NC_089043.1	-	-	-	F524	6036838	6037094	0	0.0	0.0
FN	NC_089043.1	-	-	-	SINE9_OS	6113918	6114171	0	0.0	0.0
FN	NC_089043.1	-	-	-	SINE2-1_OS	6310645	6310952	0	0.0	0.0
FN	NC_089043.1	-	-	-	SINE9_OS	9362881	9363144	0	0.0	0.0
FN	NC_089043.1	-	-	-	F524	11549338	11549613	0	0.0	0.0
FN	NC_089043.1	-	-	-	SINE9_OS	12056411	12056659	0	0.0	0.0
FN	NC_089043.1	-	-	-	SINE1OS	12658752	12658860	0	0.0	0.0
FN	NC_089043.1	-	-	-	SINE1OS	13229405	13229518	0	0.0	0.0
FN	NC_089043.1	-	-	-	F524	13885817	13886122	0	0.0	0.0
FN	NC_089043.1	-	-	-	SINE9_OS	14413195	14413454	0	0.0	0.0
FN	NC_089043.1	-	-	-	CASINE	14419194	14419471	0	0.0	0.0
FN	NC_089043.1	-	-	-	F524	15945615	15945890	0	0.0	0.0
FN	NC_089043.1	-	-	-	SINE-12_OS	16200036	16200247	0	0.0	0.0
FN	NC_089043.1	-	-	-	p-SINE1_OS	16478780	16478906	0	0.0	0.0
FN	NC_089043.1	-	-	-	OsSN3	16544071	16544251	0	0.0	0.0
FN	NC_089043.1	-	-	-	CASINE	18496586	18496747	0	0.0	0.0
FN	NC_089043.1	-	-	-	SINE1OS	18501093	18501202	0	0.0	0.0
FN	NC_089043.1	-	-	-	F524	18531737	18532025	0	0.0	0.0
FN	NC_089043.1	-	-	-	CASINE	18954868	18955066	0	0.0	0.0
FN	NC_089043.1	-	-	-	F524	19550414	19550703	0	0.0	0.0
FN	NC_089043.1	-	-	-	CASINE	20034084	20034233	0	0.0	0.0
FN	NC_089043.1	-	-	-	OsSN3	20034086	20034266	0	0.0	0.0
FN	NC_089043.1	-	-	-	SINE1OS	20493532	20493646	0	0.0	0.0
FN	NC_089043.1	-	-	-	SINE1OS	22221667	22221775	0	0.0	0.0
FN	NC_089043.1	-	-	-	SINE1R5_OS	22221667	22221787	0	0.0	0.0
FN	NC_089043.1	-	-	-	OsSN3	23384057	23384244	0	0.0	0.0
FN	NC_089043.1	-	-	-	p-SINE1_OS	23917050	23917179	0	0.0	0.0
FN	NC_089043.1	-	-	-	SINE1OS	23917052	23917168	0	0.0	0.0
FN	NC_089043.1	-	-	-	OsSN3	24751608	24751790	0	0.0	0.0
FN	NC_089043.1	-	-	-	p-SINE1_OS	25012150	25012273	0	0.0	0.0
FN	NC_089043.1	-	-	-	SINE16_OS	25816713	25816813	0	0.0	0.0
FN	NC_089043.1	-	-	-	CASINE	26195546	26195708	0	0.0	0.0
FN	NC_089043.1	-	-	-	CASINE	26409254	26409418	0	0.0	0.0
FN	NC_089043.1	-	-	-	OsSN3	26409267	26409431	0	0.0	0.0
FN	NC_089035.1	-	-	-	SINE2-11_OS	778858	778996	0	0.0	0.0
FN	NC_089035.1	-	-	-	SINE2-11_OS	852325	852465	0	0.0	0.0
FN	NC_089035.1	-	-	-	SINE2-11_OS	874380	874516	0	0.0	0.0
FN	NC_089035.1	-	-	-	CASINE	2323564	2323728	0	0.0	0.0
FN	NC_089035.1	-	-	-	SINE1OS	2969782	2969895	0	0.0	0.0
FN	NC_089035.1	-	-	-	SINE1R5_OS	2969786	2969893	0	0.0	0.0
FN	NC_089035.1	-	-	-	SINE1R5_OS	3015493	3015589	0	0.0	0.0
FN	NC_089035.1	-	-	-	SINE2-3_OS	3413028	3413207	0	0.0	0.0
FN	NC_089035.1	-	-	-	F524	3598980	3599233	0	0.0	0.0
FN	NC_089035.1	-	-	-	SINE1OS	4599945	4600049	0	0.0	0.0
FN	NC_089035.1	-	-	-	SINE1OS	5009454	5009562	0	0.0	0.0
FN	NC_089035.1	-	-	-	p-SINE1_OS	5009454	5009579	0	0.0	0.0
FN	NC_089035.1	-	-	-	SINE6_OS	5009456	5009573	0	0.0	0.0
FN	NC_089035.1	-	-	-	SINE1OS	5138075	5138199	0	0.0	0.0
FN	NC_089035.1	-	-	-	SINE1R5_OS	5138080	5138199	0	0.0	0.0
FN	NC_089035.1	-	-	-	F524	5719461	5719804	0	0.0	0.0
FN	NC_089035.1	-	-	-	p-SINE1_OS	7294830	7294954	0	0.0	0.0
FN	NC_089035.1	-	-	-	SINE9_OS	7739778	7740204	0	0.0	0.0
FN	NC_089035.1	-	-	-	SINE8_OS	8157850	8157969	0	0.0	0.0
FN	NC_089035.1	-	-	-	F524	9030593	9030833	0	0.0	0.0
FN	NC_089035.1	-	-	-	SINE2-11_OS	9464374	9464514	0	0.0	0.0
FN	NC_089035.1	-	-	-	SINE2-11_OS	9464578	9464708	0	0.0	0.0
FN	NC_089035.1	-	-	-	SINE2-11_OS	12849454	12849590	0	0.0	0.0
FN	NC_089035.1	-	-	-	CASINE	13698257	13698401	0	0.0	0.0
FN	NC_089035.1	-	-	-	F524	13898256	13898517	0	0.0	0.0
FN	NC_089035.1	-	-	-	SINE2-12_OS	14556157	14556472	0	0.0	0.0
FN	NC_089035.1	-	-	-	F524	18321622	18321891	0	0.0	0.0
FN	NC_089035.1	-	-	-	SINE9_OS	19903444	19903729	0	0.0	0.0
FN	NC_089035.1	-	-	-	SINE2-11_OS	20866482	20866612	0	0.0	0.0
FN	NC_089035.1	-	-	-	F524	23437137	23437401	0	0.0	0.0
FN	NC_089035.1	-	-	-	OsSN3	23769533	23769697	0	0.0	0.0
FN	NC_089035.1	-	-	-	OsSN3	24643598	24643800	0	0.0	0.0
FN	NC_089035.1	-	-	-	CASINE	25479017	25479176	0	0.0	0.0
FN	NC_089035.1	-	-	-	F524	26300750	26301121	0	0.0	0.0
FN	NC_089035.1	-	-	-	SINE6_OS	26373372	26373490	0	0.0	0.0
FN	NC_089035.1	-	-	-	CASINE	26964798	26964952	0	0.0	0.0
FN	NC_089035.1	-	-	-	OsSN3	26964819	26964994	0	0.0	0.0
FN	NC_089035.1	-	-	-	SINE1OS	27286449	27286557	0	0.0	0.0
FN	NC_089035.1	-	-	-	F524	27331752	27331994	0	0.0	0.0
FN	NC_089035.1	-	-	-	SINE6_OS	27454374	27454469	0	0.0	0.0
FN	NC_089035.1	-	-	-	OsSN3	27837292	27837485	0	0.0	0.0
FN	NC_089035.1	-	-	-	F524	28340684	28340961	0	0.0	0.0
FN	NC_089035.1	-	-	-	CASINE	29728088	29728237	0	0.0	0.0
FN	NC_089035.1	-	-	-	SINE1OS	29787548	29787656	0	0.0	0.0
FN	NC_089035.1	-	-	-	SINE1R5_OS	29787548	29787656	0	0.0	0.0
FN	NC_089035.1	-	-	-	OsSN3	30304039	30304218	0	0.0	0.0
FN	NC_089035.1	-	-	-	CASINE	30381142	30381293	0	0.0	0.0
FN	NC_089035.1	-	-	-	OsSN3	30381142	30381324	0	0.0	0.0
FN	NC_089035.1	-	-	-	p-SINE1_OS	31386683	31386809	0	0.0	0.0
FN	NC_089035.1	-	-	-	SINE1R5_OS	31386686	31386806	0	0.0	0.0
FN	NC_089035.1	-	-	-	SINE1OS	31844101	31844222	0	0.0	0.0
FN	NC_089035.1	-	-	-	SINE1R5_OS	31844103	31844222	0	0.0	0.0
FN	NC_089035.1	-	-	-	SINE16_OS	32996471	32996584	0	0.0	0.0
FN	NC_089035.1	-	-	-	CASINE	33089097	33089237	0	0.0	0.0
FN	NC_089035.1	-	-	-	CASINE	33101777	33101928	0	0.0	0.0
FN	NC_089035.1	-	-	-	CASINE	33288062	33288222	0	0.0	0.0
FN	NC_089035.1	-	-	-	CASINE	33544670	33544819	0	0.0	0.0
FN	NC_089035.1	-	-	-	SINE1R5_OS	33819906	33820026	0	0.0	0.0
FN	NC_089035.1	-	-	-	p-SINE1_OS	35209635	35209759	0	0.0	0.0
FN	NC_089035.1	-	-	-	OsSN3	35335404	35335576	0	0.0	0.0
FN	NC_089035.1	-	-	-	CASINE	36507687	36507841	0	0.0	0.0
FN	NC_089035.1	-	-	-	OsSN3	36507691	36507870	0	0.0	0.0
FN	NC_089035.1	-	-	-	F524	36706705	36707077	0	0.0	0.0
FN	NC_089035.1	-	-	-	CASINE	37240880	37241076	0	0.0	0.0
FN	NC_089035.1	-	-	-	F524	37734178	37734454	0	0.0	0.0
FN	NC_089035.1	-	-	-	SINE2-12_OS	38532565	38532850	0	0.0	0.0
FN	NC_089035.1	-	-	-	CASINE	39391371	39391519	0	0.0	0.0
FN	NC_089035.1	-	-	-	OsSN3	39391372	39391520	0	0.0	0.0
FN	NC_089035.1	-	-	-	SINE16_OS	39580935	39581049	0	0.0	0.0
FN	NC_089035.1	-	-	-	SINE2-11_OS	39711777	39711916	0	0.0	0.0
FN	NC_089035.1	-	-	-	F524	39917523	39917812	0	0.0	0.0
FN	NC_089035.1	-	-	-	SINE16_OS	39958804	39958925	0	0.0	0.0
FN	NC_089035.1	-	-	-	SINE1OS	39958804	39958925	0	0.0	0.0
FN	NC_089035.1	-	-	-	SINE1R5_OS	39958804	39958923	0	0.0	0.0
FN	NC_089035.1	-	-	-	p-SINE1_OS	41440225	41440350	0	0.0	0.0
FN	NC_089035.1	-	-	-	SINE1R5_OS	41440240	41440348	0	0.0	0.0
FN	NC_089035.1	-	-	-	SINE1R5_OS	42568811	42568920	0	0.0	0.0
FN	NC_089035.1	-	-	-	SINE9_OS	43404040	43404302	0	0.0	0.0
FN	NC_089035.1	-	-	-	OsSN3	43501764	43501932	0	0.0	0.0
FN	NC_089042.1	-	-	-	OsSN3	22385	22558	0	0.0	0.0
FN	NC_089042.1	-	-	-	CASINE	127923	128076	0	0.0	0.0
FN	NC_089042.1	-	-	-	OsSN3	127924	128099	0	0.0	0.0
FN	NC_089042.1	-	-	-	SINE1R5_OS	514000	514119	0	0.0	0.0
FN	NC_089042.1	-	-	-	SINE1OS	514011	514119	0	0.0	0.0
FN	NC_089042.1	-	-	-	F524	1355592	1355878	0	0.0	0.0
FN	NC_089042.1	-	-	-	SINE1OS	2001968	2002073	0	0.0	0.0
FN	NC_089042.1	-	-	-	p-SINE1_OS	3909491	3909618	0	0.0	0.0
FN	NC_089042.1	-	-	-	SINE1R5_OS	3909495	3909614	0	0.0	0.0
FN	NC_089042.1	-	-	-	F524	4282478	4282755	0	0.0	0.0
FN	NC_089042.1	-	-	-	OsSN3	4404516	4404718	0	0.0	0.0
FN	NC_089042.1	-	-	-	OsSN3	4423165	4423376	0	0.0	0.0
FN	NC_089042.1	-	-	-	CASINE	4527142	4527308	0	0.0	0.0
FN	NC_089042.1	-	-	-	OsSN3	4527157	4527322	0	0.0	0.0
FN	NC_089042.1	-	-	-	SINE1OS	5636861	5636972	0	0.0	0.0
FN	NC_089042.1	-	-	-	SINE1R5_OS	5636861	5636969	0	0.0	0.0
FN	NC_089042.1	-	-	-	F524	7653670	7653929	0	0.0	0.0
FN	NC_089042.1	-	-	-	SINE-12_OS	7693471	7693725	0	0.0	0.0
FN	NC_089042.1	-	-	-	SINE9_OS	7750429	7750721	0	0.0	0.0
FN	NC_089042.1	-	-	-	CASINE	8320590	8320743	0	0.0	0.0
FN	NC_089042.1	-	-	-	OsSN3	8320592	8320773	0	0.0	0.0
FN	NC_089042.1	-	-	-	SINE1R5_OS	8373116	8373228	0	0.0	0.0
FN	NC_089042.1	-	-	-	OsSN3	9122881	9123061	0	0.0	0.0
FN	NC_089042.1	-	-	-	F524	9152857	9153177	0	0.0	0.0
FN	NC_089042.1	-	-	-	SINE9_OS	9194333	9194624	0	0.0	0.0
FN	NC_089042.1	-	-	-	p-SINE1_OS	10340202	10340327	0	0.0	0.0
FN	NC_089042.1	-	-	-	SINE1R5_OS	10340206	10340325	0	0.0	0.0
FN	NC_089042.1	-	-	-	p-SINE1_OS	15554116	15554248	0	0.0	0.0
FN	NC_089042.1	-	-	-	SINE9_OS	15566616	15566961	0	0.0	0.0
FN	NC_089042.1	-	-	-	SINE1OS	16412682	16412790	0	0.0	0.0
FN	NC_089042.1	-	-	-	F524	16425128	16425417	0	0.0	0.0
FN	NC_089042.1	-	-	-	OsSN3	16443481	16443678	0	0.0	0.0
FN	NC_089042.1	-	-	-	OsSN3	17598667	17598869	0	0.0	0.0
FN	NC_089042.1	-	-	-	F524	19349410	19349659	0	0.0	0.0
FN	NC_089042.1	-	-	-	F524	20367710	20368022	0	0.0	0.0
FN	NC_089042.1	-	-	-	SINE2-2_OS	21474942	21475266	0	0.0	0.0
FN	NC_089042.1	-	-	-	F524	21583120	21583382	0	0.0	0.0
FN	NC_089042.1	-	-	-	SINE9_OS	23096772	23097041	0	0.0	0.0
FN	NC_089042.1	-	-	-	CASINE	24442422	24442577	0	0.0	0.0
FN	NC_089042.1	-	-	-	OsSN3	24442423	24442606	0	0.0	0.0
FN	NC_089042.1	-	-	-	SINE2-11_OS	25759427	25759542	0	0.0	0.0
FN	NC_089042.1	-	-	-	SINE-12_OS	26189962	26190213	0	0.0	0.0
FN	NC_089042.1	-	-	-	CASINE	26272115	26272271	0	0.0	0.0
FN	NC_089042.1	-	-	-	OsSN3	26272119	26272301	0	0.0	0.0
FN	NC_089042.1	-	-	-	F524	26513490	26513746	0	0.0	0.0
FN	NC_089042.1	-	-	-	SINE1OS	27135562	27135667	0	0.0	0.0
FN	NC_089042.1	-	-	-	SINE2-3_OS	27302725	27302884	0	0.0	0.0
FN	NC_089042.1	-	-	-	OsSN3	27327518	27327679	0	0.0	0.0
FN	NC_089042.1	-	-	-	CASINE	27809687	27809851	0	0.0	0.0
FN	NC_089038.1	-	-	-	F524	323370	323735	0	0.0	0.0
FN	NC_089038.1	-	-	-	F524	355763	356056	0	0.0	0.0
FN	NC_089038.1	-	-	-	F524	909769	910036	0	0.0	0.0
FN	NC_089038.1	-	-	-	F524	2235422	2235692	0	0.0	0.0
FN	NC_089038.1	-	-	-	F524	4399130	4399418	0	0.0	0.0
FN	NC_089038.1	-	-	-	CASINE	4550532	4550697	0	0.0	0.0
FN	NC_089038.1	-	-	-	OsSN3	4582529	4582702	0	0.0	0.0
FN	NC_089038.1	-	-	-	SINE9_OS	4798251	4798567	0	0.0	0.0
FN	NC_089038.1	-	-	-	SINE9_OS	7026457	7026742	0	0.0	0.0
FN	NC_089038.1	-	-	-	F524	7371102	7371391	0	0.0	0.0
FN	NC_089038.1	-	-	-	SINE2-11_OS	7410610	7410746	0	0.0	0.0
FN	NC_089038.1	-	-	-	SINE9_OS	7693091	7693348	0	0.0	0.0
FN	NC_089038.1	-	-	-	OsSN3	8899834	8900033	0	0.0	0.0
FN	NC_089038.1	-	-	-	SINE1OS	11354242	11354350	0	0.0	0.0
FN	NC_089038.1	-	-	-	SINE9_OS	11413116	11413830	0	0.0	0.0
FN	NC_089038.1	-	-	-	F524	11413473	11413724	0	0.0	0.0
FN	NC_089038.1	-	-	-	F524	11483663	11483929	0	0.0	0.0
FN	NC_089038.1	-	-	-	F524	12280844	12281093	0	0.0	0.0
FN	NC_089038.1	-	-	-	F524	12410639	12410884	0	0.0	0.0
FN	NC_089038.1	-	-	-	SINE1OS	16198481	16198589	0	0.0	0.0
FN	NC_089038.1	-	-	-	F524	17433146	17433588	0	0.0	0.0
FN	NC_089038.1	-	-	-	F524	17433696	17433960	0	0.0	0.0
FN	NC_089038.1	-	-	-	SINE2-11_OS	18945237	18945349	0	0.0	0.0
FN	NC_089038.1	-	-	-	OsSN3	20288176	20288347	0	0.0	0.0
FN	NC_089038.1	-	-	-	F524	21076647	21076901	0	0.0	0.0
FN	NC_089038.1	-	-	-	SINE8_OS	21148425	21148526	0	0.0	0.0
FN	NC_089038.1	-	-	-	CASINE	22685940	22686099	0	0.0	0.0
FN	NC_089038.1	-	-	-	F524	23245889	23246178	0	0.0	0.0
FN	NC_089038.1	-	-	-	p-SINE1_OS	24695199	24695323	0	0.0	0.0
FN	NC_089038.1	-	-	-	SINE1OS	24695200	24695323	0	0.0	0.0
FN	NC_089038.1	-	-	-	SINE1R5_OS	26704896	26705004	0	0.0	0.0
FN	NC_089038.1	-	-	-	SINE1OS	27801407	27801527	0	0.0	0.0
FN	NC_089038.1	-	-	-	SINE1R5_OS	28420831	28420939	0	0.0	0.0
FN	NC_089038.1	-	-	-	SINE1R5_OS	28881846	28881954	0	0.0	0.0
FN	NC_089038.1	-	-	-	SINE2-11_OS	31540947	31541070	0	0.0	0.0
FN	NC_089038.1	-	-	-	SINE2-1_OS	31937440	31938020	0	0.0	0.0
FN	NC_089038.1	-	-	-	SINE16_OS	32120076	32120186	0	0.0	0.0
FN	NC_089038.1	-	-	-	p-SINE1_OS	32922669	32922796	0	0.0	0.0
FN	NC_089038.1	-	-	-	SINE1R5_OS	32922674	32922793	0	0.0	0.0
FN	NC_089038.1	-	-	-	SINE16_OS	33344070	33344180	0	0.0	0.0
FN	NC_089038.1	-	-	-	F524	33459828	33460079	0	0.0	0.0
FN	NC_089038.1	-	-	-	F524	33465700	33466239	0	0.0	0.0
FN	NC_089038.1	-	-	-	F524	33808983	33809224	0	0.0	0.0
FN	NC_089038.1	-	-	-	p-SINE1_OS	34582790	34582913	0	0.0	0.0
FN	NC_089038.1	-	-	-	SINE1OS	34582791	34582899	0	0.0	0.0
FN	NC_089038.1	-	-	-	SINE1R5_OS	34582791	34582899	0	0.0	0.0
FN	NC_089038.1	-	-	-	SINE6_OS	35581872	35581970	0	0.0	0.0
FN	NC_089038.1	-	-	-	SINE9_OS	35982522	35982776	0	0.0	0.0
FN	NC_089046.1	-	-	-	SINE2-4_OS	231368	231512	0	0.0	0.0
FN	NC_089046.1	-	-	-	CASINE	334044	334202	0	0.0	0.0
FN	NC_089046.1	-	-	-	SINE1OS	363840	363970	0	0.0	0.0
FN	NC_089046.1	-	-	-	SINE1OS	580579	580686	0	0.0	0.0
FN	NC_089046.1	-	-	-	SINE1R5_OS	580579	580675	0	0.0	0.0
FN	NC_089046.1	-	-	-	p-SINE1_OS	1179095	1179219	0	0.0	0.0
FN	NC_089046.1	-	-	-	SINE16_OS	1179097	1179217	0	0.0	0.0
FN	NC_089046.1	-	-	-	SINE1R5_OS	1179112	1179219	0	0.0	0.0
FN	NC_089046.1	-	-	-	CASINE	1397028	1397183	0	0.0	0.0
FN	NC_089046.1	-	-	-	SINE9_OS	1994153	1994443	0	0.0	0.0
FN	NC_089046.1	-	-	-	SINE1OS	3273657	3273765	0	0.0	0.0
FN	NC_089046.1	-	-	-	SINE6_OS	3570478	3570600	0	0.0	0.0
FN	NC_089046.1	-	-	-	CASINE	3794380	3794535	0	0.0	0.0
FN	NC_089046.1	-	-	-	OsSN3	4474415	4474605	0	0.0	0.0
FN	NC_089046.1	-	-	-	SINE1R5_OS	5554540	5554659	0	0.0	0.0
FN	NC_089046.1	-	-	-	SINE2-3_OS	5877834	5878014	0	0.0	0.0
FN	NC_089046.1	-	-	-	F524	6752971	6753257	0	0.0	0.0
FN	NC_089046.1	-	-	-	SINE9_OS	8868063	8868355	0	0.0	0.0
FN	NC_089046.1	-	-	-	SINE2-12_OS	8971432	8971733	0	0.0	0.0
FN	NC_089046.1	-	-	-	SINE2-11_OS	12706729	12706859	0	0.0	0.0
FN	NC_089046.1	-	-	-	SINE9_OS	14894036	14894306	0	0.0	0.0
FN	NC_089046.1	-	-	-	F524	16208584	16208873	0	0.0	0.0
FN	NC_089046.1	-	-	-	OsSN3	18007590	18007770	0	0.0	0.0
FN	NC_089046.1	-	-	-	CASINE	18007618	18007784	0	0.0	0.0
FN	NC_089046.1	-	-	-	SINE1OS	20526517	20526624	0	0.0	0.0
FN	NC_089046.1	-	-	-	p-SINE1_OS	21787254	21787379	0	0.0	0.0
FN	NC_089046.1	-	-	-	SINE1R5_OS	21787259	21787378	0	0.0	0.0
FN	NC_089046.1	-	-	-	p-SINE1_OS	21952343	21952469	0	0.0	0.0
FN	NC_089046.1	-	-	-	SINE1OS	21952345	21952470	0	0.0	0.0
FN	NC_089046.1	-	-	-	SINE1R5_OS	21952345	21952464	0	0.0	0.0
FN	NC_089046.1	-	-	-	F524	22156742	22157002	0	0.0	0.0
FN	NC_089046.1	-	-	-	p-SINE1_OS	22299252	22299377	0	0.0	0.0
FN	NC_089046.1	-	-	-	SINE1R5_OS	22299269	22299377	0	0.0	0.0
FN	NC_089046.1	-	-	-	OsSN3	25030839	25031037	0	0.0	0.0
FN	NC_089046.1	-	-	-	F524	25762778	25763011	0	0.0	0.0
FN	NC_089046.1	-	-	-	SINE2-1_OS	26371584	26371897	0	0.0	0.0
FN	NC_089046.1	-	-	-	OsSN3	26537457	26537621	0	0.0	0.0
FN	NC_089046.1	-	-	-	OsSN3	26614418	26614593	0	0.0	0.0
FN	NC_089046.1	-	-	-	CASINE	26614447	26614606	0	0.0	0.0
FN	NC_089046.1	-	-	-	CASINE	26962324	26962477	0	0.0	0.0
FN	NC_089046.1	-	-	-	OsSN3	26962326	26962507	0	0.0	0.0
FN	NC_089046.1	-	-	-	F524	27506340	27506625	0	0.0	0.0
FN	NC_089046.1	-	-	-	SINE2-3_OS	27677781	27677953	0	0.0	0.0
FN	NC_089039.1	-	-	-	SINE9_OS	135302	135550	0	0.0	0.0
FN	NC_089039.1	-	-	-	SINE1R5_OS	283941	284060	0	0.0	0.0
FN	NC_089039.1	-	-	-	SINE1OS	495167	495275	0	0.0	0.0
FN	NC_089039.1	-	-	-	SINE1R5_OS	495167	495286	0	0.0	0.0
FN	NC_089039.1	-	-	-	OsSN3	659173	659335	0	0.0	0.0
FN	NC_089039.1	-	-	-	SINE2-11_OS	1285171	1285308	0	0.0	0.0
FN	NC_089039.1	-	-	-	SINE9_OS	2045640	2045876	0	0.0	0.0
FN	NC_089039.1	-	-	-	SINE2-11_OS	2384453	2384592	0	0.0	0.0
FN	NC_089039.1	-	-	-	CASINE	2791313	2791468	0	0.0	0.0
FN	NC_089039.1	-	-	-	CASINE	3397021	3397310	0	0.0	0.0
FN	NC_089039.1	-	-	-	SINE1R5_OS	3984387	3984505	0	0.0	0.0
FN	NC_089039.1	-	-	-	SINE1OS	3984397	3984505	0	0.0	0.0
FN	NC_089039.1	-	-	-	SINE16_OS	4430302	4430419	0	0.0	0.0
FN	NC_089039.1	-	-	-	p-SINE1_OS	4430302	4430426	0	0.0	0.0
FN	NC_089039.1	-	-	-	F524	4669452	4669740	0	0.0	0.0
FN	NC_089039.1	-	-	-	SINE-12_OS	4813694	4813939	0	0.0	0.0
FN	NC_089039.1	-	-	-	SINE1R5_OS	5374764	5374872	0	0.0	0.0
FN	NC_089039.1	-	-	-	OsSN3	6230857	6231016	0	0.0	0.0
FN	NC_089039.1	-	-	-	CASINE	6230864	6231016	0	0.0	0.0
FN	NC_089039.1	-	-	-	F524	6282088	6282363	0	0.0	0.0
FN	NC_089039.1	-	-	-	SINE9_OS	6285313	6285615	0	0.0	0.0
FN	NC_089039.1	-	-	-	OsSN3	8641785	8641964	0	0.0	0.0
FN	NC_089039.1	-	-	-	OsSN3	11027067	11027249	0	0.0	0.0
FN	NC_089039.1	-	-	-	SINE2-2_OS	13710249	13710575	0	0.0	0.0
FN	NC_089039.1	-	-	-	SINE2-11_OS	13828127	13828261	0	0.0	0.0
FN	NC_089039.1	-	-	-	p-SINE1_OS	14024168	14024294	0	0.0	0.0
FN	NC_089039.1	-	-	-	SINE1R5_OS	14024179	14024287	0	0.0	0.0
FN	NC_089039.1	-	-	-	F524	15672059	15672330	0	0.0	0.0
FN	NC_089039.1	-	-	-	SINE1R5_OS	17935498	17935616	0	0.0	0.0
FN	NC_089039.1	-	-	-	CASINE	18260509	18260727	0	0.0	0.0
FN	NC_089039.1	-	-	-	CASINE	19609195	19609357	0	0.0	0.0
FN	NC_089039.1	-	-	-	SINE1OS	20127365	20127487	0	0.0	0.0
FN	NC_089039.1	-	-	-	SINE9_OS	20249176	20249416	0	0.0	0.0
FN	NC_089039.1	-	-	-	p-SINE1_OS	20405332	20405455	0	0.0	0.0
FN	NC_089039.1	-	-	-	SINE1R5_OS	20405345	20405453	0	0.0	0.0
FN	NC_089039.1	-	-	-	SINE9_OS	20772453	20772805	0	0.0	0.0
FN	NC_089039.1	-	-	-	SINE1OS	23915653	23915777	0	0.0	0.0
FN	NC_089039.1	-	-	-	p-SINE1_OS	23915653	23915777	0	0.0	0.0
FN	NC_089039.1	-	-	-	SINE1R5_OS	23915658	23915777	0	0.0	0.0
FN	NC_089039.1	-	-	-	SINE2-11_OS	25699661	25699799	0	0.0	0.0
FN	NC_089039.1	-	-	-	OsSN3	27042404	27042586	0	0.0	0.0
FN	NC_089039.1	-	-	-	SINE9_OS	28639058	28639299	0	0.0	0.0
FN	NC_089039.1	-	-	-	F524	29310283	29310620	0	0.0	0.0
FN	NC_089044.1	-	-	-	p-SINE1_OS	1054486	1054612	0	0.0	0.0
FN	NC_089044.1	-	-	-	SINE1OS	1054502	1054610	0	0.0	0.0
FN	NC_089044.1	-	-	-	SINE1R5_OS	1054502	1054610	0	0.0	0.0
FN	NC_089044.1	-	-	-	SINE2-1_OS	1272221	1272655	0	0.0	0.0
FN	NC_089044.1	-	-	-	SINE2-4B_OS	2623985	2624148	0	0.0	0.0
FN	NC_089044.1	-	-	-	F524	3547039	3547282	0	0.0	0.0
FN	NC_089044.1	-	-	-	OsSN3	3570355	3570536	0	0.0	0.0
FN	NC_089044.1	-	-	-	CASINE	3570385	3570537	0	0.0	0.0
FN	NC_089044.1	-	-	-	OsSN3	4466669	4466864	0	0.0	0.0
FN	NC_089044.1	-	-	-	SINE6_OS	6702966	6703074	0	0.0	0.0
FN	NC_089044.1	-	-	-	F524	6891729	6892006	0	0.0	0.0
FN	NC_089044.1	-	-	-	p-SINE1_OS	7171881	7172005	0	0.0	0.0
FN	NC_089044.1	-	-	-	F524	10019270	10019549	0	0.0	0.0
FN	NC_089044.1	-	-	-	CASINE	10419801	10419961	0	0.0	0.0
FN	NC_089044.1	-	-	-	F524	10809826	10810124	0	0.0	0.0
FN	NC_089044.1	-	-	-	SINE1R5_OS	12147925	12148024	0	0.0	0.0
FN	NC_089044.1	-	-	-	F524	12216292	12216570	0	0.0	0.0
FN	NC_089044.1	-	-	-	F524	12440668	12440957	0	0.0	0.0
FN	NC_089044.1	-	-	-	SINE2-4B_OS	13734979	13735147	0	0.0	0.0
FN	NC_089044.1	-	-	-	SINE2-11_OS	14021999	14022125	0	0.0	0.0
FN	NC_089044.1	-	-	-	F524	14732026	14732407	0	0.0	0.0
FN	NC_089044.1	-	-	-	OsSN3	14932474	14932653	0	0.0	0.0
FN	NC_089044.1	-	-	-	F524	15804196	15804483	0	0.0	0.0
FN	NC_089044.1	-	-	-	F524	16465720	16466015	0	0.0	0.0
FN	NC_089044.1	-	-	-	SINE16_OS	16908908	16909011	0	0.0	0.0
FN	NC_089044.1	-	-	-	SINE9_OS	17310657	17310914	0	0.0	0.0
FN	NC_089044.1	-	-	-	SINE9_OS	18079371	18079658	0	0.0	0.0
FN	NC_089044.1	-	-	-	p-SINE1_OS	18191640	18191763	0	0.0	0.0
FN	NC_089044.1	-	-	-	SINE1OS	18191656	18191763	0	0.0	0.0
FN	NC_089044.1	-	-	-	F524	18849084	18849321	0	0.0	0.0
FN	NC_089044.1	-	-	-	CASINE	19168831	19168983	0	0.0	0.0
FN	NC_089044.1	-	-	-	SINE1R5_OS	19475152	19475272	0	0.0	0.0
FN	NC_089044.1	-	-	-	F524	19522139	19522398	0	0.0	0.0
FN	NC_089044.1	-	-	-	p-SINE1_OS	19697598	19697722	0	0.0	0.0
FN	NC_089044.1	-	-	-	SINE1R5_OS	19697600	19697701	0	0.0	0.0
FN	NC_089044.1	-	-	-	OsSN3	20534980	20535156	0	0.0	0.0
FN	NC_089044.1	-	-	-	SINE16_OS	21658316	21658426	0	0.0	0.0
FN	NC_089044.1	-	-	-	CASINE	22671064	22671228	0	0.0	0.0
FN	NC_089044.1	-	-	-	F524	22696523	22696786	0	0.0	0.0
FN	NC_089044.1	-	-	-	p-SINE1_OS	23293139	23293262	0	0.0	0.0
FN	NC_089044.1	-	-	-	SINE1OS	23293142	23293250	0	0.0	0.0
FN	NC_089044.1	-	-	-	SINE1R5_OS	23293142	23293261	0	0.0	0.0
FN	NC_089037.1	-	-	-	F524	542198	542489	0	0.0	0.0
FN	NC_089037.1	-	-	-	F524	1464778	1465023	0	0.0	0.0
FN	NC_089037.1	-	-	-	SINE2-11_OS	1509532	1509668	0	0.0	0.0
FN	NC_089037.1	-	-	-	SINE1R5_OS	1848279	1848398	0	0.0	0.0
FN	NC_089037.1	-	-	-	OsSN3	2895200	2895384	0	0.0	0.0
FN	NC_089037.1	-	-	-	SINE1OS	2912354	2912462	0	0.0	0.0
FN	NC_089037.1	-	-	-	OsSN3	3325074	3325249	0	0.0	0.0
FN	NC_089037.1	-	-	-	CASINE	4438306	4438462	0	0.0	0.0
FN	NC_089037.1	-	-	-	SINE1OS	5074598	5074706	0	0.0	0.0
FN	NC_089037.1	-	-	-	SINE9_OS	7017421	7017656	0	0.0	0.0
FN	NC_089037.1	-	-	-	SINE1R5_OS	9461070	9461189	0	0.0	0.0
FN	NC_089037.1	-	-	-	SINE1R5_OS	9962141	9962261	0	0.0	0.0
FN	NC_089037.1	-	-	-	p-SINE1_OS	10942649	10942772	0	0.0	0.0
FN	NC_089037.1	-	-	-	SINE1OS	11340452	11340559	0	0.0	0.0
FN	NC_089037.1	-	-	-	SINE1R5_OS	11340452	11340559	0	0.0	0.0
FN	NC_089037.1	-	-	-	SINE9_OS	12967843	12968134	0	0.0	0.0
FN	NC_089037.1	-	-	-	OsSN3	13369378	13369528	0	0.0	0.0
FN	NC_089037.1	-	-	-	SINE2-11_OS	14272602	14272738	0	0.0	0.0
FN	NC_089037.1	-	-	-	F524	16005122	16005412	0	0.0	0.0
FN	NC_089037.1	-	-	-	CASINE	16079264	16079413	0	0.0	0.0
FN	NC_089037.1	-	-	-	SINE1OS	16253549	16253671	0	0.0	0.0
FN	NC_089037.1	-	-	-	SINE2-12_OS	16407081	16407416	0	0.0	0.0
FN	NC_089037.1	-	-	-	SINE2-12_OS	18263182	18263504	0	0.0	0.0
FN	NC_089037.1	-	-	-	SINE2-11_OS	19652882	19653014	0	0.0	0.0
FN	NC_089037.1	-	-	-	F524	21124639	21124917	0	0.0	0.0
FN	NC_089037.1	-	-	-	CASINE	21360213	21360364	0	0.0	0.0
FN	NC_089037.1	-	-	-	F524	22354421	22354681	0	0.0	0.0
FN	NC_089037.1	-	-	-	SINE1R5_OS	24210862	24210980	0	0.0	0.0
FN	NC_089037.1	-	-	-	CASINE	24897734	24897886	0	0.0	0.0
FN	NC_089037.1	-	-	-	CASINE	25213721	25213879	0	0.0	0.0
FN	NC_089037.1	-	-	-	SINE2-11_OS	26426362	26426502	0	0.0	0.0
FN	NC_089037.1	-	-	-	F524	26647365	26647654	0	0.0	0.0
FN	NC_089037.1	-	-	-	SINE1OS	27379851	27379961	0	0.0	0.0
FN	NC_089037.1	-	-	-	SINE1OS	27586575	27586690	0	0.0	0.0
FN	NC_089037.1	-	-	-	SINE1R5_OS	29121585	29121699	0	0.0	0.0
FN	NC_089037.1	-	-	-	OsSN3	29277233	29277414	0	0.0	0.0
FN	NC_089037.1	-	-	-	SINE1R5_OS	29772321	29772436	0	0.0	0.0
FN	NC_089037.1	-	-	-	SINE1OS	31144077	31144199	0	0.0	0.0
FN	NC_089037.1	-	-	-	SINE1R5_OS	31144077	31144195	0	0.0	0.0
FN	NC_089037.1	-	-	-	SINE2-11_OS	31495767	31495903	0	0.0	0.0
FN	NC_089037.1	-	-	-	F524	31830794	31831051	0	0.0	0.0
FN	NC_089037.1	-	-	-	CASINE	31987466	31987621	0	0.0	0.0
FN	NC_089037.1	-	-	-	OsSN3	33999680	33999836	0	0.0	0.0
FN	NC_089037.1	-	-	-	CASINE	33999684	33999837	0	0.0	0.0
FN	NC_089037.1	-	-	-	SINE16_OS	35084291	35084402	0	0.0	0.0
FN	NC_089037.1	-	-	-	SINE2-11_OS	35209370	35209504	0	0.0	0.0
FN	NC_089037.1	-	-	-	SINE2-1_OS	35679340	35679678	0	0.0	0.0
FN	NC_089037.1	-	-	-	SINE1OS	36679686	36679793	0	0.0	0.0
