2026-01-14 17:35:40,885 - INFO - Processing data from: /home/xuminghua/sine_classifier/dataset_v1/train_aggressive_cleaned.csv
2026-01-14 17:35:46,453 - INFO - Processing data from: /home/xuminghua/sine_classifier/dataset_v1/test_aggressive_cleaned.csv
2026-01-14 17:35:48,320 - INFO - Max Seq Length: 160
2026-01-14 17:35:51,606 - INFO - 🚀 Applying LoRA (r=8, alpha=32)...
2026-01-14 17:35:53,343 - INFO - ============================================================
2026-01-14 17:35:53,343 - INFO - 🚀 TRAINING CONFIGURATION SUMMARY
2026-01-14 17:35:53,343 - INFO - ============================================================
2026-01-14 17:35:53,343 - INFO -   > Backbone      : /home/xuminghua/sine_classifier/NT_finetuned_500M
2026-01-14 17:35:53,343 - INFO -   > LoRA Config   : r=8, alpha=32
2026-01-14 17:35:53,343 - INFO -   > Batch Size    : 12 (Per GPU)
2026-01-14 17:35:53,343 - INFO -   > Learning Rate : Head=0.0002, CRF=0.001
2026-01-14 17:35:53,343 - INFO - ------------------------------------------------------------
2026-01-14 17:35:53,343 - INFO -   > [Dynamic Weight Strategy]
2026-01-14 17:35:53,343 - INFO -   > Target CRF Weight : 0.05
2026-01-14 17:35:53,343 - INFO -   > Warmup Epochs     : 10
2026-01-14 17:35:53,343 - INFO - ============================================================
2026-01-14 17:36:16,485 - INFO - ✅ WandB initialized successfully.
2026-01-14 17:36:16,485 - INFO - Epoch 1 | CRF Loss Weight: 0.0050
2026-01-14 17:37:40,016 - INFO - [Step 100] Loss: 0.1209 | CLS: 0.1130 | CRF: 1.5742 | CRF_W: 0.0050
2026-01-14 17:38:48,549 - INFO - [Step 200] Loss: 0.0788 | CLS: 0.0711 | CRF: 1.5331 | CRF_W: 0.0050
2026-01-14 17:39:57,677 - INFO - [Step 300] Loss: 0.0694 | CLS: 0.0619 | CRF: 1.5034 | CRF_W: 0.0050
2026-01-14 17:41:06,859 - INFO - [Step 400] Loss: 0.0548 | CLS: 0.0475 | CRF: 1.4593 | CRF_W: 0.0050
2026-01-14 17:42:16,228 - INFO - [Step 500] Loss: 0.0387 | CLS: 0.0316 | CRF: 1.4349 | CRF_W: 0.0050
2026-01-14 17:43:26,187 - INFO - [Step 600] Loss: 0.0413 | CLS: 0.0347 | CRF: 1.3148 | CRF_W: 0.0050
2026-01-14 17:44:35,603 - INFO - [Step 700] Loss: 0.0396 | CLS: 0.0335 | CRF: 1.2125 | CRF_W: 0.0050
2026-01-14 17:45:45,116 - INFO - [Step 800] Loss: 0.0208 | CLS: 0.0152 | CRF: 1.1197 | CRF_W: 0.0050
2026-01-14 17:46:54,701 - INFO - [Step 900] Loss: 0.0328 | CLS: 0.0281 | CRF: 0.9384 | CRF_W: 0.0050
2026-01-14 17:48:04,506 - INFO - [Step 1000] Loss: 0.0531 | CLS: 0.0490 | CRF: 0.8249 | CRF_W: 0.0050
2026-01-14 17:49:14,519 - INFO - [Step 1100] Loss: 0.0360 | CLS: 0.0313 | CRF: 0.9415 | CRF_W: 0.0050
2026-01-14 17:50:24,876 - INFO - [Step 1200] Loss: 0.0480 | CLS: 0.0442 | CRF: 0.7691 | CRF_W: 0.0050
2026-01-14 17:51:35,862 - INFO - [Step 1300] Loss: 0.0173 | CLS: 0.0138 | CRF: 0.7081 | CRF_W: 0.0050
2026-01-14 17:52:46,762 - INFO - [Step 1400] Loss: 0.0142 | CLS: 0.0117 | CRF: 0.5136 | CRF_W: 0.0050
2026-01-14 17:53:57,972 - INFO - [Step 1500] Loss: 0.0337 | CLS: 0.0305 | CRF: 0.6378 | CRF_W: 0.0050
2026-01-14 17:55:09,825 - INFO - [Step 1600] Loss: 0.0443 | CLS: 0.0412 | CRF: 0.6085 | CRF_W: 0.0050
2026-01-14 17:56:21,029 - INFO - [Step 1700] Loss: 0.0083 | CLS: 0.0064 | CRF: 0.3919 | CRF_W: 0.0050
2026-01-14 17:57:32,526 - INFO - [Step 1800] Loss: 0.0292 | CLS: 0.0271 | CRF: 0.4205 | CRF_W: 0.0050
2026-01-14 17:58:44,081 - INFO - [Step 1900] Loss: 0.0409 | CLS: 0.0391 | CRF: 0.3579 | CRF_W: 0.0050
2026-01-14 17:59:55,514 - INFO - [Step 2000] Loss: 0.0444 | CLS: 0.0419 | CRF: 0.5036 | CRF_W: 0.0050
2026-01-14 18:01:07,048 - INFO - [Step 2100] Loss: 0.0201 | CLS: 0.0190 | CRF: 0.2069 | CRF_W: 0.0050
2026-01-14 18:02:18,552 - INFO - [Step 2200] Loss: 0.0075 | CLS: 0.0064 | CRF: 0.2350 | CRF_W: 0.0050
2026-01-14 18:03:30,914 - INFO - [Step 2300] Loss: 0.0099 | CLS: 0.0086 | CRF: 0.2522 | CRF_W: 0.0050
2026-01-14 18:04:42,481 - INFO - [Step 2400] Loss: 0.0153 | CLS: 0.0140 | CRF: 0.2671 | CRF_W: 0.0050
2026-01-14 18:05:53,728 - INFO - [Step 2500] Loss: 0.0143 | CLS: 0.0130 | CRF: 0.2482 | CRF_W: 0.0050
2026-01-14 18:07:05,226 - INFO - [Step 2600] Loss: 0.0191 | CLS: 0.0178 | CRF: 0.2513 | CRF_W: 0.0050
2026-01-14 18:08:16,734 - INFO - [Step 2700] Loss: 0.0053 | CLS: 0.0043 | CRF: 0.1998 | CRF_W: 0.0050
2026-01-14 18:09:28,164 - INFO - [Step 2800] Loss: 0.0068 | CLS: 0.0055 | CRF: 0.2573 | CRF_W: 0.0050
2026-01-14 18:10:39,404 - INFO - [Step 2900] Loss: 0.0237 | CLS: 0.0228 | CRF: 0.1900 | CRF_W: 0.0050
2026-01-14 18:11:50,779 - INFO - [Step 3000] Loss: 0.0062 | CLS: 0.0052 | CRF: 0.1970 | CRF_W: 0.0050
2026-01-14 18:13:01,991 - INFO - [Step 3100] Loss: 0.0205 | CLS: 0.0195 | CRF: 0.1996 | CRF_W: 0.0050
2026-01-14 18:14:13,883 - INFO - [Step 3200] Loss: 0.0120 | CLS: 0.0111 | CRF: 0.1775 | CRF_W: 0.0050
2026-01-14 18:15:25,377 - INFO - [Step 3300] Loss: 0.0170 | CLS: 0.0166 | CRF: 0.0852 | CRF_W: 0.0050
2026-01-14 18:16:37,270 - INFO - [Step 3400] Loss: 0.0106 | CLS: 0.0102 | CRF: 0.0730 | CRF_W: 0.0050
2026-01-14 18:17:49,446 - INFO - [Step 3500] Loss: 0.0153 | CLS: 0.0143 | CRF: 0.2064 | CRF_W: 0.0050
2026-01-14 18:19:01,542 - INFO - [Step 3600] Loss: 0.0131 | CLS: 0.0129 | CRF: 0.0434 | CRF_W: 0.0050
2026-01-14 18:20:13,766 - INFO - [Step 3700] Loss: 0.0335 | CLS: 0.0329 | CRF: 0.1255 | CRF_W: 0.0050
2026-01-14 18:21:26,001 - INFO - [Step 3800] Loss: 0.0058 | CLS: 0.0050 | CRF: 0.1687 | CRF_W: 0.0050
2026-01-14 18:22:38,213 - INFO - [Step 3900] Loss: 0.0045 | CLS: 0.0038 | CRF: 0.1451 | CRF_W: 0.0050
2026-01-14 18:23:49,999 - INFO - [Step 4000] Loss: 0.0088 | CLS: 0.0080 | CRF: 0.1581 | CRF_W: 0.0050
2026-01-14 18:25:01,689 - INFO - [Step 4100] Loss: 0.0208 | CLS: 0.0200 | CRF: 0.1562 | CRF_W: 0.0050
2026-01-14 18:26:13,260 - INFO - [Step 4200] Loss: 0.0210 | CLS: 0.0204 | CRF: 0.1212 | CRF_W: 0.0050
2026-01-14 18:27:24,844 - INFO - [Step 4300] Loss: 0.0147 | CLS: 0.0140 | CRF: 0.1427 | CRF_W: 0.0050
2026-01-14 18:28:36,055 - INFO - [Step 4400] Loss: 0.0382 | CLS: 0.0368 | CRF: 0.2724 | CRF_W: 0.0050
2026-01-14 18:29:47,532 - INFO - [Step 4500] Loss: 0.0385 | CLS: 0.0377 | CRF: 0.1639 | CRF_W: 0.0050
2026-01-14 18:30:58,754 - INFO - [Step 4600] Loss: 0.0106 | CLS: 0.0098 | CRF: 0.1541 | CRF_W: 0.0050
2026-01-14 18:32:10,952 - INFO - [Step 4700] Loss: 0.0244 | CLS: 0.0235 | CRF: 0.1712 | CRF_W: 0.0050
2026-01-14 18:33:24,008 - INFO - [Step 4800] Loss: 0.0262 | CLS: 0.0255 | CRF: 0.1445 | CRF_W: 0.0050
2026-01-14 18:34:37,474 - INFO - [Step 4900] Loss: 0.0096 | CLS: 0.0094 | CRF: 0.0438 | CRF_W: 0.0050
2026-01-14 18:35:51,376 - INFO - [Step 5000] Loss: 0.0223 | CLS: 0.0217 | CRF: 0.1308 | CRF_W: 0.0050
2026-01-14 18:37:05,203 - INFO - [Step 5100] Loss: 0.0285 | CLS: 0.0279 | CRF: 0.1269 | CRF_W: 0.0050
2026-01-14 18:38:19,190 - INFO - [Step 5200] Loss: 0.0315 | CLS: 0.0306 | CRF: 0.1768 | CRF_W: 0.0050
2026-01-14 18:39:32,892 - INFO - [Step 5300] Loss: 0.0203 | CLS: 0.0195 | CRF: 0.1453 | CRF_W: 0.0050
2026-01-14 18:40:46,891 - INFO - [Step 5400] Loss: 0.0241 | CLS: 0.0236 | CRF: 0.0961 | CRF_W: 0.0050
2026-01-14 18:42:00,519 - INFO - [Step 5500] Loss: 0.0111 | CLS: 0.0105 | CRF: 0.1298 | CRF_W: 0.0050
2026-01-14 18:43:14,338 - INFO - [Step 5600] Loss: 0.0275 | CLS: 0.0264 | CRF: 0.2101 | CRF_W: 0.0050
2026-01-14 18:44:27,724 - INFO - [Step 5700] Loss: 0.0219 | CLS: 0.0215 | CRF: 0.0882 | CRF_W: 0.0050
2026-01-14 18:45:40,938 - INFO - [Step 5800] Loss: 0.0221 | CLS: 0.0214 | CRF: 0.1561 | CRF_W: 0.0050
2026-01-14 18:46:54,493 - INFO - [Step 5900] Loss: 0.0174 | CLS: 0.0168 | CRF: 0.1156 | CRF_W: 0.0050
2026-01-14 18:48:08,011 - INFO - [Step 6000] Loss: 0.0206 | CLS: 0.0201 | CRF: 0.1092 | CRF_W: 0.0050
2026-01-14 18:49:21,942 - INFO - [Step 6100] Loss: 0.0192 | CLS: 0.0184 | CRF: 0.1649 | CRF_W: 0.0050
2026-01-14 18:50:35,499 - INFO - [Step 6200] Loss: 0.0180 | CLS: 0.0172 | CRF: 0.1630 | CRF_W: 0.0050
2026-01-14 18:51:48,841 - INFO - [Step 6300] Loss: 0.0127 | CLS: 0.0123 | CRF: 0.0874 | CRF_W: 0.0050
2026-01-14 18:53:02,103 - INFO - [Step 6400] Loss: 0.0096 | CLS: 0.0091 | CRF: 0.0912 | CRF_W: 0.0050
2026-01-14 18:54:15,490 - INFO - [Step 6500] Loss: 0.0024 | CLS: 0.0022 | CRF: 0.0310 | CRF_W: 0.0050
2026-01-14 18:55:29,208 - INFO - [Step 6600] Loss: 0.0153 | CLS: 0.0148 | CRF: 0.0963 | CRF_W: 0.0050
2026-01-14 18:56:42,597 - INFO - [Step 6700] Loss: 0.0262 | CLS: 0.0255 | CRF: 0.1403 | CRF_W: 0.0050
2026-01-14 18:57:56,230 - INFO - [Step 6800] Loss: 0.0156 | CLS: 0.0153 | CRF: 0.0691 | CRF_W: 0.0050
2026-01-14 18:59:09,820 - INFO - [Step 6900] Loss: 0.0167 | CLS: 0.0165 | CRF: 0.0322 | CRF_W: 0.0050
2026-01-14 19:00:23,373 - INFO - [Step 7000] Loss: 0.0055 | CLS: 0.0051 | CRF: 0.0864 | CRF_W: 0.0050
2026-01-14 19:01:36,737 - INFO - [Step 7100] Loss: 0.0158 | CLS: 0.0152 | CRF: 0.1338 | CRF_W: 0.0050
2026-01-14 19:02:50,072 - INFO - [Step 7200] Loss: 0.0139 | CLS: 0.0132 | CRF: 0.1216 | CRF_W: 0.0050
2026-01-14 19:04:02,758 - INFO - [Step 7300] Loss: 0.0290 | CLS: 0.0284 | CRF: 0.1101 | CRF_W: 0.0050
2026-01-14 19:05:15,104 - INFO - [Step 7400] Loss: 0.0100 | CLS: 0.0097 | CRF: 0.0544 | CRF_W: 0.0050
2026-01-14 19:06:27,177 - INFO - [Step 7500] Loss: 0.0183 | CLS: 0.0180 | CRF: 0.0566 | CRF_W: 0.0050
2026-01-14 19:07:38,834 - INFO - [Step 7600] Loss: 0.0180 | CLS: 0.0176 | CRF: 0.0726 | CRF_W: 0.0050
2026-01-14 19:08:50,395 - INFO - [Step 7700] Loss: 0.0198 | CLS: 0.0195 | CRF: 0.0544 | CRF_W: 0.0050
2026-01-14 19:10:01,856 - INFO - [Step 7800] Loss: 0.0085 | CLS: 0.0082 | CRF: 0.0549 | CRF_W: 0.0050
2026-01-14 19:20:37,688 - INFO - Epoch 1 | Val F1: 0.9159 | mIoU: 0.8548
2026-01-14 19:20:37,703 - INFO -  正在写入模型
2026-01-14 20:12:33,269 - INFO -   💾 Saved epoch checkpoint to checkpoint_epoch_1.pt
2026-01-14 20:34:09,431 - INFO -   ✅ New Best F1! Saved best_model.pt
2026-01-14 20:34:29,040 - INFO - Epoch 2 | CRF Loss Weight: 0.0100
2026-01-14 20:34:56,307 - INFO - [Step 7900] Loss: 0.0387 | CLS: 0.0372 | CRF: 0.1512 | CRF_W: 0.0100
2026-01-14 20:36:01,223 - INFO - [Step 8000] Loss: 0.0567 | CLS: 0.0547 | CRF: 0.2029 | CRF_W: 0.0100
2026-01-14 20:37:11,778 - INFO - [Step 8100] Loss: 0.0171 | CLS: 0.0165 | CRF: 0.0560 | CRF_W: 0.0100
2026-01-14 20:38:19,202 - INFO - [Step 8200] Loss: 0.0060 | CLS: 0.0053 | CRF: 0.0648 | CRF_W: 0.0100
2026-01-14 20:39:27,500 - INFO - [Step 8300] Loss: 0.0108 | CLS: 0.0100 | CRF: 0.0781 | CRF_W: 0.0100
2026-01-14 20:40:35,752 - INFO - [Step 8400] Loss: 0.0183 | CLS: 0.0178 | CRF: 0.0581 | CRF_W: 0.0100
2026-01-14 20:41:45,036 - INFO - [Step 8500] Loss: 0.0138 | CLS: 0.0133 | CRF: 0.0527 | CRF_W: 0.0100
2026-01-14 20:42:53,719 - INFO - [Step 8600] Loss: 0.0174 | CLS: 0.0166 | CRF: 0.0789 | CRF_W: 0.0100
2026-01-14 20:44:02,716 - INFO - [Step 8700] Loss: 0.0150 | CLS: 0.0146 | CRF: 0.0439 | CRF_W: 0.0100
2026-01-14 20:45:11,529 - INFO - [Step 8800] Loss: 0.0134 | CLS: 0.0127 | CRF: 0.0775 | CRF_W: 0.0100
2026-01-14 20:46:20,720 - INFO - [Step 8900] Loss: 0.0087 | CLS: 0.0081 | CRF: 0.0583 | CRF_W: 0.0100
2026-01-14 20:47:29,955 - INFO - [Step 9000] Loss: 0.0099 | CLS: 0.0096 | CRF: 0.0297 | CRF_W: 0.0100
2026-01-14 20:48:39,148 - INFO - [Step 9100] Loss: 0.0224 | CLS: 0.0220 | CRF: 0.0475 | CRF_W: 0.0100
2026-01-14 20:49:48,551 - INFO - [Step 9200] Loss: 0.0023 | CLS: 0.0019 | CRF: 0.0374 | CRF_W: 0.0100
2026-01-14 20:50:58,007 - INFO - [Step 9300] Loss: 0.0367 | CLS: 0.0360 | CRF: 0.0621 | CRF_W: 0.0100
2026-01-14 20:52:07,170 - INFO - [Step 9400] Loss: 0.0040 | CLS: 0.0036 | CRF: 0.0364 | CRF_W: 0.0100
2026-01-14 20:53:16,584 - INFO - [Step 9500] Loss: 0.2156 | CLS: 0.2145 | CRF: 0.1048 | CRF_W: 0.0100
2026-01-14 20:54:25,623 - INFO - [Step 9600] Loss: 0.0107 | CLS: 0.0103 | CRF: 0.0407 | CRF_W: 0.0100
2026-01-14 20:55:34,697 - INFO - [Step 9700] Loss: 0.0168 | CLS: 0.0162 | CRF: 0.0536 | CRF_W: 0.0100
2026-01-14 20:56:44,928 - INFO - [Step 9800] Loss: 0.0055 | CLS: 0.0051 | CRF: 0.0394 | CRF_W: 0.0100
2026-01-14 20:57:55,001 - INFO - [Step 9900] Loss: 0.0113 | CLS: 0.0110 | CRF: 0.0333 | CRF_W: 0.0100
2026-01-14 20:59:04,638 - INFO - [Step 10000] Loss: 0.0189 | CLS: 0.0183 | CRF: 0.0599 | CRF_W: 0.0100
2026-01-14 21:00:15,037 - INFO - [Step 10100] Loss: 0.0423 | CLS: 0.0410 | CRF: 0.1266 | CRF_W: 0.0100
2026-01-14 21:01:24,476 - INFO - [Step 10200] Loss: 0.0315 | CLS: 0.0309 | CRF: 0.0632 | CRF_W: 0.0100
2026-01-14 21:02:34,417 - INFO - [Step 10300] Loss: 0.0031 | CLS: 0.0028 | CRF: 0.0232 | CRF_W: 0.0100
2026-01-14 21:03:44,264 - INFO - [Step 10400] Loss: 0.0090 | CLS: 0.0087 | CRF: 0.0336 | CRF_W: 0.0100
2026-01-14 21:04:54,278 - INFO - [Step 10500] Loss: 0.0127 | CLS: 0.0122 | CRF: 0.0422 | CRF_W: 0.0100
2026-01-14 21:06:04,300 - INFO - [Step 10600] Loss: 0.0046 | CLS: 0.0043 | CRF: 0.0267 | CRF_W: 0.0100
2026-01-14 21:07:14,079 - INFO - [Step 10700] Loss: 0.0071 | CLS: 0.0068 | CRF: 0.0264 | CRF_W: 0.0100
2026-01-14 21:08:23,711 - INFO - [Step 10800] Loss: 0.0115 | CLS: 0.0112 | CRF: 0.0350 | CRF_W: 0.0100
2026-01-14 21:09:33,687 - INFO - [Step 10900] Loss: 0.0025 | CLS: 0.0022 | CRF: 0.0384 | CRF_W: 0.0100
2026-01-14 21:10:43,774 - INFO - [Step 11000] Loss: 0.0091 | CLS: 0.0087 | CRF: 0.0426 | CRF_W: 0.0100
2026-01-14 21:11:53,798 - INFO - [Step 11100] Loss: 0.0088 | CLS: 0.0083 | CRF: 0.0526 | CRF_W: 0.0100
2026-01-14 21:13:05,093 - INFO - [Step 11200] Loss: 0.0099 | CLS: 0.0094 | CRF: 0.0492 | CRF_W: 0.0100
2026-01-14 21:14:15,392 - INFO - [Step 11300] Loss: 0.0138 | CLS: 0.0134 | CRF: 0.0347 | CRF_W: 0.0100
2026-01-14 21:15:25,967 - INFO - [Step 11400] Loss: 0.0179 | CLS: 0.0173 | CRF: 0.0573 | CRF_W: 0.0100
2026-01-14 21:16:36,595 - INFO - [Step 11500] Loss: 0.0060 | CLS: 0.0056 | CRF: 0.0391 | CRF_W: 0.0100
2026-01-14 21:17:47,044 - INFO - [Step 11600] Loss: 0.0117 | CLS: 0.0115 | CRF: 0.0192 | CRF_W: 0.0100
2026-01-14 21:18:57,550 - INFO - [Step 11700] Loss: 0.0131 | CLS: 0.0124 | CRF: 0.0668 | CRF_W: 0.0100
2026-01-14 21:20:08,785 - INFO - [Step 11800] Loss: 0.0176 | CLS: 0.0171 | CRF: 0.0469 | CRF_W: 0.0100
2026-01-14 21:21:19,098 - INFO - [Step 11900] Loss: 0.0173 | CLS: 0.0167 | CRF: 0.0591 | CRF_W: 0.0100
2026-01-14 21:22:29,494 - INFO - [Step 12000] Loss: 0.0204 | CLS: 0.0202 | CRF: 0.0206 | CRF_W: 0.0100
2026-01-14 21:23:39,756 - INFO - [Step 12100] Loss: 0.0395 | CLS: 0.0393 | CRF: 0.0279 | CRF_W: 0.0100
2026-01-14 21:24:50,210 - INFO - [Step 12200] Loss: 0.0176 | CLS: 0.0172 | CRF: 0.0385 | CRF_W: 0.0100
2026-01-14 21:26:00,837 - INFO - [Step 12300] Loss: 0.0106 | CLS: 0.0103 | CRF: 0.0329 | CRF_W: 0.0100
2026-01-14 21:27:10,922 - INFO - [Step 12400] Loss: 0.0132 | CLS: 0.0128 | CRF: 0.0386 | CRF_W: 0.0100
2026-01-14 21:28:20,946 - INFO - [Step 12500] Loss: 0.0138 | CLS: 0.0137 | CRF: 0.0162 | CRF_W: 0.0100
2026-01-14 21:29:30,526 - INFO - [Step 12600] Loss: 0.0233 | CLS: 0.0228 | CRF: 0.0466 | CRF_W: 0.0100
2026-01-14 21:30:39,869 - INFO - [Step 12700] Loss: 0.1038 | CLS: 0.1030 | CRF: 0.0858 | CRF_W: 0.0100
2026-01-14 21:31:50,483 - INFO - [Step 12800] Loss: 0.0256 | CLS: 0.0252 | CRF: 0.0378 | CRF_W: 0.0100
2026-01-14 21:33:00,550 - INFO - [Step 12900] Loss: 0.0025 | CLS: 0.0022 | CRF: 0.0223 | CRF_W: 0.0100
2026-01-14 21:34:11,287 - INFO - [Step 13000] Loss: 0.0043 | CLS: 0.0040 | CRF: 0.0318 | CRF_W: 0.0100
2026-01-14 21:35:21,242 - INFO - [Step 13100] Loss: 0.0135 | CLS: 0.0132 | CRF: 0.0288 | CRF_W: 0.0100
2026-01-14 21:36:31,701 - INFO - [Step 13200] Loss: 0.0073 | CLS: 0.0072 | CRF: 0.0088 | CRF_W: 0.0100
2026-01-14 21:37:41,258 - INFO - [Step 13300] Loss: 0.0241 | CLS: 0.0238 | CRF: 0.0300 | CRF_W: 0.0100
2026-01-14 21:38:51,033 - INFO - [Step 13400] Loss: 0.0167 | CLS: 0.0164 | CRF: 0.0328 | CRF_W: 0.0100
2026-01-14 21:40:01,275 - INFO - [Step 13500] Loss: 0.0142 | CLS: 0.0139 | CRF: 0.0279 | CRF_W: 0.0100
2026-01-14 21:41:11,878 - INFO - [Step 13600] Loss: 0.0370 | CLS: 0.0367 | CRF: 0.0332 | CRF_W: 0.0100
2026-01-14 21:42:22,377 - INFO - [Step 13700] Loss: 0.0016 | CLS: 0.0014 | CRF: 0.0212 | CRF_W: 0.0100
2026-01-14 21:43:32,332 - INFO - [Step 13800] Loss: 0.0202 | CLS: 0.0198 | CRF: 0.0364 | CRF_W: 0.0100
2026-01-14 21:44:42,867 - INFO - [Step 13900] Loss: 0.0143 | CLS: 0.0141 | CRF: 0.0144 | CRF_W: 0.0100
2026-01-14 21:45:52,286 - INFO - [Step 14000] Loss: 0.0180 | CLS: 0.0178 | CRF: 0.0241 | CRF_W: 0.0100
2026-01-14 21:47:01,849 - INFO - [Step 14100] Loss: 0.0098 | CLS: 0.0096 | CRF: 0.0125 | CRF_W: 0.0100
2026-01-14 21:48:11,446 - INFO - [Step 14200] Loss: 0.0146 | CLS: 0.0142 | CRF: 0.0395 | CRF_W: 0.0100
2026-01-14 21:49:21,102 - INFO - [Step 14300] Loss: 0.0187 | CLS: 0.0184 | CRF: 0.0241 | CRF_W: 0.0100
2026-01-14 21:50:31,186 - INFO - [Step 14400] Loss: 0.0107 | CLS: 0.0105 | CRF: 0.0166 | CRF_W: 0.0100
2026-01-14 21:51:40,840 - INFO - [Step 14500] Loss: 0.0207 | CLS: 0.0203 | CRF: 0.0353 | CRF_W: 0.0100
2026-01-14 21:52:50,178 - INFO - [Step 14600] Loss: 0.0281 | CLS: 0.0279 | CRF: 0.0251 | CRF_W: 0.0100
2026-01-14 21:53:59,857 - INFO - [Step 14700] Loss: 0.0095 | CLS: 0.0091 | CRF: 0.0397 | CRF_W: 0.0100
2026-01-14 21:55:10,391 - INFO - [Step 14800] Loss: 0.0107 | CLS: 0.0105 | CRF: 0.0289 | CRF_W: 0.0100
2026-01-14 21:56:21,333 - INFO - [Step 14900] Loss: 0.0025 | CLS: 0.0024 | CRF: 0.0085 | CRF_W: 0.0100
2026-01-14 21:57:30,967 - INFO - [Step 15000] Loss: 0.0329 | CLS: 0.0325 | CRF: 0.0309 | CRF_W: 0.0100
2026-01-14 21:58:40,482 - INFO - [Step 15100] Loss: 0.0204 | CLS: 0.0203 | CRF: 0.0153 | CRF_W: 0.0100
2026-01-14 21:59:50,152 - INFO - [Step 15200] Loss: 0.0005 | CLS: 0.0002 | CRF: 0.0274 | CRF_W: 0.0100
2026-01-14 22:00:59,927 - INFO - [Step 15300] Loss: 0.0327 | CLS: 0.0324 | CRF: 0.0239 | CRF_W: 0.0100
2026-01-14 22:02:09,544 - INFO - [Step 15400] Loss: 0.0221 | CLS: 0.0218 | CRF: 0.0368 | CRF_W: 0.0100
2026-01-14 22:03:20,152 - INFO - [Step 15500] Loss: 0.0042 | CLS: 0.0042 | CRF: 0.0012 | CRF_W: 0.0100
2026-01-14 22:04:29,794 - INFO - [Step 15600] Loss: 0.0271 | CLS: 0.0268 | CRF: 0.0321 | CRF_W: 0.0100
2026-01-14 22:05:39,560 - INFO - [Step 15700] Loss: 0.0177 | CLS: 0.0175 | CRF: 0.0144 | CRF_W: 0.0100
2026-01-14 22:15:30,856 - INFO - Epoch 2 | Val F1: 0.9139 | mIoU: 0.8664
2026-01-14 22:15:30,868 - INFO -  正在写入模型
2026-01-14 22:15:45,177 - INFO -   💾 Saved epoch checkpoint to checkpoint_epoch_2.pt
2026-01-14 22:15:55,858 - INFO - Epoch 3 | CRF Loss Weight: 0.0150
2026-01-14 22:16:32,993 - INFO - [Step 15800] Loss: 0.0023 | CLS: 0.0022 | CRF: 0.0089 | CRF_W: 0.0150
2026-01-14 22:17:42,632 - INFO - [Step 15900] Loss: 0.0140 | CLS: 0.0134 | CRF: 0.0395 | CRF_W: 0.0150
2026-01-14 22:18:52,371 - INFO - [Step 16000] Loss: 0.0073 | CLS: 0.0071 | CRF: 0.0116 | CRF_W: 0.0150
2026-01-14 22:20:02,428 - INFO - [Step 16100] Loss: 0.0319 | CLS: 0.0315 | CRF: 0.0270 | CRF_W: 0.0150
2026-01-14 22:21:12,003 - INFO - [Step 16200] Loss: 0.0139 | CLS: 0.0138 | CRF: 0.0108 | CRF_W: 0.0150
2026-01-14 22:22:21,440 - INFO - [Step 16300] Loss: 0.0179 | CLS: 0.0176 | CRF: 0.0177 | CRF_W: 0.0150
2026-01-14 22:23:30,900 - INFO - [Step 16400] Loss: 0.0200 | CLS: 0.0198 | CRF: 0.0145 | CRF_W: 0.0150
2026-01-14 22:24:40,247 - INFO - [Step 16500] Loss: 0.0013 | CLS: 0.0011 | CRF: 0.0174 | CRF_W: 0.0150
2026-01-14 22:25:50,251 - INFO - [Step 16600] Loss: 0.0002 | CLS: 0.0001 | CRF: 0.0113 | CRF_W: 0.0150
2026-01-14 22:27:00,587 - INFO - [Step 16700] Loss: 0.0015 | CLS: 0.0013 | CRF: 0.0119 | CRF_W: 0.0150
2026-01-14 22:28:10,418 - INFO - [Step 16800] Loss: 0.0027 | CLS: 0.0025 | CRF: 0.0147 | CRF_W: 0.0150
2026-01-14 22:29:20,544 - INFO - [Step 16900] Loss: 0.0002 | CLS: 0.0002 | CRF: 0.0039 | CRF_W: 0.0150
2026-01-14 22:30:29,789 - INFO - [Step 17000] Loss: 0.0017 | CLS: 0.0016 | CRF: 0.0076 | CRF_W: 0.0150
2026-01-14 22:31:38,712 - INFO - [Step 17100] Loss: 0.0082 | CLS: 0.0081 | CRF: 0.0077 | CRF_W: 0.0150
2026-01-14 22:32:47,392 - INFO - [Step 17200] Loss: 0.0593 | CLS: 0.0588 | CRF: 0.0335 | CRF_W: 0.0150
2026-01-14 22:33:56,004 - INFO - [Step 17300] Loss: 0.0119 | CLS: 0.0117 | CRF: 0.0165 | CRF_W: 0.0150
2026-01-14 22:35:04,535 - INFO - [Step 17400] Loss: 0.0006 | CLS: 0.0004 | CRF: 0.0132 | CRF_W: 0.0150
2026-01-14 22:36:13,045 - INFO - [Step 17500] Loss: 0.0294 | CLS: 0.0290 | CRF: 0.0230 | CRF_W: 0.0150
2026-01-14 22:37:21,448 - INFO - [Step 17600] Loss: 0.0301 | CLS: 0.0299 | CRF: 0.0090 | CRF_W: 0.0150
2026-01-14 22:38:30,919 - INFO - [Step 17700] Loss: 0.0127 | CLS: 0.0125 | CRF: 0.0123 | CRF_W: 0.0150
2026-01-14 22:39:40,830 - INFO - [Step 17800] Loss: 0.0162 | CLS: 0.0159 | CRF: 0.0184 | CRF_W: 0.0150
2026-01-14 22:40:49,103 - INFO - [Step 17900] Loss: 0.0492 | CLS: 0.0485 | CRF: 0.0452 | CRF_W: 0.0150
2026-01-14 22:41:57,073 - INFO - [Step 18000] Loss: 0.0296 | CLS: 0.0293 | CRF: 0.0204 | CRF_W: 0.0150
2026-01-14 22:43:05,043 - INFO - [Step 18100] Loss: 0.0017 | CLS: 0.0014 | CRF: 0.0201 | CRF_W: 0.0150
2026-01-14 22:44:12,907 - INFO - [Step 18200] Loss: 0.0011 | CLS: 0.0010 | CRF: 0.0053 | CRF_W: 0.0150
2026-01-14 22:45:20,766 - INFO - [Step 18300] Loss: 0.0424 | CLS: 0.0420 | CRF: 0.0260 | CRF_W: 0.0150
2026-01-14 22:46:28,672 - INFO - [Step 18400] Loss: 0.0036 | CLS: 0.0035 | CRF: 0.0107 | CRF_W: 0.0150
2026-01-14 22:47:37,073 - INFO - [Step 18500] Loss: 0.0002 | CLS: 0.0002 | CRF: 0.0022 | CRF_W: 0.0150
2026-01-14 22:48:45,686 - INFO - [Step 18600] Loss: 0.0031 | CLS: 0.0029 | CRF: 0.0122 | CRF_W: 0.0150
2026-01-14 22:49:54,816 - INFO - [Step 18700] Loss: 0.0072 | CLS: 0.0071 | CRF: 0.0073 | CRF_W: 0.0150
2026-01-14 22:51:04,186 - INFO - [Step 18800] Loss: 0.0107 | CLS: 0.0105 | CRF: 0.0142 | CRF_W: 0.0150
2026-01-14 22:52:13,232 - INFO - [Step 18900] Loss: 0.0126 | CLS: 0.0122 | CRF: 0.0207 | CRF_W: 0.0150
2026-01-14 22:53:22,828 - INFO - [Step 19000] Loss: 0.0230 | CLS: 0.0226 | CRF: 0.0282 | CRF_W: 0.0150
2026-01-14 22:54:32,867 - INFO - [Step 19100] Loss: 0.0070 | CLS: 0.0068 | CRF: 0.0111 | CRF_W: 0.0150
2026-01-14 22:55:42,575 - INFO - [Step 19200] Loss: 0.0102 | CLS: 0.0098 | CRF: 0.0268 | CRF_W: 0.0150
2026-01-14 22:56:52,233 - INFO - [Step 19300] Loss: 0.0205 | CLS: 0.0204 | CRF: 0.0066 | CRF_W: 0.0150
2026-01-14 22:58:02,009 - INFO - [Step 19400] Loss: 0.0065 | CLS: 0.0064 | CRF: 0.0073 | CRF_W: 0.0150
2026-01-14 22:59:11,810 - INFO - [Step 19500] Loss: 0.0145 | CLS: 0.0143 | CRF: 0.0113 | CRF_W: 0.0150
2026-01-14 23:00:21,708 - INFO - [Step 19600] Loss: 0.0195 | CLS: 0.0193 | CRF: 0.0146 | CRF_W: 0.0150
2026-01-14 23:01:31,711 - INFO - [Step 19700] Loss: 0.0008 | CLS: 0.0006 | CRF: 0.0126 | CRF_W: 0.0150
2026-01-14 23:02:42,301 - INFO - [Step 19800] Loss: 0.0074 | CLS: 0.0072 | CRF: 0.0157 | CRF_W: 0.0150
2026-01-14 23:03:51,946 - INFO - [Step 19900] Loss: 0.0133 | CLS: 0.0131 | CRF: 0.0153 | CRF_W: 0.0150
2026-01-14 23:05:01,734 - INFO - [Step 20000] Loss: 0.0154 | CLS: 0.0151 | CRF: 0.0160 | CRF_W: 0.0150
2026-01-14 23:06:12,330 - INFO - [Step 20100] Loss: 0.0021 | CLS: 0.0020 | CRF: 0.0046 | CRF_W: 0.0150
2026-01-14 23:07:22,107 - INFO - [Step 20200] Loss: 0.0011 | CLS: 0.0011 | CRF: 0.0022 | CRF_W: 0.0150
2026-01-14 23:08:31,652 - INFO - [Step 20300] Loss: 0.0204 | CLS: 0.0202 | CRF: 0.0149 | CRF_W: 0.0150
2026-01-14 23:09:41,399 - INFO - [Step 20400] Loss: 0.0107 | CLS: 0.0106 | CRF: 0.0094 | CRF_W: 0.0150
2026-01-14 23:10:50,990 - INFO - [Step 20500] Loss: 0.0047 | CLS: 0.0044 | CRF: 0.0185 | CRF_W: 0.0150
2026-01-14 23:12:00,758 - INFO - [Step 20600] Loss: 0.0204 | CLS: 0.0201 | CRF: 0.0188 | CRF_W: 0.0150
2026-01-14 23:13:11,184 - INFO - [Step 20700] Loss: 0.0062 | CLS: 0.0061 | CRF: 0.0097 | CRF_W: 0.0150
2026-01-14 23:14:21,643 - INFO - [Step 20800] Loss: 0.0122 | CLS: 0.0118 | CRF: 0.0204 | CRF_W: 0.0150
2026-01-14 23:15:32,147 - INFO - [Step 20900] Loss: 0.0061 | CLS: 0.0061 | CRF: 0.0035 | CRF_W: 0.0150
2026-01-14 23:16:42,027 - INFO - [Step 21000] Loss: 0.0060 | CLS: 0.0057 | CRF: 0.0199 | CRF_W: 0.0150
2026-01-14 23:17:52,013 - INFO - [Step 21100] Loss: 0.0215 | CLS: 0.0214 | CRF: 0.0114 | CRF_W: 0.0150
2026-01-14 23:19:02,130 - INFO - [Step 21200] Loss: 0.0002 | CLS: 0.0001 | CRF: 0.0059 | CRF_W: 0.0150
2026-01-14 23:20:11,980 - INFO - [Step 21300] Loss: 0.0152 | CLS: 0.0150 | CRF: 0.0113 | CRF_W: 0.0150
2026-01-14 23:21:22,009 - INFO - [Step 21400] Loss: 0.1007 | CLS: 0.1001 | CRF: 0.0364 | CRF_W: 0.0150
2026-01-14 23:22:31,974 - INFO - [Step 21500] Loss: 0.0200 | CLS: 0.0198 | CRF: 0.0098 | CRF_W: 0.0150
2026-01-14 23:23:41,884 - INFO - [Step 21600] Loss: 0.0063 | CLS: 0.0062 | CRF: 0.0093 | CRF_W: 0.0150
2026-01-14 23:24:51,891 - INFO - [Step 21700] Loss: 0.0153 | CLS: 0.0151 | CRF: 0.0120 | CRF_W: 0.0150
2026-01-14 23:26:01,826 - INFO - [Step 21800] Loss: 0.0268 | CLS: 0.0267 | CRF: 0.0085 | CRF_W: 0.0150
2026-01-14 23:27:11,863 - INFO - [Step 21900] Loss: 0.0136 | CLS: 0.0134 | CRF: 0.0152 | CRF_W: 0.0150
2026-01-14 23:28:21,604 - INFO - [Step 22000] Loss: 0.0061 | CLS: 0.0060 | CRF: 0.0044 | CRF_W: 0.0150
2026-01-14 23:29:32,084 - INFO - [Step 22100] Loss: 0.0155 | CLS: 0.0153 | CRF: 0.0113 | CRF_W: 0.0150
2026-01-14 23:30:42,016 - INFO - [Step 22200] Loss: 0.0137 | CLS: 0.0137 | CRF: 0.0042 | CRF_W: 0.0150
2026-01-14 23:31:52,365 - INFO - [Step 22300] Loss: 0.0185 | CLS: 0.0184 | CRF: 0.0105 | CRF_W: 0.0150
2026-01-14 23:33:03,584 - INFO - [Step 22400] Loss: 0.0114 | CLS: 0.0111 | CRF: 0.0186 | CRF_W: 0.0150
2026-01-14 23:34:14,939 - INFO - [Step 22500] Loss: 0.0027 | CLS: 0.0025 | CRF: 0.0140 | CRF_W: 0.0150
2026-01-14 23:35:26,146 - INFO - [Step 22600] Loss: 0.0109 | CLS: 0.0107 | CRF: 0.0129 | CRF_W: 0.0150
2026-01-14 23:36:36,679 - INFO - [Step 22700] Loss: 0.0244 | CLS: 0.0242 | CRF: 0.0140 | CRF_W: 0.0150
2026-01-14 23:37:47,323 - INFO - [Step 22800] Loss: 0.0048 | CLS: 0.0046 | CRF: 0.0105 | CRF_W: 0.0150
2026-01-14 23:38:57,826 - INFO - [Step 22900] Loss: 0.0253 | CLS: 0.0251 | CRF: 0.0105 | CRF_W: 0.0150
2026-01-14 23:40:08,149 - INFO - [Step 23000] Loss: 0.0220 | CLS: 0.0219 | CRF: 0.0087 | CRF_W: 0.0150
2026-01-14 23:41:18,402 - INFO - [Step 23100] Loss: 0.0301 | CLS: 0.0293 | CRF: 0.0501 | CRF_W: 0.0150
2026-01-14 23:42:28,945 - INFO - [Step 23200] Loss: 0.0052 | CLS: 0.0051 | CRF: 0.0077 | CRF_W: 0.0150
2026-01-14 23:43:40,141 - INFO - [Step 23300] Loss: 0.0120 | CLS: 0.0118 | CRF: 0.0104 | CRF_W: 0.0150
2026-01-14 23:44:50,176 - INFO - [Step 23400] Loss: 0.0298 | CLS: 0.0293 | CRF: 0.0300 | CRF_W: 0.0150
2026-01-14 23:46:00,191 - INFO - [Step 23500] Loss: 0.0159 | CLS: 0.0155 | CRF: 0.0261 | CRF_W: 0.0150
2026-01-14 23:47:10,077 - INFO - [Step 23600] Loss: 0.0361 | CLS: 0.0357 | CRF: 0.0249 | CRF_W: 0.0150
2026-01-14 23:56:45,663 - INFO - Epoch 3 | Val F1: 0.9347 | mIoU: 0.8515
2026-01-14 23:56:45,680 - INFO -  正在写入模型
2026-01-14 23:56:48,569 - INFO -   💾 Saved epoch checkpoint to checkpoint_epoch_3.pt
2026-01-14 23:57:19,388 - INFO -   ✅ New Best F1! Saved best_model.pt
2026-01-14 23:57:27,511 - INFO - Epoch 4 | CRF Loss Weight: 0.0200
2026-01-14 23:58:22,200 - INFO - [Step 23700] Loss: 0.0095 | CLS: 0.0092 | CRF: 0.0171 | CRF_W: 0.0200
2026-01-14 23:59:32,364 - INFO - [Step 23800] Loss: 0.0188 | CLS: 0.0184 | CRF: 0.0192 | CRF_W: 0.0200
2026-01-15 00:00:42,754 - INFO - [Step 23900] Loss: 0.0119 | CLS: 0.0116 | CRF: 0.0150 | CRF_W: 0.0200
2026-01-15 00:01:53,257 - INFO - [Step 24000] Loss: 0.0108 | CLS: 0.0106 | CRF: 0.0077 | CRF_W: 0.0200
2026-01-15 00:03:04,403 - INFO - [Step 24100] Loss: 0.0065 | CLS: 0.0063 | CRF: 0.0095 | CRF_W: 0.0200
2026-01-15 00:04:15,314 - INFO - [Step 24200] Loss: 0.0055 | CLS: 0.0054 | CRF: 0.0049 | CRF_W: 0.0200
2026-01-15 00:05:25,800 - INFO - [Step 24300] Loss: 0.0070 | CLS: 0.0068 | CRF: 0.0080 | CRF_W: 0.0200
2026-01-15 00:06:36,594 - INFO - [Step 24400] Loss: 0.0016 | CLS: 0.0014 | CRF: 0.0105 | CRF_W: 0.0200
2026-01-15 00:07:47,338 - INFO - [Step 24500] Loss: 0.0189 | CLS: 0.0185 | CRF: 0.0206 | CRF_W: 0.0200
2026-01-15 00:08:58,019 - INFO - [Step 24600] Loss: 0.0073 | CLS: 0.0072 | CRF: 0.0054 | CRF_W: 0.0200
2026-01-15 00:10:08,680 - INFO - [Step 24700] Loss: 0.0334 | CLS: 0.0329 | CRF: 0.0262 | CRF_W: 0.0200
2026-01-15 00:11:19,348 - INFO - [Step 24800] Loss: 0.0147 | CLS: 0.0144 | CRF: 0.0168 | CRF_W: 0.0200
2026-01-15 00:12:29,885 - INFO - [Step 24900] Loss: 0.0012 | CLS: 0.0010 | CRF: 0.0090 | CRF_W: 0.0200
2026-01-15 00:13:40,435 - INFO - [Step 25000] Loss: 0.0072 | CLS: 0.0069 | CRF: 0.0135 | CRF_W: 0.0200
2026-01-15 00:14:50,959 - INFO - [Step 25100] Loss: 0.0230 | CLS: 0.0228 | CRF: 0.0119 | CRF_W: 0.0200
2026-01-15 00:16:03,313 - INFO - [Step 25200] Loss: 0.0025 | CLS: 0.0023 | CRF: 0.0103 | CRF_W: 0.0200
2026-01-15 00:17:14,449 - INFO - [Step 25300] Loss: 0.0124 | CLS: 0.0120 | CRF: 0.0152 | CRF_W: 0.0200
2026-01-15 00:18:25,141 - INFO - [Step 25400] Loss: 0.0052 | CLS: 0.0052 | CRF: 0.0014 | CRF_W: 0.0200
2026-01-15 00:19:36,597 - INFO - [Step 25500] Loss: 0.0286 | CLS: 0.0282 | CRF: 0.0198 | CRF_W: 0.0200
2026-01-15 00:20:47,920 - INFO - [Step 25600] Loss: 0.0055 | CLS: 0.0051 | CRF: 0.0206 | CRF_W: 0.0200
2026-01-15 00:21:58,752 - INFO - [Step 25700] Loss: 0.0283 | CLS: 0.0281 | CRF: 0.0104 | CRF_W: 0.0200
2026-01-15 00:23:09,524 - INFO - [Step 25800] Loss: 0.0083 | CLS: 0.0080 | CRF: 0.0151 | CRF_W: 0.0200
2026-01-15 00:24:20,347 - INFO - [Step 25900] Loss: 0.0036 | CLS: 0.0036 | CRF: 0.0021 | CRF_W: 0.0200
2026-01-15 00:25:31,295 - INFO - [Step 26000] Loss: 0.0096 | CLS: 0.0094 | CRF: 0.0130 | CRF_W: 0.0200
2026-01-15 00:26:42,068 - INFO - [Step 26100] Loss: 0.0197 | CLS: 0.0193 | CRF: 0.0224 | CRF_W: 0.0200
2026-01-15 00:27:54,170 - INFO - [Step 26200] Loss: 0.0292 | CLS: 0.0287 | CRF: 0.0235 | CRF_W: 0.0200
2026-01-15 00:29:05,685 - INFO - [Step 26300] Loss: 0.0210 | CLS: 0.0206 | CRF: 0.0197 | CRF_W: 0.0200
2026-01-15 00:30:16,366 - INFO - [Step 26400] Loss: 0.0112 | CLS: 0.0109 | CRF: 0.0150 | CRF_W: 0.0200
2026-01-15 00:31:27,262 - INFO - [Step 26500] Loss: 0.0027 | CLS: 0.0025 | CRF: 0.0130 | CRF_W: 0.0200
2026-01-15 00:32:39,563 - INFO - [Step 26600] Loss: 0.0015 | CLS: 0.0014 | CRF: 0.0052 | CRF_W: 0.0200
2026-01-15 00:33:50,731 - INFO - [Step 26700] Loss: 0.0044 | CLS: 0.0042 | CRF: 0.0095 | CRF_W: 0.0200
2026-01-15 00:35:01,670 - INFO - [Step 26800] Loss: 0.0041 | CLS: 0.0038 | CRF: 0.0111 | CRF_W: 0.0200
2026-01-15 00:36:12,577 - INFO - [Step 26900] Loss: 0.0131 | CLS: 0.0129 | CRF: 0.0077 | CRF_W: 0.0200
2026-01-15 00:37:23,033 - INFO - [Step 27000] Loss: 0.0250 | CLS: 0.0247 | CRF: 0.0145 | CRF_W: 0.0200
2026-01-15 00:38:33,743 - INFO - [Step 27100] Loss: 0.0019 | CLS: 0.0016 | CRF: 0.0155 | CRF_W: 0.0200
2026-01-15 00:39:44,335 - INFO - [Step 27200] Loss: 0.0252 | CLS: 0.0251 | CRF: 0.0059 | CRF_W: 0.0200
2026-01-15 00:40:54,855 - INFO - [Step 27300] Loss: 0.0031 | CLS: 0.0028 | CRF: 0.0164 | CRF_W: 0.0200
2026-01-15 00:42:05,617 - INFO - [Step 27400] Loss: 0.0007 | CLS: 0.0003 | CRF: 0.0168 | CRF_W: 0.0200
2026-01-15 00:43:16,260 - INFO - [Step 27500] Loss: 0.0206 | CLS: 0.0202 | CRF: 0.0202 | CRF_W: 0.0200
2026-01-15 00:44:27,749 - INFO - [Step 27600] Loss: 0.0228 | CLS: 0.0223 | CRF: 0.0225 | CRF_W: 0.0200
2026-01-15 00:45:38,590 - INFO - [Step 27700] Loss: 0.0103 | CLS: 0.0100 | CRF: 0.0131 | CRF_W: 0.0200
2026-01-15 00:46:49,434 - INFO - [Step 27800] Loss: 0.0079 | CLS: 0.0076 | CRF: 0.0154 | CRF_W: 0.0200
2026-01-15 00:48:00,117 - INFO - [Step 27900] Loss: 0.0150 | CLS: 0.0147 | CRF: 0.0133 | CRF_W: 0.0200
2026-01-15 00:49:10,794 - INFO - [Step 28000] Loss: 0.0077 | CLS: 0.0075 | CRF: 0.0092 | CRF_W: 0.0200
2026-01-15 00:50:21,834 - INFO - [Step 28100] Loss: 0.0373 | CLS: 0.0368 | CRF: 0.0243 | CRF_W: 0.0200
2026-01-15 00:51:32,299 - INFO - [Step 28200] Loss: 0.0110 | CLS: 0.0108 | CRF: 0.0102 | CRF_W: 0.0200
2026-01-15 00:52:43,025 - INFO - [Step 28300] Loss: 0.0031 | CLS: 0.0029 | CRF: 0.0098 | CRF_W: 0.0200
2026-01-15 00:53:53,672 - INFO - [Step 28400] Loss: 0.0016 | CLS: 0.0015 | CRF: 0.0049 | CRF_W: 0.0200
2026-01-15 00:55:04,426 - INFO - [Step 28500] Loss: 0.0132 | CLS: 0.0129 | CRF: 0.0132 | CRF_W: 0.0200
2026-01-15 00:56:14,998 - INFO - [Step 28600] Loss: 0.0021 | CLS: 0.0020 | CRF: 0.0048 | CRF_W: 0.0200
2026-01-15 00:57:25,712 - INFO - [Step 28700] Loss: 0.0177 | CLS: 0.0174 | CRF: 0.0167 | CRF_W: 0.0200
2026-01-15 00:58:36,405 - INFO - [Step 28800] Loss: 0.0504 | CLS: 0.0498 | CRF: 0.0303 | CRF_W: 0.0200
2026-01-15 00:59:47,133 - INFO - [Step 28900] Loss: 0.0102 | CLS: 0.0099 | CRF: 0.0163 | CRF_W: 0.0200
2026-01-15 01:00:57,970 - INFO - [Step 29000] Loss: 0.0159 | CLS: 0.0156 | CRF: 0.0150 | CRF_W: 0.0200
2026-01-15 01:02:08,965 - INFO - [Step 29100] Loss: 0.0267 | CLS: 0.0263 | CRF: 0.0220 | CRF_W: 0.0200
2026-01-15 01:03:19,905 - INFO - [Step 29200] Loss: 0.0045 | CLS: 0.0045 | CRF: 0.0018 | CRF_W: 0.0200
2026-01-15 01:04:30,782 - INFO - [Step 29300] Loss: 0.0078 | CLS: 0.0075 | CRF: 0.0156 | CRF_W: 0.0200
2026-01-15 01:05:42,581 - INFO - [Step 29400] Loss: 0.0076 | CLS: 0.0074 | CRF: 0.0097 | CRF_W: 0.0200
2026-01-15 01:06:54,539 - INFO - [Step 29500] Loss: 0.0044 | CLS: 0.0039 | CRF: 0.0222 | CRF_W: 0.0200
2026-01-15 01:08:05,600 - INFO - [Step 29600] Loss: 0.0142 | CLS: 0.0139 | CRF: 0.0134 | CRF_W: 0.0200
2026-01-15 01:09:16,882 - INFO - [Step 29700] Loss: 0.0029 | CLS: 0.0026 | CRF: 0.0128 | CRF_W: 0.0200
2026-01-15 01:10:27,565 - INFO - [Step 29800] Loss: 0.0119 | CLS: 0.0118 | CRF: 0.0060 | CRF_W: 0.0200
2026-01-15 01:11:38,422 - INFO - [Step 29900] Loss: 0.0046 | CLS: 0.0046 | CRF: 0.0015 | CRF_W: 0.0200
2026-01-15 01:12:48,979 - INFO - [Step 30000] Loss: 0.0005 | CLS: 0.0004 | CRF: 0.0032 | CRF_W: 0.0200
2026-01-15 01:13:59,759 - INFO - [Step 30100] Loss: 0.0135 | CLS: 0.0131 | CRF: 0.0209 | CRF_W: 0.0200
2026-01-15 01:15:10,275 - INFO - [Step 30200] Loss: 0.0084 | CLS: 0.0082 | CRF: 0.0093 | CRF_W: 0.0200
2026-01-15 01:16:21,044 - INFO - [Step 30300] Loss: 0.0124 | CLS: 0.0121 | CRF: 0.0160 | CRF_W: 0.0200
2026-01-15 01:17:31,761 - INFO - [Step 30400] Loss: 0.0255 | CLS: 0.0250 | CRF: 0.0239 | CRF_W: 0.0200
2026-01-15 01:18:42,295 - INFO - [Step 30500] Loss: 0.0070 | CLS: 0.0069 | CRF: 0.0048 | CRF_W: 0.0200
2026-01-15 01:19:52,819 - INFO - [Step 30600] Loss: 0.0106 | CLS: 0.0103 | CRF: 0.0142 | CRF_W: 0.0200
2026-01-15 01:21:03,451 - INFO - [Step 30700] Loss: 0.0037 | CLS: 0.0034 | CRF: 0.0149 | CRF_W: 0.0200
2026-01-15 01:22:14,291 - INFO - [Step 30800] Loss: 0.0090 | CLS: 0.0089 | CRF: 0.0045 | CRF_W: 0.0200
2026-01-15 01:23:25,017 - INFO - [Step 30900] Loss: 0.0010 | CLS: 0.0008 | CRF: 0.0127 | CRF_W: 0.0200
2026-01-15 01:24:35,606 - INFO - [Step 31000] Loss: 0.0076 | CLS: 0.0074 | CRF: 0.0092 | CRF_W: 0.0200
2026-01-15 01:25:46,126 - INFO - [Step 31100] Loss: 0.0128 | CLS: 0.0126 | CRF: 0.0146 | CRF_W: 0.0200
2026-01-15 01:26:57,709 - INFO - [Step 31200] Loss: 0.0063 | CLS: 0.0061 | CRF: 0.0112 | CRF_W: 0.0200
2026-01-15 01:28:08,713 - INFO - [Step 31300] Loss: 0.0054 | CLS: 0.0051 | CRF: 0.0143 | CRF_W: 0.0200
2026-01-15 01:29:19,633 - INFO - [Step 31400] Loss: 0.0177 | CLS: 0.0174 | CRF: 0.0155 | CRF_W: 0.0200
2026-01-15 01:39:54,179 - INFO - Epoch 4 | Val F1: 0.9175 | mIoU: 0.8926
2026-01-15 01:39:54,191 - INFO -  正在写入模型
2026-01-15 01:39:57,305 - INFO -   💾 Saved epoch checkpoint to checkpoint_epoch_4.pt
2026-01-15 01:40:24,795 - INFO - Epoch 5 | CRF Loss Weight: 0.0250
2026-01-15 01:40:30,519 - INFO - [Step 31500] Loss: 0.0102 | CLS: 0.0097 | CRF: 0.0221 | CRF_W: 0.0250
2026-01-15 01:41:40,925 - INFO - [Step 31600] Loss: 0.0289 | CLS: 0.0285 | CRF: 0.0192 | CRF_W: 0.0250
2026-01-15 01:42:54,155 - INFO - [Step 31700] Loss: 0.0141 | CLS: 0.0139 | CRF: 0.0085 | CRF_W: 0.0250
2026-01-15 01:44:07,718 - INFO - [Step 31800] Loss: 0.0075 | CLS: 0.0073 | CRF: 0.0069 | CRF_W: 0.0250
2026-01-15 01:45:20,152 - INFO - [Step 31900] Loss: 0.0010 | CLS: 0.0007 | CRF: 0.0126 | CRF_W: 0.0250
2026-01-15 01:46:32,213 - INFO - [Step 32000] Loss: 0.0072 | CLS: 0.0070 | CRF: 0.0076 | CRF_W: 0.0250
2026-01-15 01:47:44,061 - INFO - [Step 32100] Loss: 0.0466 | CLS: 0.0462 | CRF: 0.0168 | CRF_W: 0.0250
2026-01-15 01:48:56,031 - INFO - [Step 32200] Loss: 0.0098 | CLS: 0.0096 | CRF: 0.0078 | CRF_W: 0.0250
2026-01-15 01:50:08,518 - INFO - [Step 32300] Loss: 0.0067 | CLS: 0.0064 | CRF: 0.0083 | CRF_W: 0.0250
2026-01-15 01:51:20,865 - INFO - [Step 32400] Loss: 0.0293 | CLS: 0.0289 | CRF: 0.0153 | CRF_W: 0.0250
2026-01-15 01:52:33,330 - INFO - [Step 32500] Loss: 0.0001 | CLS: 0.0001 | CRF: 0.0000 | CRF_W: 0.0250
2026-01-15 01:53:45,928 - INFO - [Step 32600] Loss: 0.0088 | CLS: 0.0087 | CRF: 0.0057 | CRF_W: 0.0250
2026-01-15 01:54:58,500 - INFO - [Step 32700] Loss: 0.0059 | CLS: 0.0057 | CRF: 0.0107 | CRF_W: 0.0250
2026-01-15 01:56:11,283 - INFO - [Step 32800] Loss: 0.0114 | CLS: 0.0111 | CRF: 0.0142 | CRF_W: 0.0250
2026-01-15 01:57:23,616 - INFO - [Step 32900] Loss: 0.0047 | CLS: 0.0044 | CRF: 0.0134 | CRF_W: 0.0250
2026-01-15 01:58:36,319 - INFO - [Step 33000] Loss: 0.0070 | CLS: 0.0064 | CRF: 0.0221 | CRF_W: 0.0250
2026-01-15 01:59:48,655 - INFO - [Step 33100] Loss: 0.0291 | CLS: 0.0289 | CRF: 0.0079 | CRF_W: 0.0250
2026-01-15 02:01:01,086 - INFO - [Step 33200] Loss: 0.0153 | CLS: 0.0140 | CRF: 0.0492 | CRF_W: 0.0250
2026-01-15 02:02:13,911 - INFO - [Step 33300] Loss: 0.0012 | CLS: 0.0012 | CRF: 0.0029 | CRF_W: 0.0250
2026-01-15 02:03:27,212 - INFO - [Step 33400] Loss: 0.0012 | CLS: 0.0008 | CRF: 0.0148 | CRF_W: 0.0250
2026-01-15 02:04:40,655 - INFO - [Step 33500] Loss: 0.0051 | CLS: 0.0048 | CRF: 0.0111 | CRF_W: 0.0250
2026-01-15 02:05:53,791 - INFO - [Step 33600] Loss: 0.0051 | CLS: 0.0045 | CRF: 0.0213 | CRF_W: 0.0250
2026-01-15 02:07:06,629 - INFO - [Step 33700] Loss: 0.0106 | CLS: 0.0101 | CRF: 0.0178 | CRF_W: 0.0250
2026-01-15 02:08:19,273 - INFO - [Step 33800] Loss: 0.0100 | CLS: 0.0098 | CRF: 0.0066 | CRF_W: 0.0250
2026-01-15 02:09:31,684 - INFO - [Step 33900] Loss: 0.0087 | CLS: 0.0085 | CRF: 0.0080 | CRF_W: 0.0250
2026-01-15 02:10:44,043 - INFO - [Step 34000] Loss: 0.0195 | CLS: 0.0192 | CRF: 0.0125 | CRF_W: 0.0250
2026-01-15 02:11:56,564 - INFO - [Step 34100] Loss: 0.0043 | CLS: 0.0039 | CRF: 0.0151 | CRF_W: 0.0250
2026-01-15 02:13:08,508 - INFO - [Step 34200] Loss: 0.0079 | CLS: 0.0078 | CRF: 0.0051 | CRF_W: 0.0250
2026-01-15 02:14:19,337 - INFO - [Step 34300] Loss: 0.0232 | CLS: 0.0229 | CRF: 0.0125 | CRF_W: 0.0250
2026-01-15 02:15:30,589 - INFO - [Step 34400] Loss: 0.0304 | CLS: 0.0299 | CRF: 0.0180 | CRF_W: 0.0250
2026-01-15 02:16:41,184 - INFO - [Step 34500] Loss: 0.0037 | CLS: 0.0036 | CRF: 0.0024 | CRF_W: 0.0250
2026-01-15 02:17:52,413 - INFO - [Step 34600] Loss: 0.0144 | CLS: 0.0140 | CRF: 0.0142 | CRF_W: 0.0250
2026-01-15 02:19:02,638 - INFO - [Step 34700] Loss: 0.0014 | CLS: 0.0013 | CRF: 0.0044 | CRF_W: 0.0250
2026-01-15 02:20:14,695 - INFO - [Step 34800] Loss: 0.0009 | CLS: 0.0005 | CRF: 0.0143 | CRF_W: 0.0250
2026-01-15 02:21:25,428 - INFO - [Step 34900] Loss: 0.0025 | CLS: 0.0024 | CRF: 0.0049 | CRF_W: 0.0250
2026-01-15 02:22:35,457 - INFO - [Step 35000] Loss: 0.0004 | CLS: 0.0002 | CRF: 0.0075 | CRF_W: 0.0250
2026-01-15 02:23:47,790 - INFO - [Step 35100] Loss: 0.0006 | CLS: 0.0001 | CRF: 0.0208 | CRF_W: 0.0250
2026-01-15 02:25:00,909 - INFO - [Step 35200] Loss: 0.0164 | CLS: 0.0161 | CRF: 0.0122 | CRF_W: 0.0250
2026-01-15 02:26:11,299 - INFO - [Step 35300] Loss: 0.0135 | CLS: 0.0132 | CRF: 0.0095 | CRF_W: 0.0250
2026-01-15 02:27:21,573 - INFO - [Step 35400] Loss: 0.0039 | CLS: 0.0037 | CRF: 0.0084 | CRF_W: 0.0250
2026-01-15 02:28:31,852 - INFO - [Step 35500] Loss: 0.0029 | CLS: 0.0028 | CRF: 0.0054 | CRF_W: 0.0250
2026-01-15 02:29:43,153 - INFO - [Step 35600] Loss: 0.0071 | CLS: 0.0070 | CRF: 0.0035 | CRF_W: 0.0250
2026-01-15 02:30:54,428 - INFO - [Step 35700] Loss: 0.0049 | CLS: 0.0044 | CRF: 0.0211 | CRF_W: 0.0250
2026-01-15 02:32:05,652 - INFO - [Step 35800] Loss: 0.0028 | CLS: 0.0022 | CRF: 0.0251 | CRF_W: 0.0250
2026-01-15 02:33:16,328 - INFO - [Step 35900] Loss: 0.0006 | CLS: 0.0003 | CRF: 0.0091 | CRF_W: 0.0250
2026-01-15 02:34:26,674 - INFO - [Step 36000] Loss: 0.0097 | CLS: 0.0091 | CRF: 0.0214 | CRF_W: 0.0250
2026-01-15 02:35:36,351 - INFO - [Step 36100] Loss: 0.0017 | CLS: 0.0015 | CRF: 0.0089 | CRF_W: 0.0250
2026-01-15 02:36:46,258 - INFO - [Step 36200] Loss: 0.0301 | CLS: 0.0298 | CRF: 0.0106 | CRF_W: 0.0250
2026-01-15 02:37:56,155 - INFO - [Step 36300] Loss: 0.0049 | CLS: 0.0045 | CRF: 0.0142 | CRF_W: 0.0250
2026-01-15 02:39:06,842 - INFO - [Step 36400] Loss: 0.0028 | CLS: 0.0027 | CRF: 0.0063 | CRF_W: 0.0250
2026-01-15 02:40:17,767 - INFO - [Step 36500] Loss: 0.0199 | CLS: 0.0193 | CRF: 0.0244 | CRF_W: 0.0250
2026-01-15 02:41:28,807 - INFO - [Step 36600] Loss: 0.0041 | CLS: 0.0039 | CRF: 0.0064 | CRF_W: 0.0250
2026-01-15 02:42:40,228 - INFO - [Step 36700] Loss: 0.0118 | CLS: 0.0115 | CRF: 0.0084 | CRF_W: 0.0250
2026-01-15 02:43:51,667 - INFO - [Step 36800] Loss: 0.0092 | CLS: 0.0090 | CRF: 0.0078 | CRF_W: 0.0250
2026-01-15 02:45:02,650 - INFO - [Step 36900] Loss: 0.0012 | CLS: 0.0011 | CRF: 0.0054 | CRF_W: 0.0250
2026-01-15 02:46:13,566 - INFO - [Step 37000] Loss: 0.0068 | CLS: 0.0065 | CRF: 0.0120 | CRF_W: 0.0250
2026-01-15 02:47:25,245 - INFO - [Step 37100] Loss: 0.0188 | CLS: 0.0185 | CRF: 0.0148 | CRF_W: 0.0250
2026-01-15 02:48:36,176 - INFO - [Step 37200] Loss: 0.0176 | CLS: 0.0172 | CRF: 0.0158 | CRF_W: 0.0250
2026-01-15 02:49:46,985 - INFO - [Step 37300] Loss: 0.0017 | CLS: 0.0016 | CRF: 0.0063 | CRF_W: 0.0250
2026-01-15 02:50:58,017 - INFO - [Step 37400] Loss: 0.0214 | CLS: 0.0208 | CRF: 0.0224 | CRF_W: 0.0250
2026-01-15 02:52:07,834 - INFO - [Step 37500] Loss: 0.0167 | CLS: 0.0163 | CRF: 0.0127 | CRF_W: 0.0250
2026-01-15 02:53:18,259 - INFO - [Step 37600] Loss: 0.0084 | CLS: 0.0080 | CRF: 0.0157 | CRF_W: 0.0250
2026-01-15 02:54:28,292 - INFO - [Step 37700] Loss: 0.0162 | CLS: 0.0161 | CRF: 0.0029 | CRF_W: 0.0250
2026-01-15 02:55:38,392 - INFO - [Step 37800] Loss: 0.0002 | CLS: 0.0001 | CRF: 0.0027 | CRF_W: 0.0250
2026-01-15 02:56:48,722 - INFO - [Step 37900] Loss: 0.0118 | CLS: 0.0113 | CRF: 0.0192 | CRF_W: 0.0250
2026-01-15 02:57:58,709 - INFO - [Step 38000] Loss: 0.0098 | CLS: 0.0097 | CRF: 0.0018 | CRF_W: 0.0250
2026-01-15 02:59:08,542 - INFO - [Step 38100] Loss: 0.0029 | CLS: 0.0027 | CRF: 0.0060 | CRF_W: 0.0250
2026-01-15 03:00:18,272 - INFO - [Step 38200] Loss: 0.0060 | CLS: 0.0059 | CRF: 0.0046 | CRF_W: 0.0250
2026-01-15 03:01:28,044 - INFO - [Step 38300] Loss: 0.0014 | CLS: 0.0013 | CRF: 0.0033 | CRF_W: 0.0250
2026-01-15 03:02:38,202 - INFO - [Step 38400] Loss: 0.0016 | CLS: 0.0012 | CRF: 0.0144 | CRF_W: 0.0250
2026-01-15 03:03:48,197 - INFO - [Step 38500] Loss: 0.0302 | CLS: 0.0298 | CRF: 0.0166 | CRF_W: 0.0250
2026-01-15 03:04:58,006 - INFO - [Step 38600] Loss: 0.0090 | CLS: 0.0089 | CRF: 0.0023 | CRF_W: 0.0250
2026-01-15 03:06:07,858 - INFO - [Step 38700] Loss: 0.0036 | CLS: 0.0033 | CRF: 0.0121 | CRF_W: 0.0250
2026-01-15 03:07:17,560 - INFO - [Step 38800] Loss: 0.0261 | CLS: 0.0256 | CRF: 0.0216 | CRF_W: 0.0250
2026-01-15 03:08:27,843 - INFO - [Step 38900] Loss: 0.0066 | CLS: 0.0063 | CRF: 0.0143 | CRF_W: 0.0250
2026-01-15 03:09:38,679 - INFO - [Step 39000] Loss: 0.0005 | CLS: 0.0005 | CRF: 0.0016 | CRF_W: 0.0250
2026-01-15 03:10:49,050 - INFO - [Step 39100] Loss: 0.0065 | CLS: 0.0063 | CRF: 0.0042 | CRF_W: 0.0250
2026-01-15 03:11:59,987 - INFO - [Step 39200] Loss: 0.0072 | CLS: 0.0071 | CRF: 0.0045 | CRF_W: 0.0250
2026-01-15 03:13:10,945 - INFO - [Step 39300] Loss: 0.0057 | CLS: 0.0056 | CRF: 0.0048 | CRF_W: 0.0250
2026-01-15 03:23:24,543 - INFO - Epoch 5 | Val F1: 0.9466 | mIoU: 0.9142
2026-01-15 03:23:24,564 - INFO -  正在写入模型
2026-01-15 03:23:27,805 - INFO -   💾 Saved epoch checkpoint to checkpoint_epoch_5.pt
2026-01-15 03:23:45,016 - INFO -   ✅ New Best F1! Saved best_model.pt
2026-01-15 03:23:52,153 - INFO - Epoch 6 | CRF Loss Weight: 0.0300
2026-01-15 03:24:16,004 - INFO - [Step 39400] Loss: 0.0029 | CLS: 0.0026 | CRF: 0.0109 | CRF_W: 0.0300
2026-01-15 03:25:25,535 - INFO - [Step 39500] Loss: 0.0042 | CLS: 0.0037 | CRF: 0.0150 | CRF_W: 0.0300
2026-01-15 03:26:35,432 - INFO - [Step 39600] Loss: 0.0051 | CLS: 0.0048 | CRF: 0.0087 | CRF_W: 0.0300
2026-01-15 03:27:45,418 - INFO - [Step 39700] Loss: 0.0037 | CLS: 0.0036 | CRF: 0.0026 | CRF_W: 0.0300
2026-01-15 03:28:55,487 - INFO - [Step 39800] Loss: 0.0085 | CLS: 0.0083 | CRF: 0.0059 | CRF_W: 0.0300
2026-01-15 03:30:05,477 - INFO - [Step 39900] Loss: 0.0141 | CLS: 0.0140 | CRF: 0.0051 | CRF_W: 0.0300
2026-01-15 03:31:15,478 - INFO - [Step 40000] Loss: 0.0123 | CLS: 0.0120 | CRF: 0.0082 | CRF_W: 0.0300
2026-01-15 03:32:25,537 - INFO - [Step 40100] Loss: 0.0082 | CLS: 0.0081 | CRF: 0.0042 | CRF_W: 0.0300
2026-01-15 03:33:35,481 - INFO - [Step 40200] Loss: 0.0160 | CLS: 0.0156 | CRF: 0.0143 | CRF_W: 0.0300
2026-01-15 03:34:45,570 - INFO - [Step 40300] Loss: 0.0042 | CLS: 0.0038 | CRF: 0.0126 | CRF_W: 0.0300
2026-01-15 03:35:55,618 - INFO - [Step 40400] Loss: 0.0055 | CLS: 0.0054 | CRF: 0.0031 | CRF_W: 0.0300
2026-01-15 03:37:05,441 - INFO - [Step 40500] Loss: 0.0016 | CLS: 0.0014 | CRF: 0.0050 | CRF_W: 0.0300
2026-01-15 03:38:15,305 - INFO - [Step 40600] Loss: 0.0066 | CLS: 0.0065 | CRF: 0.0038 | CRF_W: 0.0300
2026-01-15 03:39:25,628 - INFO - [Step 40700] Loss: 0.0018 | CLS: 0.0018 | CRF: 0.0020 | CRF_W: 0.0300
2026-01-15 03:40:35,591 - INFO - [Step 40800] Loss: 0.0148 | CLS: 0.0145 | CRF: 0.0093 | CRF_W: 0.0300
2026-01-15 03:41:45,644 - INFO - [Step 40900] Loss: 0.0094 | CLS: 0.0087 | CRF: 0.0228 | CRF_W: 0.0300
2026-01-15 03:42:56,140 - INFO - [Step 41000] Loss: 0.0041 | CLS: 0.0038 | CRF: 0.0085 | CRF_W: 0.0300
2026-01-15 03:44:06,108 - INFO - [Step 41100] Loss: 0.0020 | CLS: 0.0018 | CRF: 0.0069 | CRF_W: 0.0300
2026-01-15 03:45:15,731 - INFO - [Step 41200] Loss: 0.0173 | CLS: 0.0171 | CRF: 0.0052 | CRF_W: 0.0300
2026-01-15 03:46:26,198 - INFO - [Step 41300] Loss: 0.0045 | CLS: 0.0044 | CRF: 0.0050 | CRF_W: 0.0300
2026-01-15 03:47:36,091 - INFO - [Step 41400] Loss: 0.0178 | CLS: 0.0175 | CRF: 0.0124 | CRF_W: 0.0300
2026-01-15 03:48:45,737 - INFO - [Step 41500] Loss: 0.0500 | CLS: 0.0493 | CRF: 0.0219 | CRF_W: 0.0300
2026-01-15 03:49:55,351 - INFO - [Step 41600] Loss: 0.0064 | CLS: 0.0061 | CRF: 0.0098 | CRF_W: 0.0300
2026-01-15 03:51:05,078 - INFO - [Step 41700] Loss: 0.0489 | CLS: 0.0483 | CRF: 0.0195 | CRF_W: 0.0300
2026-01-15 03:52:14,991 - INFO - [Step 41800] Loss: 0.0019 | CLS: 0.0019 | CRF: 0.0004 | CRF_W: 0.0300
2026-01-15 03:53:24,940 - INFO - [Step 41900] Loss: 0.0021 | CLS: 0.0021 | CRF: 0.0004 | CRF_W: 0.0300
2026-01-15 03:54:35,181 - INFO - [Step 42000] Loss: 0.0131 | CLS: 0.0130 | CRF: 0.0025 | CRF_W: 0.0300
2026-01-15 03:55:45,219 - INFO - [Step 42100] Loss: 0.0518 | CLS: 0.0514 | CRF: 0.0135 | CRF_W: 0.0300
2026-01-15 03:56:56,223 - INFO - [Step 42200] Loss: 0.0016 | CLS: 0.0014 | CRF: 0.0068 | CRF_W: 0.0300
2026-01-15 03:58:07,244 - INFO - [Step 42300] Loss: 0.0041 | CLS: 0.0041 | CRF: 0.0000 | CRF_W: 0.0300
2026-01-15 03:59:17,876 - INFO - [Step 42400] Loss: 0.0067 | CLS: 0.0064 | CRF: 0.0080 | CRF_W: 0.0300
2026-01-15 04:00:28,645 - INFO - [Step 42500] Loss: 0.0082 | CLS: 0.0081 | CRF: 0.0042 | CRF_W: 0.0300
2026-01-15 04:01:39,131 - INFO - [Step 42600] Loss: 0.0826 | CLS: 0.0816 | CRF: 0.0326 | CRF_W: 0.0300
2026-01-15 04:02:48,956 - INFO - [Step 42700] Loss: 0.0184 | CLS: 0.0180 | CRF: 0.0112 | CRF_W: 0.0300
2026-01-15 04:03:58,572 - INFO - [Step 42800] Loss: 0.0136 | CLS: 0.0134 | CRF: 0.0059 | CRF_W: 0.0300
2026-01-15 04:05:08,583 - INFO - [Step 42900] Loss: 0.0090 | CLS: 0.0087 | CRF: 0.0104 | CRF_W: 0.0300
2026-01-15 04:06:18,283 - INFO - [Step 43000] Loss: 0.0020 | CLS: 0.0018 | CRF: 0.0080 | CRF_W: 0.0300
2026-01-15 04:07:28,523 - INFO - [Step 43100] Loss: 0.0027 | CLS: 0.0025 | CRF: 0.0051 | CRF_W: 0.0300
2026-01-15 04:08:38,418 - INFO - [Step 43200] Loss: 0.0059 | CLS: 0.0055 | CRF: 0.0132 | CRF_W: 0.0300
2026-01-15 04:09:48,243 - INFO - [Step 43300] Loss: 0.0104 | CLS: 0.0104 | CRF: 0.0006 | CRF_W: 0.0300
2026-01-15 04:10:57,981 - INFO - [Step 43400] Loss: 0.0431 | CLS: 0.0427 | CRF: 0.0126 | CRF_W: 0.0300
2026-01-15 04:12:08,037 - INFO - [Step 43500] Loss: 0.0007 | CLS: 0.0005 | CRF: 0.0058 | CRF_W: 0.0300
2026-01-15 04:13:17,707 - INFO - [Step 43600] Loss: 0.0095 | CLS: 0.0092 | CRF: 0.0112 | CRF_W: 0.0300
2026-01-15 04:14:27,491 - INFO - [Step 43700] Loss: 0.0003 | CLS: 0.0003 | CRF: 0.0012 | CRF_W: 0.0300
2026-01-15 04:15:37,379 - INFO - [Step 43800] Loss: 0.0073 | CLS: 0.0068 | CRF: 0.0154 | CRF_W: 0.0300
2026-01-15 04:16:47,479 - INFO - [Step 43900] Loss: 0.0032 | CLS: 0.0030 | CRF: 0.0088 | CRF_W: 0.0300
2026-01-15 04:17:57,461 - INFO - [Step 44000] Loss: 0.0061 | CLS: 0.0059 | CRF: 0.0046 | CRF_W: 0.0300
2026-01-15 04:19:07,416 - INFO - [Step 44100] Loss: 0.0095 | CLS: 0.0092 | CRF: 0.0115 | CRF_W: 0.0300
2026-01-15 04:20:17,732 - INFO - [Step 44200] Loss: 0.0032 | CLS: 0.0029 | CRF: 0.0120 | CRF_W: 0.0300
2026-01-15 04:21:27,754 - INFO - [Step 44300] Loss: 0.0064 | CLS: 0.0064 | CRF: 0.0012 | CRF_W: 0.0300
2026-01-15 04:22:37,717 - INFO - [Step 44400] Loss: 0.0011 | CLS: 0.0011 | CRF: 0.0021 | CRF_W: 0.0300
2026-01-15 04:23:47,538 - INFO - [Step 44500] Loss: 0.0108 | CLS: 0.0106 | CRF: 0.0079 | CRF_W: 0.0300
2026-01-15 04:24:57,146 - INFO - [Step 44600] Loss: 0.0366 | CLS: 0.0362 | CRF: 0.0152 | CRF_W: 0.0300
2026-01-15 04:26:06,666 - INFO - [Step 44700] Loss: 0.0000 | CLS: 0.0000 | CRF: 0.0000 | CRF_W: 0.0300
2026-01-15 04:27:16,694 - INFO - [Step 44800] Loss: 0.0301 | CLS: 0.0297 | CRF: 0.0133 | CRF_W: 0.0300
2026-01-15 04:28:26,308 - INFO - [Step 44900] Loss: 0.0083 | CLS: 0.0079 | CRF: 0.0133 | CRF_W: 0.0300
2026-01-15 04:29:35,966 - INFO - [Step 45000] Loss: 0.0098 | CLS: 0.0097 | CRF: 0.0029 | CRF_W: 0.0300
2026-01-15 04:30:45,855 - INFO - [Step 45100] Loss: 0.0010 | CLS: 0.0008 | CRF: 0.0059 | CRF_W: 0.0300
2026-01-15 04:31:55,328 - INFO - [Step 45200] Loss: 0.0365 | CLS: 0.0362 | CRF: 0.0095 | CRF_W: 0.0300
2026-01-15 04:33:04,881 - INFO - [Step 45300] Loss: 0.0006 | CLS: 0.0005 | CRF: 0.0036 | CRF_W: 0.0300
2026-01-15 04:34:14,422 - INFO - [Step 45400] Loss: 0.0015 | CLS: 0.0014 | CRF: 0.0033 | CRF_W: 0.0300
2026-01-15 04:35:24,110 - INFO - [Step 45500] Loss: 0.0199 | CLS: 0.0196 | CRF: 0.0107 | CRF_W: 0.0300
2026-01-15 04:36:33,697 - INFO - [Step 45600] Loss: 0.0104 | CLS: 0.0102 | CRF: 0.0095 | CRF_W: 0.0300
2026-01-15 04:37:43,179 - INFO - [Step 45700] Loss: 0.0008 | CLS: 0.0007 | CRF: 0.0024 | CRF_W: 0.0300
2026-01-15 04:38:53,375 - INFO - [Step 45800] Loss: 0.0525 | CLS: 0.0514 | CRF: 0.0380 | CRF_W: 0.0300
2026-01-15 04:40:02,735 - INFO - [Step 45900] Loss: 0.0026 | CLS: 0.0026 | CRF: 0.0010 | CRF_W: 0.0300
2026-01-15 04:41:12,221 - INFO - [Step 46000] Loss: 0.0144 | CLS: 0.0144 | CRF: 0.0008 | CRF_W: 0.0300
2026-01-15 04:42:21,833 - INFO - [Step 46100] Loss: 0.0091 | CLS: 0.0088 | CRF: 0.0094 | CRF_W: 0.0300
2026-01-15 04:43:31,512 - INFO - [Step 46200] Loss: 0.0005 | CLS: 0.0004 | CRF: 0.0004 | CRF_W: 0.0300
2026-01-15 04:44:41,171 - INFO - [Step 46300] Loss: 0.0070 | CLS: 0.0069 | CRF: 0.0054 | CRF_W: 0.0300
2026-01-15 04:45:50,786 - INFO - [Step 46400] Loss: 0.0037 | CLS: 0.0036 | CRF: 0.0029 | CRF_W: 0.0300
2026-01-15 04:47:00,258 - INFO - [Step 46500] Loss: 0.0085 | CLS: 0.0084 | CRF: 0.0007 | CRF_W: 0.0300
2026-01-15 04:48:09,838 - INFO - [Step 46600] Loss: 0.0021 | CLS: 0.0021 | CRF: 0.0020 | CRF_W: 0.0300
2026-01-15 04:49:20,017 - INFO - [Step 46700] Loss: 0.0005 | CLS: 0.0005 | CRF: 0.0018 | CRF_W: 0.0300
2026-01-15 04:50:30,471 - INFO - [Step 46800] Loss: 0.0075 | CLS: 0.0073 | CRF: 0.0070 | CRF_W: 0.0300
2026-01-15 04:51:40,349 - INFO - [Step 46900] Loss: 0.0008 | CLS: 0.0008 | CRF: 0.0007 | CRF_W: 0.0300
2026-01-15 04:52:50,159 - INFO - [Step 47000] Loss: 0.0047 | CLS: 0.0047 | CRF: 0.0005 | CRF_W: 0.0300
2026-01-15 04:53:59,533 - INFO - [Step 47100] Loss: 0.0008 | CLS: 0.0008 | CRF: 0.0006 | CRF_W: 0.0300
2026-01-15 04:55:08,786 - INFO - [Step 47200] Loss: 0.0176 | CLS: 0.0174 | CRF: 0.0067 | CRF_W: 0.0300
2026-01-15 05:04:50,781 - INFO - Epoch 6 | Val F1: 0.9535 | mIoU: 0.9402
2026-01-15 05:04:50,793 - INFO -  正在写入模型
2026-01-15 05:04:54,035 - INFO -   💾 Saved epoch checkpoint to checkpoint_epoch_6.pt
2026-01-15 05:05:02,472 - INFO -   ✅ New Best F1! Saved best_model.pt
2026-01-15 05:05:17,896 - INFO - Epoch 7 | CRF Loss Weight: 0.0350
2026-01-15 05:05:59,888 - INFO - [Step 47300] Loss: 0.0083 | CLS: 0.0080 | CRF: 0.0089 | CRF_W: 0.0350
2026-01-15 05:07:08,897 - INFO - [Step 47400] Loss: 0.0010 | CLS: 0.0010 | CRF: 0.0002 | CRF_W: 0.0350
2026-01-15 05:08:18,128 - INFO - [Step 47500] Loss: 0.0025 | CLS: 0.0003 | CRF: 0.0616 | CRF_W: 0.0350
2026-01-15 05:09:27,577 - INFO - [Step 47600] Loss: 0.0044 | CLS: 0.0044 | CRF: 0.0011 | CRF_W: 0.0350
2026-01-15 05:10:37,190 - INFO - [Step 47700] Loss: 0.0012 | CLS: 0.0012 | CRF: 0.0001 | CRF_W: 0.0350
2026-01-15 05:11:47,855 - INFO - [Step 47800] Loss: 0.0052 | CLS: 0.0052 | CRF: 0.0012 | CRF_W: 0.0350
2026-01-15 05:12:57,455 - INFO - [Step 47900] Loss: 0.0000 | CLS: 0.0000 | CRF: 0.0000 | CRF_W: 0.0350
2026-01-15 05:14:07,095 - INFO - [Step 48000] Loss: 0.0004 | CLS: 0.0004 | CRF: 0.0002 | CRF_W: 0.0350
2026-01-15 05:15:16,618 - INFO - [Step 48100] Loss: 0.0043 | CLS: 0.0042 | CRF: 0.0023 | CRF_W: 0.0350
2026-01-15 05:16:25,903 - INFO - [Step 48200] Loss: 0.0001 | CLS: 0.0001 | CRF: 0.0002 | CRF_W: 0.0350
2026-01-15 05:17:35,158 - INFO - [Step 48300] Loss: 0.0003 | CLS: 0.0003 | CRF: 0.0002 | CRF_W: 0.0350
2026-01-15 05:18:44,727 - INFO - [Step 48400] Loss: 0.0086 | CLS: 0.0083 | CRF: 0.0067 | CRF_W: 0.0350
2026-01-15 05:19:54,368 - INFO - [Step 48500] Loss: 0.0033 | CLS: 0.0032 | CRF: 0.0024 | CRF_W: 0.0350
2026-01-15 05:21:04,338 - INFO - [Step 48600] Loss: 0.0018 | CLS: 0.0017 | CRF: 0.0009 | CRF_W: 0.0350
2026-01-15 05:22:13,584 - INFO - [Step 48700] Loss: 0.0125 | CLS: 0.0123 | CRF: 0.0047 | CRF_W: 0.0350
2026-01-15 05:23:22,845 - INFO - [Step 48800] Loss: 0.0101 | CLS: 0.0100 | CRF: 0.0034 | CRF_W: 0.0350
2026-01-15 05:24:32,357 - INFO - [Step 48900] Loss: 0.0008 | CLS: 0.0007 | CRF: 0.0013 | CRF_W: 0.0350
2026-01-15 05:25:41,451 - INFO - [Step 49000] Loss: 0.0080 | CLS: 0.0080 | CRF: 0.0006 | CRF_W: 0.0350
2026-01-15 05:26:50,277 - INFO - [Step 49100] Loss: 0.0255 | CLS: 0.0253 | CRF: 0.0050 | CRF_W: 0.0350
2026-01-15 05:27:59,036 - INFO - [Step 49200] Loss: 0.0002 | CLS: 0.0002 | CRF: 0.0010 | CRF_W: 0.0350
2026-01-15 05:29:07,962 - INFO - [Step 49300] Loss: 0.0013 | CLS: 0.0012 | CRF: 0.0002 | CRF_W: 0.0350
2026-01-15 05:30:16,679 - INFO - [Step 49400] Loss: 0.0003 | CLS: 0.0003 | CRF: 0.0001 | CRF_W: 0.0350
2026-01-15 05:31:26,382 - INFO - [Step 49500] Loss: 0.0006 | CLS: 0.0006 | CRF: 0.0008 | CRF_W: 0.0350
2026-01-15 05:32:35,239 - INFO - [Step 49600] Loss: 0.0151 | CLS: 0.0149 | CRF: 0.0045 | CRF_W: 0.0350
2026-01-15 05:33:43,961 - INFO - [Step 49700] Loss: 0.0010 | CLS: 0.0010 | CRF: 0.0003 | CRF_W: 0.0350
2026-01-15 05:34:53,012 - INFO - [Step 49800] Loss: 0.0126 | CLS: 0.0119 | CRF: 0.0203 | CRF_W: 0.0350
2026-01-15 05:36:01,731 - INFO - [Step 49900] Loss: 0.0005 | CLS: 0.0005 | CRF: 0.0000 | CRF_W: 0.0350
2026-01-15 05:37:10,458 - INFO - [Step 50000] Loss: 0.0050 | CLS: 0.0049 | CRF: 0.0009 | CRF_W: 0.0350
2026-01-15 05:38:18,952 - INFO - [Step 50100] Loss: 0.0024 | CLS: 0.0024 | CRF: 0.0003 | CRF_W: 0.0350
2026-01-15 05:39:27,576 - INFO - [Step 50200] Loss: 0.0208 | CLS: 0.0205 | CRF: 0.0071 | CRF_W: 0.0350
2026-01-15 05:40:35,949 - INFO - [Step 50300] Loss: 0.0005 | CLS: 0.0005 | CRF: 0.0001 | CRF_W: 0.0350
2026-01-15 05:41:44,479 - INFO - [Step 50400] Loss: 0.0076 | CLS: 0.0076 | CRF: 0.0005 | CRF_W: 0.0350
2026-01-15 05:42:52,886 - INFO - [Step 50500] Loss: 0.0081 | CLS: 0.0080 | CRF: 0.0003 | CRF_W: 0.0350
2026-01-15 05:44:01,543 - INFO - [Step 50600] Loss: 0.0086 | CLS: 0.0084 | CRF: 0.0065 | CRF_W: 0.0350
2026-01-15 05:45:10,350 - INFO - [Step 50700] Loss: 0.0051 | CLS: 0.0049 | CRF: 0.0047 | CRF_W: 0.0350
2026-01-15 05:46:19,402 - INFO - [Step 50800] Loss: 0.0002 | CLS: 0.0002 | CRF: 0.0002 | CRF_W: 0.0350
2026-01-15 05:47:28,186 - INFO - [Step 50900] Loss: 0.0030 | CLS: 0.0030 | CRF: 0.0006 | CRF_W: 0.0350
2026-01-15 05:48:36,805 - INFO - [Step 51000] Loss: 0.0013 | CLS: 0.0012 | CRF: 0.0008 | CRF_W: 0.0350
2026-01-15 05:49:45,806 - INFO - [Step 51100] Loss: 0.0010 | CLS: 0.0010 | CRF: 0.0012 | CRF_W: 0.0350
2026-01-15 05:50:54,308 - INFO - [Step 51200] Loss: 0.0082 | CLS: 0.0082 | CRF: 0.0025 | CRF_W: 0.0350
2026-01-15 05:52:03,088 - INFO - [Step 51300] Loss: 0.0484 | CLS: 0.0479 | CRF: 0.0119 | CRF_W: 0.0350
2026-01-15 05:53:12,038 - INFO - [Step 51400] Loss: 0.0212 | CLS: 0.0210 | CRF: 0.0054 | CRF_W: 0.0350
2026-01-15 05:54:20,555 - INFO - [Step 51500] Loss: 0.0008 | CLS: 0.0008 | CRF: 0.0002 | CRF_W: 0.0350
2026-01-15 05:55:29,293 - INFO - [Step 51600] Loss: 0.0070 | CLS: 0.0070 | CRF: 0.0015 | CRF_W: 0.0350
2026-01-15 05:56:38,042 - INFO - [Step 51700] Loss: 0.0005 | CLS: 0.0005 | CRF: 0.0001 | CRF_W: 0.0350
2026-01-15 05:57:46,727 - INFO - [Step 51800] Loss: 0.0001 | CLS: 0.0001 | CRF: 0.0010 | CRF_W: 0.0350
2026-01-15 05:58:55,453 - INFO - [Step 51900] Loss: 0.0118 | CLS: 0.0117 | CRF: 0.0032 | CRF_W: 0.0350
2026-01-15 06:00:04,292 - INFO - [Step 52000] Loss: 0.0044 | CLS: 0.0043 | CRF: 0.0015 | CRF_W: 0.0350
2026-01-15 06:01:13,335 - INFO - [Step 52100] Loss: 0.0057 | CLS: 0.0055 | CRF: 0.0041 | CRF_W: 0.0350
2026-01-15 06:02:22,069 - INFO - [Step 52200] Loss: 0.0036 | CLS: 0.0036 | CRF: 0.0019 | CRF_W: 0.0350
2026-01-15 06:03:30,636 - INFO - [Step 52300] Loss: 0.0008 | CLS: 0.0008 | CRF: 0.0002 | CRF_W: 0.0350
2026-01-15 06:04:39,772 - INFO - [Step 52400] Loss: 0.0203 | CLS: 0.0202 | CRF: 0.0035 | CRF_W: 0.0350
2026-01-15 06:05:48,238 - INFO - [Step 52500] Loss: 0.0050 | CLS: 0.0050 | CRF: 0.0004 | CRF_W: 0.0350
2026-01-15 06:06:56,435 - INFO - [Step 52600] Loss: 0.0001 | CLS: 0.0001 | CRF: 0.0023 | CRF_W: 0.0350
2026-01-15 06:08:04,822 - INFO - [Step 52700] Loss: 0.0046 | CLS: 0.0045 | CRF: 0.0009 | CRF_W: 0.0350
2026-01-15 06:09:13,301 - INFO - [Step 52800] Loss: 0.0107 | CLS: 0.0106 | CRF: 0.0009 | CRF_W: 0.0350
2026-01-15 06:10:21,386 - INFO - [Step 52900] Loss: 0.0067 | CLS: 0.0067 | CRF: 0.0006 | CRF_W: 0.0350
2026-01-15 06:11:29,771 - INFO - [Step 53000] Loss: 0.0029 | CLS: 0.0029 | CRF: 0.0011 | CRF_W: 0.0350
2026-01-15 06:12:37,911 - INFO - [Step 53100] Loss: 0.0166 | CLS: 0.0165 | CRF: 0.0021 | CRF_W: 0.0350
2026-01-15 06:13:45,986 - INFO - [Step 53200] Loss: 0.0001 | CLS: 0.0001 | CRF: 0.0001 | CRF_W: 0.0350
2026-01-15 06:14:54,130 - INFO - [Step 53300] Loss: 0.0174 | CLS: 0.0172 | CRF: 0.0059 | CRF_W: 0.0350
2026-01-15 06:16:02,770 - INFO - [Step 53400] Loss: 0.0044 | CLS: 0.0044 | CRF: 0.0006 | CRF_W: 0.0350
2026-01-15 06:17:11,033 - INFO - [Step 53500] Loss: 0.0031 | CLS: 0.0030 | CRF: 0.0042 | CRF_W: 0.0350
2026-01-15 06:18:19,395 - INFO - [Step 53600] Loss: 0.0019 | CLS: 0.0019 | CRF: 0.0003 | CRF_W: 0.0350
2026-01-15 06:19:28,006 - INFO - [Step 53700] Loss: 0.0100 | CLS: 0.0099 | CRF: 0.0028 | CRF_W: 0.0350
2026-01-15 06:20:36,496 - INFO - [Step 53800] Loss: 0.0209 | CLS: 0.0209 | CRF: 0.0015 | CRF_W: 0.0350
2026-01-15 06:21:45,143 - INFO - [Step 53900] Loss: 0.0009 | CLS: 0.0009 | CRF: 0.0001 | CRF_W: 0.0350
2026-01-15 06:22:53,418 - INFO - [Step 54000] Loss: 0.0024 | CLS: 0.0024 | CRF: 0.0003 | CRF_W: 0.0350
2026-01-15 06:24:01,395 - INFO - [Step 54100] Loss: 0.0103 | CLS: 0.0102 | CRF: 0.0016 | CRF_W: 0.0350
2026-01-15 06:25:09,577 - INFO - [Step 54200] Loss: 0.0020 | CLS: 0.0016 | CRF: 0.0103 | CRF_W: 0.0350
2026-01-15 06:26:18,204 - INFO - [Step 54300] Loss: 0.0008 | CLS: 0.0008 | CRF: 0.0004 | CRF_W: 0.0350
2026-01-15 06:27:27,087 - INFO - [Step 54400] Loss: 0.0213 | CLS: 0.0211 | CRF: 0.0042 | CRF_W: 0.0350
2026-01-15 06:28:35,606 - INFO - [Step 54500] Loss: 0.0040 | CLS: 0.0040 | CRF: 0.0001 | CRF_W: 0.0350
2026-01-15 06:29:44,029 - INFO - [Step 54600] Loss: 0.0125 | CLS: 0.0121 | CRF: 0.0103 | CRF_W: 0.0350
2026-01-15 06:30:52,071 - INFO - [Step 54700] Loss: 0.0001 | CLS: 0.0001 | CRF: 0.0001 | CRF_W: 0.0350
2026-01-15 06:32:00,506 - INFO - [Step 54800] Loss: 0.0212 | CLS: 0.0212 | CRF: 0.0014 | CRF_W: 0.0350
2026-01-15 06:33:09,227 - INFO - [Step 54900] Loss: 0.0035 | CLS: 0.0030 | CRF: 0.0150 | CRF_W: 0.0350
2026-01-15 06:34:18,223 - INFO - [Step 55000] Loss: 0.0034 | CLS: 0.0034 | CRF: 0.0008 | CRF_W: 0.0350
2026-01-15 06:35:27,059 - INFO - [Step 55100] Loss: 0.0002 | CLS: 0.0002 | CRF: 0.0004 | CRF_W: 0.0350
2026-01-15 06:44:44,404 - INFO - Epoch 7 | Val F1: 0.9521 | mIoU: 0.9517
2026-01-15 06:44:44,416 - INFO -  正在写入模型
2026-01-15 06:44:47,374 - INFO -   💾 Saved epoch checkpoint to checkpoint_epoch_7.pt
2026-01-15 06:45:41,967 - INFO - Epoch 8 | CRF Loss Weight: 0.0400
2026-01-15 06:46:41,413 - INFO - [Step 55200] Loss: 0.0145 | CLS: 0.0142 | CRF: 0.0073 | CRF_W: 0.0400
2026-01-15 06:47:49,612 - INFO - [Step 55300] Loss: 0.0008 | CLS: 0.0008 | CRF: 0.0000 | CRF_W: 0.0400
2026-01-15 06:48:57,987 - INFO - [Step 55400] Loss: 0.0095 | CLS: 0.0094 | CRF: 0.0040 | CRF_W: 0.0400
2026-01-15 06:50:06,850 - INFO - [Step 55500] Loss: 0.0146 | CLS: 0.0146 | CRF: 0.0013 | CRF_W: 0.0400
2026-01-15 06:51:14,866 - INFO - [Step 55600] Loss: 0.0135 | CLS: 0.0135 | CRF: 0.0011 | CRF_W: 0.0400
2026-01-15 06:52:23,200 - INFO - [Step 55700] Loss: 0.0964 | CLS: 0.0959 | CRF: 0.0121 | CRF_W: 0.0400
2026-01-15 06:53:31,461 - INFO - [Step 55800] Loss: 0.0004 | CLS: 0.0004 | CRF: 0.0001 | CRF_W: 0.0400
2026-01-15 06:54:39,416 - INFO - [Step 55900] Loss: 0.0003 | CLS: 0.0003 | CRF: 0.0001 | CRF_W: 0.0400
2026-01-15 06:55:47,400 - INFO - [Step 56000] Loss: 0.0423 | CLS: 0.0420 | CRF: 0.0087 | CRF_W: 0.0400
2026-01-15 06:56:55,220 - INFO - [Step 56100] Loss: 0.0005 | CLS: 0.0004 | CRF: 0.0005 | CRF_W: 0.0400
2026-01-15 06:58:02,941 - INFO - [Step 56200] Loss: 0.0050 | CLS: 0.0049 | CRF: 0.0017 | CRF_W: 0.0400
2026-01-15 06:59:10,786 - INFO - [Step 56300] Loss: 0.0026 | CLS: 0.0026 | CRF: 0.0004 | CRF_W: 0.0400
2026-01-15 07:00:18,441 - INFO - [Step 56400] Loss: 0.0108 | CLS: 0.0107 | CRF: 0.0029 | CRF_W: 0.0400
2026-01-15 07:01:26,289 - INFO - [Step 56500] Loss: 0.0002 | CLS: 0.0002 | CRF: 0.0002 | CRF_W: 0.0400
2026-01-15 07:02:33,751 - INFO - [Step 56600] Loss: 0.0002 | CLS: 0.0002 | CRF: 0.0005 | CRF_W: 0.0400
2026-01-15 07:03:41,206 - INFO - [Step 56700] Loss: 0.0003 | CLS: 0.0003 | CRF: 0.0001 | CRF_W: 0.0400
2026-01-15 07:04:49,224 - INFO - [Step 56800] Loss: 0.0002 | CLS: 0.0002 | CRF: 0.0001 | CRF_W: 0.0400
2026-01-15 07:05:56,956 - INFO - [Step 56900] Loss: 0.0214 | CLS: 0.0213 | CRF: 0.0027 | CRF_W: 0.0400
2026-01-15 07:07:04,861 - INFO - [Step 57000] Loss: 0.0054 | CLS: 0.0053 | CRF: 0.0018 | CRF_W: 0.0400
2026-01-15 07:08:12,861 - INFO - [Step 57100] Loss: 0.0003 | CLS: 0.0003 | CRF: 0.0003 | CRF_W: 0.0400
2026-01-15 07:09:20,878 - INFO - [Step 57200] Loss: 0.0051 | CLS: 0.0050 | CRF: 0.0007 | CRF_W: 0.0400
2026-01-15 07:10:29,331 - INFO - [Step 57300] Loss: 0.0015 | CLS: 0.0015 | CRF: 0.0003 | CRF_W: 0.0400
2026-01-15 07:11:37,683 - INFO - [Step 57400] Loss: 0.0005 | CLS: 0.0005 | CRF: 0.0001 | CRF_W: 0.0400
2026-01-15 07:12:45,922 - INFO - [Step 57500] Loss: 0.0000 | CLS: 0.0000 | CRF: 0.0000 | CRF_W: 0.0400
2026-01-15 07:13:54,359 - INFO - [Step 57600] Loss: 0.0131 | CLS: 0.0129 | CRF: 0.0028 | CRF_W: 0.0400
2026-01-15 07:15:02,533 - INFO - [Step 57700] Loss: 0.0031 | CLS: 0.0031 | CRF: 0.0009 | CRF_W: 0.0400
2026-01-15 07:16:10,976 - INFO - [Step 57800] Loss: 0.0068 | CLS: 0.0068 | CRF: 0.0006 | CRF_W: 0.0400
2026-01-15 07:17:19,099 - INFO - [Step 57900] Loss: 0.0005 | CLS: 0.0005 | CRF: 0.0002 | CRF_W: 0.0400
2026-01-15 07:18:27,082 - INFO - [Step 58000] Loss: 0.0302 | CLS: 0.0299 | CRF: 0.0076 | CRF_W: 0.0400
2026-01-15 07:19:35,324 - INFO - [Step 58100] Loss: 0.0007 | CLS: 0.0007 | CRF: 0.0003 | CRF_W: 0.0400
2026-01-15 07:20:43,354 - INFO - [Step 58200] Loss: 0.0005 | CLS: 0.0005 | CRF: 0.0001 | CRF_W: 0.0400
2026-01-15 07:21:51,232 - INFO - [Step 58300] Loss: 0.0007 | CLS: 0.0007 | CRF: 0.0005 | CRF_W: 0.0400
2026-01-15 07:22:59,115 - INFO - [Step 58400] Loss: 0.0019 | CLS: 0.0018 | CRF: 0.0002 | CRF_W: 0.0400
2026-01-15 07:24:06,969 - INFO - [Step 58500] Loss: 0.0004 | CLS: 0.0004 | CRF: 0.0001 | CRF_W: 0.0400
2026-01-15 07:25:14,862 - INFO - [Step 58600] Loss: 0.0023 | CLS: 0.0019 | CRF: 0.0107 | CRF_W: 0.0400
2026-01-15 07:26:22,649 - INFO - [Step 58700] Loss: 0.0007 | CLS: 0.0007 | CRF: 0.0002 | CRF_W: 0.0400
2026-01-15 07:27:30,386 - INFO - [Step 58800] Loss: 0.0048 | CLS: 0.0047 | CRF: 0.0011 | CRF_W: 0.0400
2026-01-15 07:28:38,056 - INFO - [Step 58900] Loss: 0.0314 | CLS: 0.0311 | CRF: 0.0073 | CRF_W: 0.0400
2026-01-15 07:29:45,628 - INFO - [Step 59000] Loss: 0.0115 | CLS: 0.0115 | CRF: 0.0005 | CRF_W: 0.0400
2026-01-15 07:30:53,213 - INFO - [Step 59100] Loss: 0.0043 | CLS: 0.0043 | CRF: 0.0015 | CRF_W: 0.0400
2026-01-15 07:32:01,175 - INFO - [Step 59200] Loss: 0.0021 | CLS: 0.0019 | CRF: 0.0068 | CRF_W: 0.0400
2026-01-15 07:33:08,770 - INFO - [Step 59300] Loss: 0.0077 | CLS: 0.0076 | CRF: 0.0019 | CRF_W: 0.0400
2026-01-15 07:34:16,349 - INFO - [Step 59400] Loss: 0.0006 | CLS: 0.0006 | CRF: 0.0001 | CRF_W: 0.0400
2026-01-15 07:35:23,879 - INFO - [Step 59500] Loss: 0.0038 | CLS: 0.0038 | CRF: 0.0003 | CRF_W: 0.0400
2026-01-15 07:36:31,507 - INFO - [Step 59600] Loss: 0.0010 | CLS: 0.0010 | CRF: 0.0003 | CRF_W: 0.0400
2026-01-15 07:37:39,235 - INFO - [Step 59700] Loss: 0.0036 | CLS: 0.0036 | CRF: 0.0006 | CRF_W: 0.0400
2026-01-15 07:38:47,170 - INFO - [Step 59800] Loss: 0.0010 | CLS: 0.0010 | CRF: 0.0001 | CRF_W: 0.0400
2026-01-15 07:39:54,830 - INFO - [Step 59900] Loss: 0.0215 | CLS: 0.0214 | CRF: 0.0031 | CRF_W: 0.0400
2026-01-15 07:41:02,501 - INFO - [Step 60000] Loss: 0.0012 | CLS: 0.0012 | CRF: 0.0001 | CRF_W: 0.0400
2026-01-15 07:42:10,246 - INFO - [Step 60100] Loss: 0.0005 | CLS: 0.0005 | CRF: 0.0001 | CRF_W: 0.0400
2026-01-15 07:43:18,160 - INFO - [Step 60200] Loss: 0.0006 | CLS: 0.0006 | CRF: 0.0001 | CRF_W: 0.0400
2026-01-15 07:44:26,222 - INFO - [Step 60300] Loss: 0.0108 | CLS: 0.0108 | CRF: 0.0010 | CRF_W: 0.0400
2026-01-15 07:45:34,484 - INFO - [Step 60400] Loss: 0.0025 | CLS: 0.0025 | CRF: 0.0011 | CRF_W: 0.0400
2026-01-15 07:46:42,570 - INFO - [Step 60500] Loss: 0.0080 | CLS: 0.0080 | CRF: 0.0015 | CRF_W: 0.0400
2026-01-15 07:47:50,737 - INFO - [Step 60600] Loss: 0.0005 | CLS: 0.0005 | CRF: 0.0004 | CRF_W: 0.0400
2026-01-15 07:48:58,810 - INFO - [Step 60700] Loss: 0.0035 | CLS: 0.0034 | CRF: 0.0023 | CRF_W: 0.0400
2026-01-15 07:50:07,313 - INFO - [Step 60800] Loss: 0.0002 | CLS: 0.0002 | CRF: 0.0001 | CRF_W: 0.0400
2026-01-15 07:51:16,159 - INFO - [Step 60900] Loss: 0.0017 | CLS: 0.0017 | CRF: 0.0002 | CRF_W: 0.0400
2026-01-15 07:52:24,554 - INFO - [Step 61000] Loss: 0.0006 | CLS: 0.0003 | CRF: 0.0094 | CRF_W: 0.0400
2026-01-15 07:53:32,769 - INFO - [Step 61100] Loss: 0.0002 | CLS: 0.0002 | CRF: 0.0001 | CRF_W: 0.0400
2026-01-15 07:54:40,838 - INFO - [Step 61200] Loss: 0.0046 | CLS: 0.0046 | CRF: 0.0011 | CRF_W: 0.0400
2026-01-15 07:55:48,822 - INFO - [Step 61300] Loss: 0.0042 | CLS: 0.0040 | CRF: 0.0039 | CRF_W: 0.0400
2026-01-15 07:56:56,841 - INFO - [Step 61400] Loss: 0.0029 | CLS: 0.0027 | CRF: 0.0058 | CRF_W: 0.0400
2026-01-15 07:58:04,818 - INFO - [Step 61500] Loss: 0.0003 | CLS: 0.0001 | CRF: 0.0035 | CRF_W: 0.0400
2026-01-15 07:59:12,662 - INFO - [Step 61600] Loss: 0.0096 | CLS: 0.0095 | CRF: 0.0029 | CRF_W: 0.0400
2026-01-15 08:00:20,392 - INFO - [Step 61700] Loss: 0.0003 | CLS: 0.0003 | CRF: 0.0002 | CRF_W: 0.0400
2026-01-15 08:01:28,095 - INFO - [Step 61800] Loss: 0.0006 | CLS: 0.0006 | CRF: 0.0001 | CRF_W: 0.0400
2026-01-15 08:02:35,993 - INFO - [Step 61900] Loss: 0.0028 | CLS: 0.0028 | CRF: 0.0004 | CRF_W: 0.0400
2026-01-15 08:03:43,994 - INFO - [Step 62000] Loss: 0.1722 | CLS: 0.1710 | CRF: 0.0277 | CRF_W: 0.0400
2026-01-15 08:04:51,903 - INFO - [Step 62100] Loss: 0.0061 | CLS: 0.0061 | CRF: 0.0002 | CRF_W: 0.0400
2026-01-15 08:05:59,842 - INFO - [Step 62200] Loss: 0.0003 | CLS: 0.0002 | CRF: 0.0002 | CRF_W: 0.0400
2026-01-15 08:07:08,085 - INFO - [Step 62300] Loss: 0.0028 | CLS: 0.0028 | CRF: 0.0006 | CRF_W: 0.0400
2026-01-15 08:08:16,387 - INFO - [Step 62400] Loss: 0.0005 | CLS: 0.0005 | CRF: 0.0000 | CRF_W: 0.0400
2026-01-15 08:09:24,662 - INFO - [Step 62500] Loss: 0.0042 | CLS: 0.0041 | CRF: 0.0007 | CRF_W: 0.0400
2026-01-15 08:10:32,706 - INFO - [Step 62600] Loss: 0.0010 | CLS: 0.0010 | CRF: 0.0003 | CRF_W: 0.0400
2026-01-15 08:11:41,263 - INFO - [Step 62700] Loss: 0.0314 | CLS: 0.0310 | CRF: 0.0108 | CRF_W: 0.0400
2026-01-15 08:12:49,122 - INFO - [Step 62800] Loss: 0.0057 | CLS: 0.0057 | CRF: 0.0006 | CRF_W: 0.0400
2026-01-15 08:13:56,848 - INFO - [Step 62900] Loss: 0.0025 | CLS: 0.0025 | CRF: 0.0001 | CRF_W: 0.0400
2026-01-15 08:23:55,985 - INFO - Epoch 8 | Val F1: 0.9604 | mIoU: 0.9571
2026-01-15 08:23:55,997 - INFO -  正在写入模型
2026-01-15 08:23:59,121 - INFO -   💾 Saved epoch checkpoint to checkpoint_epoch_8.pt
2026-01-15 08:24:20,276 - INFO -   ✅ New Best F1! Saved best_model.pt
2026-01-15 08:24:31,061 - INFO - Epoch 9 | CRF Loss Weight: 0.0450
2026-01-15 08:24:41,955 - INFO - [Step 63000] Loss: 0.0006 | CLS: 0.0004 | CRF: 0.0052 | CRF_W: 0.0450
2026-01-15 08:25:49,460 - INFO - [Step 63100] Loss: 0.0024 | CLS: 0.0024 | CRF: 0.0001 | CRF_W: 0.0450
2026-01-15 08:26:57,230 - INFO - [Step 63200] Loss: 0.0066 | CLS: 0.0066 | CRF: 0.0014 | CRF_W: 0.0450
2026-01-15 08:28:05,179 - INFO - [Step 63300] Loss: 0.0031 | CLS: 0.0031 | CRF: 0.0005 | CRF_W: 0.0450
2026-01-15 08:29:12,543 - INFO - [Step 63400] Loss: 0.0007 | CLS: 0.0007 | CRF: 0.0000 | CRF_W: 0.0450
2026-01-15 08:30:20,030 - INFO - [Step 63500] Loss: 0.0077 | CLS: 0.0076 | CRF: 0.0038 | CRF_W: 0.0450
2026-01-15 08:31:27,539 - INFO - [Step 63600] Loss: 0.0003 | CLS: 0.0003 | CRF: 0.0001 | CRF_W: 0.0450
2026-01-15 08:32:35,001 - INFO - [Step 63700] Loss: 0.0000 | CLS: 0.0000 | CRF: 0.0000 | CRF_W: 0.0450
2026-01-15 08:33:42,308 - INFO - [Step 63800] Loss: 0.0029 | CLS: 0.0028 | CRF: 0.0010 | CRF_W: 0.0450
2026-01-15 08:34:49,735 - INFO - [Step 63900] Loss: 0.0001 | CLS: 0.0001 | CRF: 0.0001 | CRF_W: 0.0450
2026-01-15 08:35:57,265 - INFO - [Step 64000] Loss: 0.0001 | CLS: 0.0001 | CRF: 0.0000 | CRF_W: 0.0450
2026-01-15 08:37:04,403 - INFO - [Step 64100] Loss: 0.0000 | CLS: 0.0000 | CRF: 0.0000 | CRF_W: 0.0450
2026-01-15 08:38:11,797 - INFO - [Step 64200] Loss: 0.0228 | CLS: 0.0226 | CRF: 0.0037 | CRF_W: 0.0450
2026-01-15 08:39:19,477 - INFO - [Step 64300] Loss: 0.0025 | CLS: 0.0025 | CRF: 0.0003 | CRF_W: 0.0450
2026-01-15 08:40:27,137 - INFO - [Step 64400] Loss: 0.0022 | CLS: 0.0022 | CRF: 0.0003 | CRF_W: 0.0450
2026-01-15 08:41:34,752 - INFO - [Step 64500] Loss: 0.0052 | CLS: 0.0052 | CRF: 0.0005 | CRF_W: 0.0450
2026-01-15 08:42:42,539 - INFO - [Step 64600] Loss: 0.0014 | CLS: 0.0014 | CRF: 0.0001 | CRF_W: 0.0450
2026-01-15 08:43:50,595 - INFO - [Step 64700] Loss: 0.0062 | CLS: 0.0062 | CRF: 0.0006 | CRF_W: 0.0450
2026-01-15 08:44:58,662 - INFO - [Step 64800] Loss: 0.0000 | CLS: 0.0000 | CRF: 0.0000 | CRF_W: 0.0450
2026-01-15 08:46:07,021 - INFO - [Step 64900] Loss: 0.0002 | CLS: 0.0001 | CRF: 0.0001 | CRF_W: 0.0450
2026-01-15 08:47:14,689 - INFO - [Step 65000] Loss: 0.0001 | CLS: 0.0001 | CRF: 0.0000 | CRF_W: 0.0450
2026-01-15 08:48:22,450 - INFO - [Step 65100] Loss: 0.0106 | CLS: 0.0103 | CRF: 0.0055 | CRF_W: 0.0450
2026-01-15 08:49:30,600 - INFO - [Step 65200] Loss: 0.0004 | CLS: 0.0004 | CRF: 0.0000 | CRF_W: 0.0450
2026-01-15 08:50:38,328 - INFO - [Step 65300] Loss: 0.0046 | CLS: 0.0045 | CRF: 0.0008 | CRF_W: 0.0450
2026-01-15 08:51:45,987 - INFO - [Step 65400] Loss: 0.0179 | CLS: 0.0177 | CRF: 0.0036 | CRF_W: 0.0450
2026-01-15 08:52:53,619 - INFO - [Step 65500] Loss: 0.0028 | CLS: 0.0025 | CRF: 0.0073 | CRF_W: 0.0450
2026-01-15 08:54:01,414 - INFO - [Step 65600] Loss: 0.0118 | CLS: 0.0116 | CRF: 0.0036 | CRF_W: 0.0450
2026-01-15 08:55:09,061 - INFO - [Step 65700] Loss: 0.0003 | CLS: 0.0003 | CRF: 0.0001 | CRF_W: 0.0450
2026-01-15 08:56:16,917 - INFO - [Step 65800] Loss: 0.0018 | CLS: 0.0017 | CRF: 0.0004 | CRF_W: 0.0450
2026-01-15 08:57:25,560 - INFO - [Step 65900] Loss: 0.0001 | CLS: 0.0001 | CRF: 0.0000 | CRF_W: 0.0450
2026-01-15 08:58:34,977 - INFO - [Step 66000] Loss: 0.0070 | CLS: 0.0069 | CRF: 0.0034 | CRF_W: 0.0450
2026-01-15 08:59:44,267 - INFO - [Step 66100] Loss: 0.0051 | CLS: 0.0050 | CRF: 0.0021 | CRF_W: 0.0450
2026-01-15 09:00:53,494 - INFO - [Step 66200] Loss: 0.0008 | CLS: 0.0008 | CRF: 0.0000 | CRF_W: 0.0450
2026-01-15 09:02:03,203 - INFO - [Step 66300] Loss: 0.0008 | CLS: 0.0007 | CRF: 0.0009 | CRF_W: 0.0450
2026-01-15 09:03:12,411 - INFO - [Step 66400] Loss: 0.0026 | CLS: 0.0025 | CRF: 0.0015 | CRF_W: 0.0450
2026-01-15 09:04:21,939 - INFO - [Step 66500] Loss: 0.0255 | CLS: 0.0251 | CRF: 0.0075 | CRF_W: 0.0450
2026-01-15 09:05:31,288 - INFO - [Step 66600] Loss: 0.0004 | CLS: 0.0004 | CRF: 0.0001 | CRF_W: 0.0450
2026-01-15 09:06:40,522 - INFO - [Step 66700] Loss: 0.0002 | CLS: 0.0002 | CRF: 0.0004 | CRF_W: 0.0450
2026-01-15 09:07:49,917 - INFO - [Step 66800] Loss: 0.0002 | CLS: 0.0002 | CRF: 0.0000 | CRF_W: 0.0450
2026-01-15 09:08:58,922 - INFO - [Step 66900] Loss: 0.0002 | CLS: 0.0002 | CRF: 0.0004 | CRF_W: 0.0450
2026-01-15 09:10:07,889 - INFO - [Step 67000] Loss: 0.0428 | CLS: 0.0424 | CRF: 0.0088 | CRF_W: 0.0450
2026-01-15 09:11:16,684 - INFO - [Step 67100] Loss: 0.0004 | CLS: 0.0004 | CRF: 0.0000 | CRF_W: 0.0450
2026-01-15 09:12:25,608 - INFO - [Step 67200] Loss: 0.0001 | CLS: 0.0000 | CRF: 0.0011 | CRF_W: 0.0450
2026-01-15 09:13:33,735 - INFO - [Step 67300] Loss: 0.0112 | CLS: 0.0110 | CRF: 0.0037 | CRF_W: 0.0450
2026-01-15 09:14:42,213 - INFO - [Step 67400] Loss: 0.0004 | CLS: 0.0003 | CRF: 0.0002 | CRF_W: 0.0450
2026-01-15 09:15:50,441 - INFO - [Step 67500] Loss: 0.0135 | CLS: 0.0133 | CRF: 0.0039 | CRF_W: 0.0450
2026-01-15 09:16:58,749 - INFO - [Step 67600] Loss: 0.0172 | CLS: 0.0171 | CRF: 0.0006 | CRF_W: 0.0450
2026-01-15 09:18:07,134 - INFO - [Step 67700] Loss: 0.0001 | CLS: 0.0000 | CRF: 0.0001 | CRF_W: 0.0450
2026-01-15 09:19:16,843 - INFO - [Step 67800] Loss: 0.0016 | CLS: 0.0015 | CRF: 0.0023 | CRF_W: 0.0450
2026-01-15 09:20:25,306 - INFO - [Step 67900] Loss: 0.0002 | CLS: 0.0001 | CRF: 0.0001 | CRF_W: 0.0450
2026-01-15 09:21:33,516 - INFO - [Step 68000] Loss: 0.0052 | CLS: 0.0051 | CRF: 0.0005 | CRF_W: 0.0450
2026-01-15 09:22:41,755 - INFO - [Step 68100] Loss: 0.0005 | CLS: 0.0004 | CRF: 0.0000 | CRF_W: 0.0450
2026-01-15 09:23:49,322 - INFO - [Step 68200] Loss: 0.0013 | CLS: 0.0013 | CRF: 0.0002 | CRF_W: 0.0450
2026-01-15 09:24:57,413 - INFO - [Step 68300] Loss: 0.0003 | CLS: 0.0003 | CRF: 0.0001 | CRF_W: 0.0450
2026-01-15 09:26:05,919 - INFO - [Step 68400] Loss: 0.0013 | CLS: 0.0013 | CRF: 0.0002 | CRF_W: 0.0450
2026-01-15 09:27:13,626 - INFO - [Step 68500] Loss: 0.0001 | CLS: 0.0001 | CRF: 0.0000 | CRF_W: 0.0450
2026-01-15 09:28:21,500 - INFO - [Step 68600] Loss: 0.0003 | CLS: 0.0003 | CRF: 0.0001 | CRF_W: 0.0450
2026-01-15 09:29:29,427 - INFO - [Step 68700] Loss: 0.0033 | CLS: 0.0033 | CRF: 0.0006 | CRF_W: 0.0450
2026-01-15 09:30:37,263 - INFO - [Step 68800] Loss: 0.0124 | CLS: 0.0124 | CRF: 0.0005 | CRF_W: 0.0450
2026-01-15 09:31:45,058 - INFO - [Step 68900] Loss: 0.0006 | CLS: 0.0006 | CRF: 0.0000 | CRF_W: 0.0450
2026-01-15 09:32:53,407 - INFO - [Step 69000] Loss: 0.0048 | CLS: 0.0047 | CRF: 0.0023 | CRF_W: 0.0450
2026-01-15 09:34:02,142 - INFO - [Step 69100] Loss: 0.0176 | CLS: 0.0175 | CRF: 0.0031 | CRF_W: 0.0450
2026-01-15 09:35:10,732 - INFO - [Step 69200] Loss: 0.0015 | CLS: 0.0013 | CRF: 0.0038 | CRF_W: 0.0450
2026-01-15 09:36:19,344 - INFO - [Step 69300] Loss: 0.0032 | CLS: 0.0031 | CRF: 0.0009 | CRF_W: 0.0450
2026-01-15 09:37:27,964 - INFO - [Step 69400] Loss: 0.0007 | CLS: 0.0007 | CRF: 0.0000 | CRF_W: 0.0450
2026-01-15 09:38:36,616 - INFO - [Step 69500] Loss: 0.0694 | CLS: 0.0689 | CRF: 0.0114 | CRF_W: 0.0450
2026-01-15 09:39:45,506 - INFO - [Step 69600] Loss: 0.0001 | CLS: 0.0001 | CRF: 0.0001 | CRF_W: 0.0450
2026-01-15 09:40:54,371 - INFO - [Step 69700] Loss: 0.0001 | CLS: 0.0001 | CRF: 0.0000 | CRF_W: 0.0450
2026-01-15 09:42:03,697 - INFO - [Step 69800] Loss: 0.0002 | CLS: 0.0002 | CRF: 0.0000 | CRF_W: 0.0450
2026-01-15 09:43:13,561 - INFO - [Step 69900] Loss: 0.0004 | CLS: 0.0004 | CRF: 0.0000 | CRF_W: 0.0450
2026-01-15 09:44:23,106 - INFO - [Step 70000] Loss: 0.0000 | CLS: 0.0000 | CRF: 0.0000 | CRF_W: 0.0450
2026-01-15 09:45:32,354 - INFO - [Step 70100] Loss: 0.0001 | CLS: 0.0001 | CRF: 0.0001 | CRF_W: 0.0450
2026-01-15 09:46:41,464 - INFO - [Step 70200] Loss: 0.0037 | CLS: 0.0036 | CRF: 0.0003 | CRF_W: 0.0450
2026-01-15 09:47:50,876 - INFO - [Step 70300] Loss: 0.0064 | CLS: 0.0064 | CRF: 0.0011 | CRF_W: 0.0450
2026-01-15 09:49:00,817 - INFO - [Step 70400] Loss: 0.0041 | CLS: 0.0041 | CRF: 0.0005 | CRF_W: 0.0450
2026-01-15 09:50:10,480 - INFO - [Step 70500] Loss: 0.0021 | CLS: 0.0021 | CRF: 0.0006 | CRF_W: 0.0450
2026-01-15 09:51:20,707 - INFO - [Step 70600] Loss: 0.0020 | CLS: 0.0020 | CRF: 0.0001 | CRF_W: 0.0450
2026-01-15 09:52:30,950 - INFO - [Step 70700] Loss: 0.0010 | CLS: 0.0010 | CRF: 0.0001 | CRF_W: 0.0450
2026-01-15 09:53:42,095 - INFO - [Step 70800] Loss: 0.0062 | CLS: 0.0062 | CRF: 0.0003 | CRF_W: 0.0450
2026-01-15 10:03:49,785 - INFO - Epoch 9 | Val F1: 0.9657 | mIoU: 0.9601
2026-01-15 10:03:49,801 - INFO -  正在写入模型
2026-01-15 10:03:52,851 - INFO -   💾 Saved epoch checkpoint to checkpoint_epoch_9.pt
2026-01-15 10:03:59,188 - INFO -   ✅ New Best F1! Saved best_model.pt
2026-01-15 10:04:05,837 - INFO - Epoch 10 | CRF Loss Weight: 0.0500
2026-01-15 10:04:35,440 - INFO - [Step 70900] Loss: 0.0001 | CLS: 0.0001 | CRF: 0.0001 | CRF_W: 0.0500
2026-01-15 10:05:45,275 - INFO - [Step 71000] Loss: 0.0024 | CLS: 0.0023 | CRF: 0.0019 | CRF_W: 0.0500
2026-01-15 10:06:55,163 - INFO - [Step 71100] Loss: 0.0042 | CLS: 0.0042 | CRF: 0.0006 | CRF_W: 0.0500
2026-01-15 10:08:05,157 - INFO - [Step 71200] Loss: 0.0039 | CLS: 0.0036 | CRF: 0.0064 | CRF_W: 0.0500
2026-01-15 10:09:15,002 - INFO - [Step 71300] Loss: 0.0013 | CLS: 0.0002 | CRF: 0.0208 | CRF_W: 0.0500
2026-01-15 10:10:24,844 - INFO - [Step 71400] Loss: 0.0012 | CLS: 0.0009 | CRF: 0.0060 | CRF_W: 0.0500
2026-01-15 10:11:34,357 - INFO - [Step 71500] Loss: 0.0000 | CLS: 0.0000 | CRF: 0.0001 | CRF_W: 0.0500
2026-01-15 10:12:44,654 - INFO - [Step 71600] Loss: 0.0381 | CLS: 0.0377 | CRF: 0.0086 | CRF_W: 0.0500
2026-01-15 10:13:54,124 - INFO - [Step 71700] Loss: 0.0001 | CLS: 0.0001 | CRF: 0.0001 | CRF_W: 0.0500
2026-01-15 10:15:04,104 - INFO - [Step 71800] Loss: 0.0001 | CLS: 0.0001 | CRF: 0.0002 | CRF_W: 0.0500
2026-01-15 10:16:13,756 - INFO - [Step 71900] Loss: 0.0005 | CLS: 0.0005 | CRF: 0.0001 | CRF_W: 0.0500
2026-01-15 10:17:23,268 - INFO - [Step 72000] Loss: 0.0007 | CLS: 0.0007 | CRF: 0.0001 | CRF_W: 0.0500
2026-01-15 10:18:32,572 - INFO - [Step 72100] Loss: 0.0071 | CLS: 0.0071 | CRF: 0.0011 | CRF_W: 0.0500
2026-01-15 10:19:41,950 - INFO - [Step 72200] Loss: 0.0001 | CLS: 0.0001 | CRF: 0.0001 | CRF_W: 0.0500
2026-01-15 10:20:51,326 - INFO - [Step 72300] Loss: 0.0029 | CLS: 0.0029 | CRF: 0.0003 | CRF_W: 0.0500
2026-01-15 10:22:00,706 - INFO - [Step 72400] Loss: 0.0003 | CLS: 0.0003 | CRF: 0.0000 | CRF_W: 0.0500
2026-01-15 10:23:10,069 - INFO - [Step 72500] Loss: 0.0009 | CLS: 0.0009 | CRF: 0.0001 | CRF_W: 0.0500
2026-01-15 10:24:19,328 - INFO - [Step 72600] Loss: 0.0001 | CLS: 0.0001 | CRF: 0.0001 | CRF_W: 0.0500
2026-01-15 10:25:28,650 - INFO - [Step 72700] Loss: 0.0001 | CLS: 0.0001 | CRF: 0.0001 | CRF_W: 0.0500
2026-01-15 10:26:37,621 - INFO - [Step 72800] Loss: 0.0019 | CLS: 0.0019 | CRF: 0.0000 | CRF_W: 0.0500
2026-01-15 10:27:46,683 - INFO - [Step 72900] Loss: 0.0315 | CLS: 0.0308 | CRF: 0.0122 | CRF_W: 0.0500
2026-01-15 10:28:56,528 - INFO - [Step 73000] Loss: 0.0032 | CLS: 0.0031 | CRF: 0.0021 | CRF_W: 0.0500
2026-01-15 10:30:06,067 - INFO - [Step 73100] Loss: 0.0002 | CLS: 0.0002 | CRF: 0.0000 | CRF_W: 0.0500
2026-01-15 10:31:15,279 - INFO - [Step 73200] Loss: 0.0001 | CLS: 0.0001 | CRF: 0.0001 | CRF_W: 0.0500
2026-01-15 10:32:24,568 - INFO - [Step 73300] Loss: 0.0002 | CLS: 0.0002 | CRF: 0.0001 | CRF_W: 0.0500
2026-01-15 10:33:33,670 - INFO - [Step 73400] Loss: 0.0122 | CLS: 0.0120 | CRF: 0.0031 | CRF_W: 0.0500
2026-01-15 10:34:43,098 - INFO - [Step 73500] Loss: 0.0001 | CLS: 0.0000 | CRF: 0.0001 | CRF_W: 0.0500
2026-01-15 10:35:52,394 - INFO - [Step 73600] Loss: 0.0001 | CLS: 0.0001 | CRF: 0.0000 | CRF_W: 0.0500
2026-01-15 10:37:01,356 - INFO - [Step 73700] Loss: 0.0223 | CLS: 0.0221 | CRF: 0.0041 | CRF_W: 0.0500
2026-01-15 10:38:10,082 - INFO - [Step 73800] Loss: 0.0108 | CLS: 0.0108 | CRF: 0.0014 | CRF_W: 0.0500
2026-01-15 10:39:18,898 - INFO - [Step 73900] Loss: 0.0058 | CLS: 0.0057 | CRF: 0.0012 | CRF_W: 0.0500
2026-01-15 10:40:28,486 - INFO - [Step 74000] Loss: 0.0014 | CLS: 0.0014 | CRF: 0.0001 | CRF_W: 0.0500
2026-01-15 10:41:37,800 - INFO - [Step 74100] Loss: 0.0000 | CLS: 0.0000 | CRF: 0.0001 | CRF_W: 0.0500
2026-01-15 10:42:47,383 - INFO - [Step 74200] Loss: 0.0139 | CLS: 0.0137 | CRF: 0.0042 | CRF_W: 0.0500
2026-01-15 10:43:56,775 - INFO - [Step 74300] Loss: 0.0001 | CLS: 0.0001 | CRF: 0.0000 | CRF_W: 0.0500
2026-01-15 10:45:06,032 - INFO - [Step 74400] Loss: 0.0001 | CLS: 0.0001 | CRF: 0.0001 | CRF_W: 0.0500
2026-01-15 10:46:14,564 - INFO - [Step 74500] Loss: 0.0163 | CLS: 0.0162 | CRF: 0.0018 | CRF_W: 0.0500
2026-01-15 10:47:22,869 - INFO - [Step 74600] Loss: 0.0070 | CLS: 0.0069 | CRF: 0.0011 | CRF_W: 0.0500
2026-01-15 10:48:31,432 - INFO - [Step 74700] Loss: 0.0166 | CLS: 0.0165 | CRF: 0.0028 | CRF_W: 0.0500
2026-01-15 10:49:40,135 - INFO - [Step 74800] Loss: 0.0015 | CLS: 0.0015 | CRF: 0.0001 | CRF_W: 0.0500
2026-01-15 10:50:49,261 - INFO - [Step 74900] Loss: 0.0038 | CLS: 0.0037 | CRF: 0.0016 | CRF_W: 0.0500
2026-01-15 10:51:57,944 - INFO - [Step 75000] Loss: 0.0002 | CLS: 0.0002 | CRF: 0.0001 | CRF_W: 0.0500
2026-01-15 10:53:06,698 - INFO - [Step 75100] Loss: 0.0000 | CLS: 0.0000 | CRF: 0.0001 | CRF_W: 0.0500
2026-01-15 10:54:15,622 - INFO - [Step 75200] Loss: 0.0005 | CLS: 0.0004 | CRF: 0.0011 | CRF_W: 0.0500
2026-01-15 10:55:24,804 - INFO - [Step 75300] Loss: 0.0063 | CLS: 0.0062 | CRF: 0.0011 | CRF_W: 0.0500
2026-01-15 10:56:34,001 - INFO - [Step 75400] Loss: 0.0259 | CLS: 0.0257 | CRF: 0.0026 | CRF_W: 0.0500
2026-01-15 10:57:43,476 - INFO - [Step 75500] Loss: 0.0081 | CLS: 0.0080 | CRF: 0.0011 | CRF_W: 0.0500
2026-01-15 10:58:53,644 - INFO - [Step 75600] Loss: 0.0072 | CLS: 0.0071 | CRF: 0.0016 | CRF_W: 0.0500
2026-01-15 11:00:03,952 - INFO - [Step 75700] Loss: 0.0005 | CLS: 0.0005 | CRF: 0.0000 | CRF_W: 0.0500
2026-01-15 11:01:13,869 - INFO - [Step 75800] Loss: 0.0007 | CLS: 0.0007 | CRF: 0.0009 | CRF_W: 0.0500
2026-01-15 11:02:23,458 - INFO - [Step 75900] Loss: 0.0025 | CLS: 0.0025 | CRF: 0.0006 | CRF_W: 0.0500
2026-01-15 11:03:33,404 - INFO - [Step 76000] Loss: 0.0003 | CLS: 0.0003 | CRF: 0.0001 | CRF_W: 0.0500
2026-01-15 11:04:43,826 - INFO - [Step 76100] Loss: 0.0001 | CLS: 0.0001 | CRF: 0.0001 | CRF_W: 0.0500
2026-01-15 11:05:53,710 - INFO - [Step 76200] Loss: 0.0034 | CLS: 0.0034 | CRF: 0.0002 | CRF_W: 0.0500
2026-01-15 11:07:03,721 - INFO - [Step 76300] Loss: 0.0000 | CLS: 0.0000 | CRF: 0.0001 | CRF_W: 0.0500
2026-01-15 11:08:13,076 - INFO - [Step 76400] Loss: 0.0011 | CLS: 0.0010 | CRF: 0.0002 | CRF_W: 0.0500
2026-01-15 11:09:22,245 - INFO - [Step 76500] Loss: 0.0075 | CLS: 0.0075 | CRF: 0.0002 | CRF_W: 0.0500
2026-01-15 11:10:31,075 - INFO - [Step 76600] Loss: 0.0002 | CLS: 0.0002 | CRF: 0.0001 | CRF_W: 0.0500
2026-01-15 11:11:41,263 - INFO - [Step 76700] Loss: 0.0014 | CLS: 0.0014 | CRF: 0.0001 | CRF_W: 0.0500
2026-01-15 11:12:49,999 - INFO - [Step 76800] Loss: 0.0001 | CLS: 0.0001 | CRF: 0.0001 | CRF_W: 0.0500
2026-01-15 11:13:58,824 - INFO - [Step 76900] Loss: 0.0050 | CLS: 0.0050 | CRF: 0.0005 | CRF_W: 0.0500
2026-01-15 11:15:07,665 - INFO - [Step 77000] Loss: 0.0144 | CLS: 0.0142 | CRF: 0.0036 | CRF_W: 0.0500
2026-01-15 11:16:16,751 - INFO - [Step 77100] Loss: 0.0004 | CLS: 0.0000 | CRF: 0.0081 | CRF_W: 0.0500
2026-01-15 11:17:25,689 - INFO - [Step 77200] Loss: 0.0001 | CLS: 0.0000 | CRF: 0.0002 | CRF_W: 0.0500
2026-01-15 11:18:34,896 - INFO - [Step 77300] Loss: 0.0092 | CLS: 0.0090 | CRF: 0.0038 | CRF_W: 0.0500
2026-01-15 11:19:45,624 - INFO - [Step 77400] Loss: 0.0001 | CLS: 0.0001 | CRF: 0.0002 | CRF_W: 0.0500
2026-01-15 11:20:55,881 - INFO - [Step 77500] Loss: 0.0024 | CLS: 0.0024 | CRF: 0.0001 | CRF_W: 0.0500
2026-01-15 11:22:05,824 - INFO - [Step 77600] Loss: 0.0018 | CLS: 0.0018 | CRF: 0.0001 | CRF_W: 0.0500
2026-01-15 11:23:15,932 - INFO - [Step 77700] Loss: 0.0001 | CLS: 0.0001 | CRF: 0.0000 | CRF_W: 0.0500
2026-01-15 11:24:26,669 - INFO - [Step 77800] Loss: 0.0010 | CLS: 0.0010 | CRF: 0.0001 | CRF_W: 0.0500
2026-01-15 11:25:37,303 - INFO - [Step 77900] Loss: 0.0002 | CLS: 0.0002 | CRF: 0.0000 | CRF_W: 0.0500
2026-01-15 11:26:47,566 - INFO - [Step 78000] Loss: 0.0003 | CLS: 0.0003 | CRF: 0.0001 | CRF_W: 0.0500
2026-01-15 11:27:57,626 - INFO - [Step 78100] Loss: 0.0063 | CLS: 0.0062 | CRF: 0.0025 | CRF_W: 0.0500
2026-01-15 11:29:08,906 - INFO - [Step 78200] Loss: 0.0003 | CLS: 0.0003 | CRF: 0.0001 | CRF_W: 0.0500
2026-01-15 11:30:21,640 - INFO - [Step 78300] Loss: 0.0018 | CLS: 0.0015 | CRF: 0.0066 | CRF_W: 0.0500
2026-01-15 11:31:33,926 - INFO - [Step 78400] Loss: 0.0015 | CLS: 0.0013 | CRF: 0.0026 | CRF_W: 0.0500
2026-01-15 11:32:44,316 - INFO - [Step 78500] Loss: 0.0007 | CLS: 0.0007 | CRF: 0.0000 | CRF_W: 0.0500
2026-01-15 11:33:54,211 - INFO - [Step 78600] Loss: 0.0016 | CLS: 0.0016 | CRF: 0.0001 | CRF_W: 0.0500
2026-01-15 11:35:04,212 - INFO - [Step 78700] Loss: 0.0001 | CLS: 0.0001 | CRF: 0.0000 | CRF_W: 0.0500
2026-01-15 11:44:45,080 - INFO - Epoch 10 | Val F1: 0.9578 | mIoU: 0.9628
2026-01-15 11:44:45,142 - INFO -  正在写入模型
2026-01-15 11:44:48,503 - INFO -   💾 Saved epoch checkpoint to checkpoint_epoch_10.pt
2026-01-15 11:45:52,400 - INFO - Epoch 11 | CRF Loss Weight: 0.0500
2026-01-15 11:46:40,920 - INFO - [Step 78800] Loss: 0.0001 | CLS: 0.0001 | CRF: 0.0003 | CRF_W: 0.0500
2026-01-15 11:47:51,139 - INFO - [Step 78900] Loss: 0.0003 | CLS: 0.0003 | CRF: 0.0001 | CRF_W: 0.0500
2026-01-15 11:49:01,183 - INFO - [Step 79000] Loss: 0.0001 | CLS: 0.0001 | CRF: 0.0000 | CRF_W: 0.0500
2026-01-15 11:50:10,921 - INFO - [Step 79100] Loss: 0.0012 | CLS: 0.0012 | CRF: 0.0001 | CRF_W: 0.0500
2026-01-15 11:51:20,538 - INFO - [Step 79200] Loss: 0.0001 | CLS: 0.0001 | CRF: 0.0000 | CRF_W: 0.0500
2026-01-15 11:52:30,328 - INFO - [Step 79300] Loss: 0.0001 | CLS: 0.0001 | CRF: 0.0000 | CRF_W: 0.0500
2026-01-15 11:53:39,962 - INFO - [Step 79400] Loss: 0.0001 | CLS: 0.0001 | CRF: 0.0000 | CRF_W: 0.0500
2026-01-15 11:54:49,634 - INFO - [Step 79500] Loss: 0.0000 | CLS: 0.0000 | CRF: 0.0000 | CRF_W: 0.0500
2026-01-15 11:55:59,618 - INFO - [Step 79600] Loss: 0.0001 | CLS: 0.0001 | CRF: 0.0000 | CRF_W: 0.0500
2026-01-15 11:57:10,320 - INFO - [Step 79700] Loss: 0.0042 | CLS: 0.0042 | CRF: 0.0013 | CRF_W: 0.0500
2026-01-15 11:58:21,339 - INFO - [Step 79800] Loss: 0.0000 | CLS: 0.0000 | CRF: 0.0000 | CRF_W: 0.0500
2026-01-15 11:59:32,884 - INFO - [Step 79900] Loss: 0.0009 | CLS: 0.0009 | CRF: 0.0001 | CRF_W: 0.0500
2026-01-15 12:00:44,387 - INFO - [Step 80000] Loss: 0.0001 | CLS: 0.0001 | CRF: 0.0001 | CRF_W: 0.0500
2026-01-15 12:01:56,030 - INFO - [Step 80100] Loss: 0.0008 | CLS: 0.0008 | CRF: 0.0003 | CRF_W: 0.0500
2026-01-15 12:03:07,903 - INFO - [Step 80200] Loss: 0.0000 | CLS: 0.0000 | CRF: 0.0000 | CRF_W: 0.0500
2026-01-15 12:04:19,015 - INFO - [Step 80300] Loss: 0.0005 | CLS: 0.0005 | CRF: 0.0000 | CRF_W: 0.0500
2026-01-15 12:05:30,283 - INFO - [Step 80400] Loss: 0.0001 | CLS: 0.0001 | CRF: 0.0000 | CRF_W: 0.0500
2026-01-15 12:06:40,816 - INFO - [Step 80500] Loss: 0.0004 | CLS: 0.0004 | CRF: 0.0001 | CRF_W: 0.0500
2026-01-15 12:07:50,188 - INFO - [Step 80600] Loss: 0.0009 | CLS: 0.0009 | CRF: 0.0006 | CRF_W: 0.0500
2026-01-15 12:08:59,678 - INFO - [Step 80700] Loss: 0.1172 | CLS: 0.1162 | CRF: 0.0184 | CRF_W: 0.0500
2026-01-15 12:10:09,090 - INFO - [Step 80800] Loss: 0.0010 | CLS: 0.0010 | CRF: 0.0004 | CRF_W: 0.0500
2026-01-15 12:11:18,586 - INFO - [Step 80900] Loss: 0.0000 | CLS: 0.0000 | CRF: 0.0000 | CRF_W: 0.0500
2026-01-15 12:12:27,927 - INFO - [Step 81000] Loss: 0.0006 | CLS: 0.0006 | CRF: 0.0001 | CRF_W: 0.0500
2026-01-15 12:13:37,179 - INFO - [Step 81100] Loss: 0.0911 | CLS: 0.0905 | CRF: 0.0116 | CRF_W: 0.0500
2026-01-15 12:14:46,422 - INFO - [Step 81200] Loss: 0.0006 | CLS: 0.0005 | CRF: 0.0003 | CRF_W: 0.0500
2026-01-15 12:15:55,465 - INFO - [Step 81300] Loss: 0.0005 | CLS: 0.0005 | CRF: 0.0001 | CRF_W: 0.0500
2026-01-15 12:17:04,976 - INFO - [Step 81400] Loss: 0.0001 | CLS: 0.0001 | CRF: 0.0001 | CRF_W: 0.0500
2026-01-15 12:18:14,535 - INFO - [Step 81500] Loss: 0.0001 | CLS: 0.0001 | CRF: 0.0000 | CRF_W: 0.0500
2026-01-15 12:19:23,895 - INFO - [Step 81600] Loss: 0.0007 | CLS: 0.0007 | CRF: 0.0001 | CRF_W: 0.0500
2026-01-15 12:20:33,214 - INFO - [Step 81700] Loss: 0.0006 | CLS: 0.0006 | CRF: 0.0001 | CRF_W: 0.0500
2026-01-15 12:21:42,569 - INFO - [Step 81800] Loss: 0.0170 | CLS: 0.0169 | CRF: 0.0023 | CRF_W: 0.0500
2026-01-15 12:22:52,178 - INFO - [Step 81900] Loss: 0.0003 | CLS: 0.0003 | CRF: 0.0000 | CRF_W: 0.0500
2026-01-15 12:24:01,664 - INFO - [Step 82000] Loss: 0.0069 | CLS: 0.0067 | CRF: 0.0034 | CRF_W: 0.0500
2026-01-15 12:25:11,138 - INFO - [Step 82100] Loss: 0.0000 | CLS: 0.0000 | CRF: 0.0000 | CRF_W: 0.0500
2026-01-15 12:26:20,224 - INFO - [Step 82200] Loss: 0.0001 | CLS: 0.0001 | CRF: 0.0001 | CRF_W: 0.0500
2026-01-15 12:27:29,509 - INFO - [Step 82300] Loss: 0.0003 | CLS: 0.0003 | CRF: 0.0001 | CRF_W: 0.0500
2026-01-15 12:28:38,791 - INFO - [Step 82400] Loss: 0.0000 | CLS: 0.0000 | CRF: 0.0003 | CRF_W: 0.0500
2026-01-15 12:29:47,772 - INFO - [Step 82500] Loss: 0.0021 | CLS: 0.0021 | CRF: 0.0002 | CRF_W: 0.0500
2026-01-15 12:30:56,823 - INFO - [Step 82600] Loss: 0.0005 | CLS: 0.0005 | CRF: 0.0003 | CRF_W: 0.0500
2026-01-15 12:32:06,067 - INFO - [Step 82700] Loss: 0.0003 | CLS: 0.0003 | CRF: 0.0000 | CRF_W: 0.0500
2026-01-15 12:33:15,444 - INFO - [Step 82800] Loss: 0.0000 | CLS: 0.0000 | CRF: 0.0000 | CRF_W: 0.0500
2026-01-15 12:34:24,402 - INFO - [Step 82900] Loss: 0.0001 | CLS: 0.0001 | CRF: 0.0000 | CRF_W: 0.0500
2026-01-15 12:35:33,517 - INFO - [Step 83000] Loss: 0.0050 | CLS: 0.0050 | CRF: 0.0003 | CRF_W: 0.0500
2026-01-15 12:36:42,609 - INFO - [Step 83100] Loss: 0.0000 | CLS: 0.0000 | CRF: 0.0001 | CRF_W: 0.0500
2026-01-15 12:37:51,924 - INFO - [Step 83200] Loss: 0.0000 | CLS: 0.0000 | CRF: 0.0000 | CRF_W: 0.0500
2026-01-15 12:39:01,155 - INFO - [Step 83300] Loss: 0.0000 | CLS: 0.0000 | CRF: 0.0000 | CRF_W: 0.0500
2026-01-15 12:40:10,467 - INFO - [Step 83400] Loss: 0.0003 | CLS: 0.0003 | CRF: 0.0001 | CRF_W: 0.0500
2026-01-15 12:41:19,595 - INFO - [Step 83500] Loss: 0.0004 | CLS: 0.0004 | CRF: 0.0001 | CRF_W: 0.0500
2026-01-15 12:42:28,920 - INFO - [Step 83600] Loss: 0.0001 | CLS: 0.0001 | CRF: 0.0000 | CRF_W: 0.0500
2026-01-15 12:43:38,338 - INFO - [Step 83700] Loss: 0.0212 | CLS: 0.0210 | CRF: 0.0039 | CRF_W: 0.0500
2026-01-15 12:44:47,538 - INFO - [Step 83800] Loss: 0.0000 | CLS: 0.0000 | CRF: 0.0000 | CRF_W: 0.0500
2026-01-15 12:45:56,810 - INFO - [Step 83900] Loss: 0.0000 | CLS: 0.0000 | CRF: 0.0000 | CRF_W: 0.0500
2026-01-15 12:47:06,263 - INFO - [Step 84000] Loss: 0.0007 | CLS: 0.0007 | CRF: 0.0003 | CRF_W: 0.0500
2026-01-15 12:48:15,714 - INFO - [Step 84100] Loss: 0.0002 | CLS: 0.0002 | CRF: 0.0000 | CRF_W: 0.0500
2026-01-15 12:49:25,189 - INFO - [Step 84200] Loss: 0.0089 | CLS: 0.0088 | CRF: 0.0009 | CRF_W: 0.0500
2026-01-15 12:50:34,764 - INFO - [Step 84300] Loss: 0.0047 | CLS: 0.0047 | CRF: 0.0002 | CRF_W: 0.0500
2026-01-15 12:51:44,204 - INFO - [Step 84400] Loss: 0.0006 | CLS: 0.0006 | CRF: 0.0001 | CRF_W: 0.0500
2026-01-15 12:52:53,289 - INFO - [Step 84500] Loss: 0.0001 | CLS: 0.0001 | CRF: 0.0000 | CRF_W: 0.0500
2026-01-15 12:54:02,633 - INFO - [Step 84600] Loss: 0.0720 | CLS: 0.0718 | CRF: 0.0040 | CRF_W: 0.0500
2026-01-15 12:55:11,916 - INFO - [Step 84700] Loss: 0.0004 | CLS: 0.0004 | CRF: 0.0001 | CRF_W: 0.0500
2026-01-15 12:56:21,141 - INFO - [Step 84800] Loss: 0.0004 | CLS: 0.0004 | CRF: 0.0009 | CRF_W: 0.0500
2026-01-15 12:57:30,630 - INFO - [Step 84900] Loss: 0.0001 | CLS: 0.0001 | CRF: 0.0000 | CRF_W: 0.0500
2026-01-15 12:58:39,869 - INFO - [Step 85000] Loss: 0.0004 | CLS: 0.0004 | CRF: 0.0000 | CRF_W: 0.0500
2026-01-15 12:59:49,271 - INFO - [Step 85100] Loss: 0.0101 | CLS: 0.0099 | CRF: 0.0040 | CRF_W: 0.0500
2026-01-15 13:00:58,594 - INFO - [Step 85200] Loss: 0.0001 | CLS: 0.0001 | CRF: 0.0001 | CRF_W: 0.0500
2026-01-15 13:02:07,717 - INFO - [Step 85300] Loss: 0.0009 | CLS: 0.0001 | CRF: 0.0170 | CRF_W: 0.0500
2026-01-15 13:03:16,808 - INFO - [Step 85400] Loss: 0.0006 | CLS: 0.0006 | CRF: 0.0000 | CRF_W: 0.0500
2026-01-15 13:04:25,962 - INFO - [Step 85500] Loss: 0.0001 | CLS: 0.0001 | CRF: 0.0000 | CRF_W: 0.0500
2026-01-15 13:05:35,442 - INFO - [Step 85600] Loss: 0.0016 | CLS: 0.0016 | CRF: 0.0003 | CRF_W: 0.0500
2026-01-15 13:06:43,844 - INFO - [Step 85700] Loss: 0.0027 | CLS: 0.0027 | CRF: 0.0004 | CRF_W: 0.0500
2026-01-15 13:07:52,312 - INFO - [Step 85800] Loss: 0.0000 | CLS: 0.0000 | CRF: 0.0000 | CRF_W: 0.0500
2026-01-15 13:09:00,990 - INFO - [Step 85900] Loss: 0.0023 | CLS: 0.0022 | CRF: 0.0007 | CRF_W: 0.0500
2026-01-15 13:10:09,436 - INFO - [Step 86000] Loss: 0.0000 | CLS: 0.0000 | CRF: 0.0000 | CRF_W: 0.0500
2026-01-15 13:11:17,985 - INFO - [Step 86100] Loss: 0.0018 | CLS: 0.0017 | CRF: 0.0003 | CRF_W: 0.0500
2026-01-15 13:12:27,074 - INFO - [Step 86200] Loss: 0.0001 | CLS: 0.0001 | CRF: 0.0001 | CRF_W: 0.0500
2026-01-15 13:13:36,808 - INFO - [Step 86300] Loss: 0.0073 | CLS: 0.0073 | CRF: 0.0005 | CRF_W: 0.0500
2026-01-15 13:14:46,897 - INFO - [Step 86400] Loss: 0.0002 | CLS: 0.0002 | CRF: 0.0001 | CRF_W: 0.0500
2026-01-15 13:15:55,725 - INFO - [Step 86500] Loss: 0.0001 | CLS: 0.0001 | CRF: 0.0001 | CRF_W: 0.0500
2026-01-15 13:17:04,435 - INFO - [Step 86600] Loss: 0.0003 | CLS: 0.0003 | CRF: 0.0001 | CRF_W: 0.0500
2026-01-15 13:26:11,020 - INFO - Epoch 11 | Val F1: 0.9558 | mIoU: 0.9519
2026-01-15 13:26:11,038 - INFO -  正在写入模型
2026-01-15 13:26:14,089 - INFO -   💾 Saved epoch checkpoint to checkpoint_epoch_11.pt
2026-01-15 13:26:24,693 - INFO - Epoch 12 | CRF Loss Weight: 0.0500
2026-01-15 13:27:31,017 - INFO - [Step 86700] Loss: 0.0022 | CLS: 0.0021 | CRF: 0.0003 | CRF_W: 0.0500
2026-01-15 13:28:39,657 - INFO - [Step 86800] Loss: 0.0006 | CLS: 0.0005 | CRF: 0.0025 | CRF_W: 0.0500
2026-01-15 13:29:48,242 - INFO - [Step 86900] Loss: 0.0053 | CLS: 0.0053 | CRF: 0.0005 | CRF_W: 0.0500
2026-01-15 13:30:56,985 - INFO - [Step 87000] Loss: 0.0001 | CLS: 0.0001 | CRF: 0.0000 | CRF_W: 0.0500
2026-01-15 13:32:06,452 - INFO - [Step 87100] Loss: 0.0044 | CLS: 0.0043 | CRF: 0.0003 | CRF_W: 0.0500
2026-01-15 13:33:15,168 - INFO - [Step 87200] Loss: 0.0000 | CLS: 0.0000 | CRF: 0.0001 | CRF_W: 0.0500
2026-01-15 13:34:24,325 - INFO - [Step 87300] Loss: 0.0017 | CLS: 0.0017 | CRF: 0.0005 | CRF_W: 0.0500
2026-01-15 13:35:33,847 - INFO - [Step 87400] Loss: 0.0100 | CLS: 0.0099 | CRF: 0.0025 | CRF_W: 0.0500
2026-01-15 13:36:42,319 - INFO - [Step 87500] Loss: 0.0003 | CLS: 0.0003 | CRF: 0.0000 | CRF_W: 0.0500
2026-01-15 13:37:50,718 - INFO - [Step 87600] Loss: 0.0383 | CLS: 0.0380 | CRF: 0.0048 | CRF_W: 0.0500
2026-01-15 13:38:59,291 - INFO - [Step 87700] Loss: 0.0000 | CLS: 0.0000 | CRF: 0.0001 | CRF_W: 0.0500
2026-01-15 13:40:07,846 - INFO - [Step 87800] Loss: 0.0450 | CLS: 0.0447 | CRF: 0.0067 | CRF_W: 0.0500
2026-01-15 13:41:16,455 - INFO - [Step 87900] Loss: 0.0025 | CLS: 0.0025 | CRF: 0.0002 | CRF_W: 0.0500
2026-01-15 13:42:25,156 - INFO - [Step 88000] Loss: 0.0033 | CLS: 0.0033 | CRF: 0.0001 | CRF_W: 0.0500
2026-01-15 13:43:33,692 - INFO - [Step 88100] Loss: 0.0016 | CLS: 0.0016 | CRF: 0.0001 | CRF_W: 0.0500
2026-01-15 13:44:42,237 - INFO - [Step 88200] Loss: 0.0001 | CLS: 0.0001 | CRF: 0.0000 | CRF_W: 0.0500
2026-01-15 13:45:51,053 - INFO - [Step 88300] Loss: 0.0001 | CLS: 0.0001 | CRF: 0.0000 | CRF_W: 0.0500
2026-01-15 13:46:59,927 - INFO - [Step 88400] Loss: 0.0000 | CLS: 0.0000 | CRF: 0.0000 | CRF_W: 0.0500
2026-01-15 13:48:08,640 - INFO - [Step 88500] Loss: 0.0223 | CLS: 0.0221 | CRF: 0.0037 | CRF_W: 0.0500
2026-01-15 13:49:17,390 - INFO - [Step 88600] Loss: 0.0053 | CLS: 0.0053 | CRF: 0.0006 | CRF_W: 0.0500
2026-01-15 13:50:25,900 - INFO - [Step 88700] Loss: 0.0034 | CLS: 0.0034 | CRF: 0.0002 | CRF_W: 0.0500
2026-01-15 13:51:34,518 - INFO - [Step 88800] Loss: 0.0000 | CLS: 0.0000 | CRF: 0.0000 | CRF_W: 0.0500
2026-01-15 13:52:43,285 - INFO - [Step 88900] Loss: 0.0017 | CLS: 0.0016 | CRF: 0.0004 | CRF_W: 0.0500
2026-01-15 13:53:51,848 - INFO - [Step 89000] Loss: 0.0018 | CLS: 0.0018 | CRF: 0.0005 | CRF_W: 0.0500
2026-01-15 13:55:00,384 - INFO - [Step 89100] Loss: 0.0008 | CLS: 0.0008 | CRF: 0.0001 | CRF_W: 0.0500
2026-01-15 13:56:08,826 - INFO - [Step 89200] Loss: 0.0351 | CLS: 0.0346 | CRF: 0.0099 | CRF_W: 0.0500
2026-01-15 13:57:17,249 - INFO - [Step 89300] Loss: 0.0000 | CLS: 0.0000 | CRF: 0.0000 | CRF_W: 0.0500
2026-01-15 13:58:25,588 - INFO - [Step 89400] Loss: 0.0003 | CLS: 0.0003 | CRF: 0.0001 | CRF_W: 0.0500
2026-01-15 13:59:34,173 - INFO - [Step 89500] Loss: 0.0005 | CLS: 0.0004 | CRF: 0.0002 | CRF_W: 0.0500
2026-01-15 14:00:42,890 - INFO - [Step 89600] Loss: 0.0001 | CLS: 0.0001 | CRF: 0.0000 | CRF_W: 0.0500
2026-01-15 14:01:51,592 - INFO - [Step 89700] Loss: 0.0001 | CLS: 0.0001 | CRF: 0.0000 | CRF_W: 0.0500
2026-01-15 14:02:59,980 - INFO - [Step 89800] Loss: 0.0000 | CLS: 0.0000 | CRF: 0.0000 | CRF_W: 0.0500
2026-01-15 14:04:08,701 - INFO - [Step 89900] Loss: 0.0083 | CLS: 0.0082 | CRF: 0.0017 | CRF_W: 0.0500
2026-01-15 14:05:17,290 - INFO - [Step 90000] Loss: 0.0006 | CLS: 0.0006 | CRF: 0.0003 | CRF_W: 0.0500
2026-01-15 14:06:26,136 - INFO - [Step 90100] Loss: 0.0007 | CLS: 0.0007 | CRF: 0.0001 | CRF_W: 0.0500
2026-01-15 14:07:34,843 - INFO - [Step 90200] Loss: 0.0018 | CLS: 0.0018 | CRF: 0.0006 | CRF_W: 0.0500
2026-01-15 14:08:43,414 - INFO - [Step 90300] Loss: 0.0000 | CLS: 0.0000 | CRF: 0.0001 | CRF_W: 0.0500
2026-01-15 14:09:52,131 - INFO - [Step 90400] Loss: 0.0001 | CLS: 0.0001 | CRF: 0.0000 | CRF_W: 0.0500
2026-01-15 14:11:01,793 - INFO - [Step 90500] Loss: 0.0011 | CLS: 0.0011 | CRF: 0.0001 | CRF_W: 0.0500
2026-01-15 14:12:10,452 - INFO - [Step 90600] Loss: 0.0004 | CLS: 0.0003 | CRF: 0.0001 | CRF_W: 0.0500
2026-01-15 14:13:19,260 - INFO - [Step 90700] Loss: 0.0029 | CLS: 0.0029 | CRF: 0.0002 | CRF_W: 0.0500
2026-01-15 14:14:28,166 - INFO - [Step 90800] Loss: 0.0001 | CLS: 0.0001 | CRF: 0.0001 | CRF_W: 0.0500
2026-01-15 14:15:36,908 - INFO - [Step 90900] Loss: 0.0000 | CLS: 0.0000 | CRF: 0.0000 | CRF_W: 0.0500
2026-01-15 14:16:45,832 - INFO - [Step 91000] Loss: 0.0008 | CLS: 0.0008 | CRF: 0.0001 | CRF_W: 0.0500
2026-01-15 14:17:54,607 - INFO - [Step 91100] Loss: 0.0005 | CLS: 0.0005 | CRF: 0.0001 | CRF_W: 0.0500
2026-01-15 14:19:03,500 - INFO - [Step 91200] Loss: 0.0000 | CLS: 0.0000 | CRF: 0.0000 | CRF_W: 0.0500
2026-01-15 14:20:12,384 - INFO - [Step 91300] Loss: 0.0000 | CLS: 0.0000 | CRF: 0.0000 | CRF_W: 0.0500
2026-01-15 14:21:21,087 - INFO - [Step 91400] Loss: 0.0006 | CLS: 0.0006 | CRF: 0.0004 | CRF_W: 0.0500
2026-01-15 14:22:30,347 - INFO - [Step 91500] Loss: 0.0001 | CLS: 0.0001 | CRF: 0.0000 | CRF_W: 0.0500
2026-01-15 14:23:39,221 - INFO - [Step 91600] Loss: 0.0000 | CLS: 0.0000 | CRF: 0.0000 | CRF_W: 0.0500
2026-01-15 14:24:47,897 - INFO - [Step 91700] Loss: 0.0035 | CLS: 0.0034 | CRF: 0.0010 | CRF_W: 0.0500
2026-01-15 14:25:56,567 - INFO - [Step 91800] Loss: 0.0012 | CLS: 0.0012 | CRF: 0.0001 | CRF_W: 0.0500
2026-01-15 14:27:05,366 - INFO - [Step 91900] Loss: 0.0246 | CLS: 0.0244 | CRF: 0.0031 | CRF_W: 0.0500
2026-01-15 14:28:14,036 - INFO - [Step 92000] Loss: 0.0001 | CLS: 0.0001 | CRF: 0.0000 | CRF_W: 0.0500
2026-01-15 14:29:22,714 - INFO - [Step 92100] Loss: 0.0003 | CLS: 0.0003 | CRF: 0.0000 | CRF_W: 0.0500
2026-01-15 14:30:31,219 - INFO - [Step 92200] Loss: 0.0006 | CLS: 0.0006 | CRF: 0.0004 | CRF_W: 0.0500
2026-01-15 14:31:39,853 - INFO - [Step 92300] Loss: 0.0375 | CLS: 0.0372 | CRF: 0.0065 | CRF_W: 0.0500
2026-01-15 14:32:48,644 - INFO - [Step 92400] Loss: 0.0000 | CLS: 0.0000 | CRF: 0.0000 | CRF_W: 0.0500
2026-01-15 14:33:57,458 - INFO - [Step 92500] Loss: 0.0336 | CLS: 0.0333 | CRF: 0.0058 | CRF_W: 0.0500
2026-01-15 14:35:06,132 - INFO - [Step 92600] Loss: 0.0003 | CLS: 0.0003 | CRF: 0.0000 | CRF_W: 0.0500
2026-01-15 14:36:14,696 - INFO - [Step 92700] Loss: 0.0003 | CLS: 0.0003 | CRF: 0.0001 | CRF_W: 0.0500
2026-01-15 14:37:23,457 - INFO - [Step 92800] Loss: 0.0047 | CLS: 0.0047 | CRF: 0.0008 | CRF_W: 0.0500
2026-01-15 14:38:32,329 - INFO - [Step 92900] Loss: 0.0007 | CLS: 0.0007 | CRF: 0.0002 | CRF_W: 0.0500
2026-01-15 14:39:41,180 - INFO - [Step 93000] Loss: 0.0000 | CLS: 0.0000 | CRF: 0.0000 | CRF_W: 0.0500
2026-01-15 14:40:50,274 - INFO - [Step 93100] Loss: 0.0001 | CLS: 0.0001 | CRF: 0.0000 | CRF_W: 0.0500
2026-01-15 14:41:59,148 - INFO - [Step 93200] Loss: 0.0001 | CLS: 0.0000 | CRF: 0.0006 | CRF_W: 0.0500
2026-01-15 14:43:08,033 - INFO - [Step 93300] Loss: 0.0001 | CLS: 0.0001 | CRF: 0.0000 | CRF_W: 0.0500
2026-01-15 14:44:16,700 - INFO - [Step 93400] Loss: 0.0024 | CLS: 0.0023 | CRF: 0.0009 | CRF_W: 0.0500
2026-01-15 14:45:25,363 - INFO - [Step 93500] Loss: 0.0000 | CLS: 0.0000 | CRF: 0.0000 | CRF_W: 0.0500
2026-01-15 14:46:34,095 - INFO - [Step 93600] Loss: 0.0002 | CLS: 0.0002 | CRF: 0.0000 | CRF_W: 0.0500
2026-01-15 14:47:42,975 - INFO - [Step 93700] Loss: 0.0001 | CLS: 0.0001 | CRF: 0.0001 | CRF_W: 0.0500
2026-01-15 14:48:52,081 - INFO - [Step 93800] Loss: 0.0004 | CLS: 0.0004 | CRF: 0.0001 | CRF_W: 0.0500
2026-01-15 14:50:01,133 - INFO - [Step 93900] Loss: 0.0016 | CLS: 0.0016 | CRF: 0.0001 | CRF_W: 0.0500
2026-01-15 14:51:10,123 - INFO - [Step 94000] Loss: 0.0001 | CLS: 0.0001 | CRF: 0.0000 | CRF_W: 0.0500
2026-01-15 14:52:19,284 - INFO - [Step 94100] Loss: 0.0161 | CLS: 0.0159 | CRF: 0.0053 | CRF_W: 0.0500
2026-01-15 14:53:28,625 - INFO - [Step 94200] Loss: 0.0002 | CLS: 0.0002 | CRF: 0.0000 | CRF_W: 0.0500
2026-01-15 14:54:38,770 - INFO - [Step 94300] Loss: 0.0020 | CLS: 0.0020 | CRF: 0.0001 | CRF_W: 0.0500
2026-01-15 14:55:48,021 - INFO - [Step 94400] Loss: 0.0002 | CLS: 0.0002 | CRF: 0.0000 | CRF_W: 0.0500
2026-01-15 15:05:56,436 - INFO - Epoch 12 | Val F1: 0.9658 | mIoU: 0.9662
2026-01-15 15:05:56,448 - INFO -  正在写入模型
2026-01-15 15:05:59,311 - INFO -   💾 Saved epoch checkpoint to checkpoint_epoch_12.pt
2026-01-15 15:06:37,179 - INFO -   ✅ New Best F1! Saved best_model.pt
2026-01-15 15:06:43,855 - INFO - Epoch 13 | CRF Loss Weight: 0.0500
2026-01-15 15:07:00,184 - INFO - [Step 94500] Loss: 0.0003 | CLS: 0.0003 | CRF: 0.0001 | CRF_W: 0.0500
2026-01-15 15:08:08,672 - INFO - [Step 94600] Loss: 0.0001 | CLS: 0.0001 | CRF: 0.0000 | CRF_W: 0.0500
2026-01-15 15:09:18,192 - INFO - [Step 94700] Loss: 0.0018 | CLS: 0.0017 | CRF: 0.0025 | CRF_W: 0.0500
2026-01-15 15:10:27,563 - INFO - [Step 94800] Loss: 0.0001 | CLS: 0.0001 | CRF: 0.0001 | CRF_W: 0.0500
2026-01-15 15:11:37,058 - INFO - [Step 94900] Loss: 0.0001 | CLS: 0.0001 | CRF: 0.0000 | CRF_W: 0.0500
2026-01-15 15:12:46,582 - INFO - [Step 95000] Loss: 0.0001 | CLS: 0.0001 | CRF: 0.0000 | CRF_W: 0.0500
2026-01-15 15:13:57,318 - INFO - [Step 95100] Loss: 0.0077 | CLS: 0.0077 | CRF: 0.0010 | CRF_W: 0.0500
2026-01-15 15:15:07,532 - INFO - [Step 95200] Loss: 0.0000 | CLS: 0.0000 | CRF: 0.0000 | CRF_W: 0.0500
2026-01-15 15:16:17,012 - INFO - [Step 95300] Loss: 0.0000 | CLS: 0.0000 | CRF: 0.0000 | CRF_W: 0.0500
2026-01-15 15:17:27,112 - INFO - [Step 95400] Loss: 0.0000 | CLS: 0.0000 | CRF: 0.0000 | CRF_W: 0.0500
2026-01-15 15:18:37,058 - INFO - [Step 95500] Loss: 0.0002 | CLS: 0.0002 | CRF: 0.0000 | CRF_W: 0.0500
2026-01-15 15:19:47,029 - INFO - [Step 95600] Loss: 0.0001 | CLS: 0.0001 | CRF: 0.0000 | CRF_W: 0.0500
2026-01-15 15:20:57,062 - INFO - [Step 95700] Loss: 0.0003 | CLS: 0.0003 | CRF: 0.0000 | CRF_W: 0.0500
2026-01-15 15:22:06,934 - INFO - [Step 95800] Loss: 0.0001 | CLS: 0.0001 | CRF: 0.0000 | CRF_W: 0.0500
2026-01-15 15:23:18,328 - INFO - [Step 95900] Loss: 0.0102 | CLS: 0.0101 | CRF: 0.0017 | CRF_W: 0.0500
2026-01-15 15:24:29,580 - INFO - [Step 96000] Loss: 0.0000 | CLS: 0.0000 | CRF: 0.0000 | CRF_W: 0.0500
2026-01-15 15:25:40,619 - INFO - [Step 96100] Loss: 0.0127 | CLS: 0.0126 | CRF: 0.0024 | CRF_W: 0.0500
2026-01-15 15:26:50,825 - INFO - [Step 96200] Loss: 0.0003 | CLS: 0.0003 | CRF: 0.0000 | CRF_W: 0.0500
2026-01-15 15:28:04,347 - INFO - [Step 96300] Loss: 0.0057 | CLS: 0.0057 | CRF: 0.0002 | CRF_W: 0.0500
2026-01-15 15:29:13,708 - INFO - [Step 96400] Loss: 0.0000 | CLS: 0.0000 | CRF: 0.0000 | CRF_W: 0.0500
2026-01-15 15:30:23,715 - INFO - [Step 96500] Loss: 0.0001 | CLS: 0.0001 | CRF: 0.0014 | CRF_W: 0.0500
2026-01-15 15:31:33,757 - INFO - [Step 96600] Loss: 0.0000 | CLS: 0.0000 | CRF: 0.0000 | CRF_W: 0.0500
2026-01-15 15:32:43,484 - INFO - [Step 96700] Loss: 0.0005 | CLS: 0.0005 | CRF: 0.0001 | CRF_W: 0.0500
2026-01-15 15:33:52,839 - INFO - [Step 96800] Loss: 0.0034 | CLS: 0.0034 | CRF: 0.0003 | CRF_W: 0.0500
2026-01-15 15:35:01,581 - INFO - [Step 96900] Loss: 0.0032 | CLS: 0.0032 | CRF: 0.0003 | CRF_W: 0.0500
2026-01-15 15:36:09,873 - INFO - [Step 97000] Loss: 0.0034 | CLS: 0.0033 | CRF: 0.0014 | CRF_W: 0.0500
2026-01-15 15:37:18,138 - INFO - [Step 97100] Loss: 0.0000 | CLS: 0.0000 | CRF: 0.0000 | CRF_W: 0.0500
2026-01-15 15:38:26,168 - INFO - [Step 97200] Loss: 0.0001 | CLS: 0.0001 | CRF: 0.0000 | CRF_W: 0.0500
2026-01-15 15:39:34,023 - INFO - [Step 97300] Loss: 0.0000 | CLS: 0.0000 | CRF: 0.0000 | CRF_W: 0.0500
2026-01-15 15:40:41,742 - INFO - [Step 97400] Loss: 0.0655 | CLS: 0.0650 | CRF: 0.0093 | CRF_W: 0.0500
2026-01-15 15:41:49,927 - INFO - [Step 97500] Loss: 0.0008 | CLS: 0.0002 | CRF: 0.0132 | CRF_W: 0.0500
2026-01-15 15:42:59,184 - INFO - [Step 97600] Loss: 0.0114 | CLS: 0.0113 | CRF: 0.0025 | CRF_W: 0.0500
2026-01-15 15:44:08,955 - INFO - [Step 97700] Loss: 0.0004 | CLS: 0.0004 | CRF: 0.0000 | CRF_W: 0.0500
2026-01-15 15:45:18,454 - INFO - [Step 97800] Loss: 0.0000 | CLS: 0.0000 | CRF: 0.0001 | CRF_W: 0.0500
2026-01-15 15:46:28,197 - INFO - [Step 97900] Loss: 0.0000 | CLS: 0.0000 | CRF: 0.0000 | CRF_W: 0.0500
2026-01-15 15:47:38,268 - INFO - [Step 98000] Loss: 0.0002 | CLS: 0.0000 | CRF: 0.0037 | CRF_W: 0.0500
2026-01-15 15:48:50,263 - INFO - [Step 98100] Loss: 0.0000 | CLS: 0.0000 | CRF: 0.0000 | CRF_W: 0.0500
2026-01-15 15:50:02,216 - INFO - [Step 98200] Loss: 0.0017 | CLS: 0.0016 | CRF: 0.0004 | CRF_W: 0.0500
2026-01-15 15:51:14,102 - INFO - [Step 98300] Loss: 0.0053 | CLS: 0.0050 | CRF: 0.0053 | CRF_W: 0.0500
2026-01-15 15:52:26,171 - INFO - [Step 98400] Loss: 0.0001 | CLS: 0.0001 | CRF: 0.0002 | CRF_W: 0.0500
2026-01-15 15:53:38,774 - INFO - [Step 98500] Loss: 0.0001 | CLS: 0.0001 | CRF: 0.0000 | CRF_W: 0.0500
2026-01-15 15:54:51,225 - INFO - [Step 98600] Loss: 0.0001 | CLS: 0.0001 | CRF: 0.0000 | CRF_W: 0.0500
2026-01-15 15:56:04,215 - INFO - [Step 98700] Loss: 0.0000 | CLS: 0.0000 | CRF: 0.0000 | CRF_W: 0.0500
2026-01-15 15:57:17,509 - INFO - [Step 98800] Loss: 0.0050 | CLS: 0.0050 | CRF: 0.0005 | CRF_W: 0.0500
2026-01-15 15:58:30,347 - INFO - [Step 98900] Loss: 0.0010 | CLS: 0.0010 | CRF: 0.0003 | CRF_W: 0.0500
2026-01-15 15:59:43,573 - INFO - [Step 99000] Loss: 0.0002 | CLS: 0.0000 | CRF: 0.0021 | CRF_W: 0.0500
2026-01-15 16:00:56,598 - INFO - [Step 99100] Loss: 0.0019 | CLS: 0.0019 | CRF: 0.0000 | CRF_W: 0.0500
2026-01-15 16:02:10,416 - INFO - [Step 99200] Loss: 0.0004 | CLS: 0.0004 | CRF: 0.0003 | CRF_W: 0.0500
2026-01-15 16:03:23,865 - INFO - [Step 99300] Loss: 0.0000 | CLS: 0.0000 | CRF: 0.0000 | CRF_W: 0.0500
2026-01-15 16:04:37,772 - INFO - [Step 99400] Loss: 0.0000 | CLS: 0.0000 | CRF: 0.0000 | CRF_W: 0.0500
2026-01-15 16:05:51,817 - INFO - [Step 99500] Loss: 0.0003 | CLS: 0.0003 | CRF: 0.0001 | CRF_W: 0.0500
2026-01-15 16:07:05,630 - INFO - [Step 99600] Loss: 0.0000 | CLS: 0.0000 | CRF: 0.0000 | CRF_W: 0.0500
2026-01-15 16:08:19,052 - INFO - [Step 99700] Loss: 0.0001 | CLS: 0.0001 | CRF: 0.0001 | CRF_W: 0.0500
2026-01-15 16:09:32,730 - INFO - [Step 99800] Loss: 0.0004 | CLS: 0.0004 | CRF: 0.0001 | CRF_W: 0.0500
2026-01-15 16:10:46,465 - INFO - [Step 99900] Loss: 0.0001 | CLS: 0.0001 | CRF: 0.0000 | CRF_W: 0.0500
2026-01-15 16:12:00,806 - INFO - [Step 100000] Loss: 0.0074 | CLS: 0.0073 | CRF: 0.0026 | CRF_W: 0.0500
2026-01-15 16:13:14,316 - INFO - [Step 100100] Loss: 0.0000 | CLS: 0.0000 | CRF: 0.0000 | CRF_W: 0.0500
2026-01-15 16:14:28,153 - INFO - [Step 100200] Loss: 0.0000 | CLS: 0.0000 | CRF: 0.0000 | CRF_W: 0.0500
2026-01-15 16:15:42,260 - INFO - [Step 100300] Loss: 0.0011 | CLS: 0.0010 | CRF: 0.0005 | CRF_W: 0.0500
2026-01-15 16:16:56,041 - INFO - [Step 100400] Loss: 0.0356 | CLS: 0.0351 | CRF: 0.0092 | CRF_W: 0.0500
2026-01-15 16:18:09,441 - INFO - [Step 100500] Loss: 0.0000 | CLS: 0.0000 | CRF: 0.0000 | CRF_W: 0.0500
2026-01-15 16:19:23,300 - INFO - [Step 100600] Loss: 0.0002 | CLS: 0.0002 | CRF: 0.0002 | CRF_W: 0.0500
2026-01-15 16:20:37,494 - INFO - [Step 100700] Loss: 0.0000 | CLS: 0.0000 | CRF: 0.0000 | CRF_W: 0.0500
2026-01-15 16:21:52,326 - INFO - [Step 100800] Loss: 0.0039 | CLS: 0.0039 | CRF: 0.0002 | CRF_W: 0.0500
2026-01-15 16:23:06,828 - INFO - [Step 100900] Loss: 0.0004 | CLS: 0.0004 | CRF: 0.0001 | CRF_W: 0.0500
2026-01-15 16:24:21,529 - INFO - [Step 101000] Loss: 0.0000 | CLS: 0.0000 | CRF: 0.0000 | CRF_W: 0.0500
2026-01-15 16:25:36,363 - INFO - [Step 101100] Loss: 0.0000 | CLS: 0.0000 | CRF: 0.0000 | CRF_W: 0.0500
2026-01-15 16:26:50,980 - INFO - [Step 101200] Loss: 0.0000 | CLS: 0.0000 | CRF: 0.0001 | CRF_W: 0.0500
2026-01-15 16:28:05,468 - INFO - [Step 101300] Loss: 0.0016 | CLS: 0.0016 | CRF: 0.0001 | CRF_W: 0.0500
2026-01-15 16:29:19,796 - INFO - [Step 101400] Loss: 0.0004 | CLS: 0.0004 | CRF: 0.0000 | CRF_W: 0.0500
2026-01-15 16:30:35,149 - INFO - [Step 101500] Loss: 0.0000 | CLS: 0.0000 | CRF: 0.0000 | CRF_W: 0.0500
2026-01-15 16:31:50,018 - INFO - [Step 101600] Loss: 0.0000 | CLS: 0.0000 | CRF: 0.0000 | CRF_W: 0.0500
2026-01-15 16:33:04,708 - INFO - [Step 101700] Loss: 0.0005 | CLS: 0.0005 | CRF: 0.0001 | CRF_W: 0.0500
2026-01-15 16:34:19,907 - INFO - [Step 101800] Loss: 0.0015 | CLS: 0.0015 | CRF: 0.0004 | CRF_W: 0.0500
2026-01-15 16:35:33,549 - INFO - [Step 101900] Loss: 0.0008 | CLS: 0.0008 | CRF: 0.0001 | CRF_W: 0.0500
2026-01-15 16:36:47,508 - INFO - [Step 102000] Loss: 0.0000 | CLS: 0.0000 | CRF: 0.0000 | CRF_W: 0.0500
2026-01-15 16:38:02,403 - INFO - [Step 102100] Loss: 0.0000 | CLS: 0.0000 | CRF: 0.0000 | CRF_W: 0.0500
2026-01-15 16:39:16,323 - INFO - [Step 102200] Loss: 0.0016 | CLS: 0.0016 | CRF: 0.0001 | CRF_W: 0.0500
2026-01-15 16:40:29,916 - INFO - [Step 102300] Loss: 0.0000 | CLS: 0.0000 | CRF: 0.0000 | CRF_W: 0.0500
2026-01-15 16:51:03,143 - INFO - Epoch 13 | Val F1: 0.9681 | mIoU: 0.9636
2026-01-15 16:51:03,172 - INFO -  正在写入模型
2026-01-15 16:51:07,196 - INFO -   💾 Saved epoch checkpoint to checkpoint_epoch_13.pt
2026-01-15 16:52:46,704 - INFO -   ✅ New Best F1! Saved best_model.pt
2026-01-15 16:53:03,606 - INFO - Epoch 14 | CRF Loss Weight: 0.0500
2026-01-15 16:53:40,928 - INFO - [Step 102400] Loss: 0.0000 | CLS: 0.0000 | CRF: 0.0000 | CRF_W: 0.0500
2026-01-15 16:54:54,935 - INFO - [Step 102500] Loss: 0.0002 | CLS: 0.0002 | CRF: 0.0002 | CRF_W: 0.0500
2026-01-15 16:56:11,054 - INFO - [Step 102600] Loss: 0.0001 | CLS: 0.0001 | CRF: 0.0000 | CRF_W: 0.0500
2026-01-15 16:57:27,352 - INFO - [Step 102700] Loss: 0.0000 | CLS: 0.0000 | CRF: 0.0000 | CRF_W: 0.0500
2026-01-15 16:58:43,811 - INFO - [Step 102800] Loss: 0.0005 | CLS: 0.0005 | CRF: 0.0000 | CRF_W: 0.0500
2026-01-15 17:00:00,146 - INFO - [Step 102900] Loss: 0.0005 | CLS: 0.0005 | CRF: 0.0001 | CRF_W: 0.0500
2026-01-15 17:01:16,553 - INFO - [Step 103000] Loss: 0.0000 | CLS: 0.0000 | CRF: 0.0000 | CRF_W: 0.0500
2026-01-15 17:02:32,726 - INFO - [Step 103100] Loss: 0.0000 | CLS: 0.0000 | CRF: 0.0000 | CRF_W: 0.0500
2026-01-15 17:03:49,117 - INFO - [Step 103200] Loss: 0.0000 | CLS: 0.0000 | CRF: 0.0000 | CRF_W: 0.0500
2026-01-15 17:05:05,638 - INFO - [Step 103300] Loss: 0.0000 | CLS: 0.0000 | CRF: 0.0000 | CRF_W: 0.0500
2026-01-15 17:06:21,955 - INFO - [Step 103400] Loss: 0.0001 | CLS: 0.0000 | CRF: 0.0009 | CRF_W: 0.0500
2026-01-15 17:07:38,328 - INFO - [Step 103500] Loss: 0.0004 | CLS: 0.0004 | CRF: 0.0000 | CRF_W: 0.0500
2026-01-15 17:08:55,076 - INFO - [Step 103600] Loss: 0.0001 | CLS: 0.0001 | CRF: 0.0000 | CRF_W: 0.0500
2026-01-15 17:10:11,654 - INFO - [Step 103700] Loss: 0.0012 | CLS: 0.0012 | CRF: 0.0002 | CRF_W: 0.0500
2026-01-15 17:11:28,744 - INFO - [Step 103800] Loss: 0.0159 | CLS: 0.0157 | CRF: 0.0045 | CRF_W: 0.0500
2026-01-15 17:12:43,877 - INFO - [Step 103900] Loss: 0.0000 | CLS: 0.0000 | CRF: 0.0000 | CRF_W: 0.0500
2026-01-15 17:14:00,051 - INFO - [Step 104000] Loss: 0.0000 | CLS: 0.0000 | CRF: 0.0000 | CRF_W: 0.0500
2026-01-15 17:15:15,320 - INFO - [Step 104100] Loss: 0.0000 | CLS: 0.0000 | CRF: 0.0000 | CRF_W: 0.0500
2026-01-15 17:16:31,635 - INFO - [Step 104200] Loss: 0.0143 | CLS: 0.0142 | CRF: 0.0025 | CRF_W: 0.0500
2026-01-15 17:17:47,690 - INFO - [Step 104300] Loss: 0.0000 | CLS: 0.0000 | CRF: 0.0000 | CRF_W: 0.0500
2026-01-15 17:19:03,292 - INFO - [Step 104400] Loss: 0.0001 | CLS: 0.0001 | CRF: 0.0001 | CRF_W: 0.0500
2026-01-15 17:20:18,742 - INFO - [Step 104500] Loss: 0.0000 | CLS: 0.0000 | CRF: 0.0000 | CRF_W: 0.0500
2026-01-15 17:21:34,936 - INFO - [Step 104600] Loss: 0.0003 | CLS: 0.0000 | CRF: 0.0066 | CRF_W: 0.0500
2026-01-15 17:22:51,328 - INFO - [Step 104700] Loss: 0.0001 | CLS: 0.0001 | CRF: 0.0005 | CRF_W: 0.0500
2026-01-15 17:24:07,280 - INFO - [Step 104800] Loss: 0.0000 | CLS: 0.0000 | CRF: 0.0000 | CRF_W: 0.0500
2026-01-15 17:25:23,129 - INFO - [Step 104900] Loss: 0.0015 | CLS: 0.0014 | CRF: 0.0002 | CRF_W: 0.0500
2026-01-15 17:26:40,100 - INFO - [Step 105000] Loss: 0.0000 | CLS: 0.0000 | CRF: 0.0000 | CRF_W: 0.0500
2026-01-15 17:27:56,271 - INFO - [Step 105100] Loss: 0.0058 | CLS: 0.0057 | CRF: 0.0017 | CRF_W: 0.0500
2026-01-15 17:29:11,941 - INFO - [Step 105200] Loss: 0.0002 | CLS: 0.0002 | CRF: 0.0000 | CRF_W: 0.0500
2026-01-15 17:30:27,879 - INFO - [Step 105300] Loss: 0.0000 | CLS: 0.0000 | CRF: 0.0000 | CRF_W: 0.0500
2026-01-15 17:31:43,902 - INFO - [Step 105400] Loss: 0.0000 | CLS: 0.0000 | CRF: 0.0000 | CRF_W: 0.0500
2026-01-15 17:32:59,367 - INFO - [Step 105500] Loss: 0.0011 | CLS: 0.0011 | CRF: 0.0001 | CRF_W: 0.0500
2026-01-15 17:34:14,698 - INFO - [Step 105600] Loss: 0.0009 | CLS: 0.0009 | CRF: 0.0001 | CRF_W: 0.0500
2026-01-15 17:35:30,765 - INFO - [Step 105700] Loss: 0.0012 | CLS: 0.0012 | CRF: 0.0003 | CRF_W: 0.0500
2026-01-15 17:36:46,711 - INFO - [Step 105800] Loss: 0.0007 | CLS: 0.0004 | CRF: 0.0075 | CRF_W: 0.0500
2026-01-15 17:38:02,233 - INFO - [Step 105900] Loss: 0.0001 | CLS: 0.0001 | CRF: 0.0001 | CRF_W: 0.0500
2026-01-15 17:39:18,373 - INFO - [Step 106000] Loss: 0.0003 | CLS: 0.0003 | CRF: 0.0000 | CRF_W: 0.0500
2026-01-15 17:40:34,385 - INFO - [Step 106100] Loss: 0.0001 | CLS: 0.0001 | CRF: 0.0004 | CRF_W: 0.0500
2026-01-15 17:41:50,292 - INFO - [Step 106200] Loss: 0.0000 | CLS: 0.0000 | CRF: 0.0000 | CRF_W: 0.0500
2026-01-15 17:43:06,150 - INFO - [Step 106300] Loss: 0.0000 | CLS: 0.0000 | CRF: 0.0000 | CRF_W: 0.0500
2026-01-15 17:44:21,883 - INFO - [Step 106400] Loss: 0.0001 | CLS: 0.0001 | CRF: 0.0000 | CRF_W: 0.0500
2026-01-15 17:45:37,383 - INFO - [Step 106500] Loss: 0.0025 | CLS: 0.0025 | CRF: 0.0005 | CRF_W: 0.0500
2026-01-15 17:46:53,146 - INFO - [Step 106600] Loss: 0.0001 | CLS: 0.0001 | CRF: 0.0000 | CRF_W: 0.0500
2026-01-15 17:48:08,947 - INFO - [Step 106700] Loss: 0.0032 | CLS: 0.0031 | CRF: 0.0019 | CRF_W: 0.0500
2026-01-15 17:49:23,403 - INFO - [Step 106800] Loss: 0.0004 | CLS: 0.0004 | CRF: 0.0001 | CRF_W: 0.0500
2026-01-15 17:50:34,888 - INFO - [Step 106900] Loss: 0.0006 | CLS: 0.0005 | CRF: 0.0002 | CRF_W: 0.0500
2026-01-15 17:51:46,782 - INFO - [Step 107000] Loss: 0.0000 | CLS: 0.0000 | CRF: 0.0000 | CRF_W: 0.0500
2026-01-15 17:52:58,546 - INFO - [Step 107100] Loss: 0.0003 | CLS: 0.0003 | CRF: 0.0002 | CRF_W: 0.0500
2026-01-15 17:54:10,088 - INFO - [Step 107200] Loss: 0.0001 | CLS: 0.0001 | CRF: 0.0000 | CRF_W: 0.0500
2026-01-15 17:55:21,870 - INFO - [Step 107300] Loss: 0.0001 | CLS: 0.0001 | CRF: 0.0001 | CRF_W: 0.0500
2026-01-15 17:56:33,545 - INFO - [Step 107400] Loss: 0.0001 | CLS: 0.0001 | CRF: 0.0001 | CRF_W: 0.0500
2026-01-15 17:57:46,018 - INFO - [Step 107500] Loss: 0.0001 | CLS: 0.0001 | CRF: 0.0000 | CRF_W: 0.0500
2026-01-15 17:58:58,400 - INFO - [Step 107600] Loss: 0.0001 | CLS: 0.0001 | CRF: 0.0000 | CRF_W: 0.0500
2026-01-15 18:00:09,822 - INFO - [Step 107700] Loss: 0.0000 | CLS: 0.0000 | CRF: 0.0000 | CRF_W: 0.0500
2026-01-15 18:01:21,197 - INFO - [Step 107800] Loss: 0.0000 | CLS: 0.0000 | CRF: 0.0000 | CRF_W: 0.0500
2026-01-15 18:02:32,796 - INFO - [Step 107900] Loss: 0.0000 | CLS: 0.0000 | CRF: 0.0000 | CRF_W: 0.0500
2026-01-15 18:03:44,765 - INFO - [Step 108000] Loss: 0.0126 | CLS: 0.0124 | CRF: 0.0041 | CRF_W: 0.0500
2026-01-15 18:04:57,489 - INFO - [Step 108100] Loss: 0.0001 | CLS: 0.0001 | CRF: 0.0000 | CRF_W: 0.0500
2026-01-15 18:06:09,427 - INFO - [Step 108200] Loss: 0.0000 | CLS: 0.0000 | CRF: 0.0000 | CRF_W: 0.0500
2026-01-15 18:07:21,610 - INFO - [Step 108300] Loss: 0.0000 | CLS: 0.0000 | CRF: 0.0000 | CRF_W: 0.0500
2026-01-15 18:08:33,261 - INFO - [Step 108400] Loss: 0.0006 | CLS: 0.0006 | CRF: 0.0001 | CRF_W: 0.0500
2026-01-15 18:09:44,876 - INFO - [Step 108500] Loss: 0.0010 | CLS: 0.0010 | CRF: 0.0000 | CRF_W: 0.0500
2026-01-15 18:10:57,253 - INFO - [Step 108600] Loss: 0.0002 | CLS: 0.0002 | CRF: 0.0001 | CRF_W: 0.0500
2026-01-15 18:12:09,107 - INFO - [Step 108700] Loss: 0.0008 | CLS: 0.0008 | CRF: 0.0001 | CRF_W: 0.0500
2026-01-15 18:13:20,902 - INFO - [Step 108800] Loss: 0.0001 | CLS: 0.0001 | CRF: 0.0000 | CRF_W: 0.0500
2026-01-15 18:14:32,830 - INFO - [Step 108900] Loss: 0.0001 | CLS: 0.0001 | CRF: 0.0000 | CRF_W: 0.0500
2026-01-15 18:15:45,103 - INFO - [Step 109000] Loss: 0.0000 | CLS: 0.0000 | CRF: 0.0000 | CRF_W: 0.0500
2026-01-15 18:16:57,411 - INFO - [Step 109100] Loss: 0.0012 | CLS: 0.0012 | CRF: 0.0000 | CRF_W: 0.0500
2026-01-15 18:18:09,626 - INFO - [Step 109200] Loss: 0.0002 | CLS: 0.0002 | CRF: 0.0001 | CRF_W: 0.0500
2026-01-15 18:19:21,671 - INFO - [Step 109300] Loss: 0.0005 | CLS: 0.0005 | CRF: 0.0001 | CRF_W: 0.0500
2026-01-15 18:20:34,168 - INFO - [Step 109400] Loss: 0.0001 | CLS: 0.0001 | CRF: 0.0000 | CRF_W: 0.0500
2026-01-15 18:21:46,498 - INFO - [Step 109500] Loss: 0.0001 | CLS: 0.0001 | CRF: 0.0000 | CRF_W: 0.0500
2026-01-15 18:22:58,679 - INFO - [Step 109600] Loss: 0.0000 | CLS: 0.0000 | CRF: 0.0000 | CRF_W: 0.0500
2026-01-15 18:24:11,117 - INFO - [Step 109700] Loss: 0.0000 | CLS: 0.0000 | CRF: 0.0000 | CRF_W: 0.0500
2026-01-15 18:25:23,532 - INFO - [Step 109800] Loss: 0.0000 | CLS: 0.0000 | CRF: 0.0000 | CRF_W: 0.0500
2026-01-15 18:26:36,076 - INFO - [Step 109900] Loss: 0.0001 | CLS: 0.0001 | CRF: 0.0000 | CRF_W: 0.0500
2026-01-15 18:27:48,635 - INFO - [Step 110000] Loss: 0.0001 | CLS: 0.0001 | CRF: 0.0001 | CRF_W: 0.0500
2026-01-15 18:29:01,379 - INFO - [Step 110100] Loss: 0.0008 | CLS: 0.0007 | CRF: 0.0024 | CRF_W: 0.0500
2026-01-15 18:30:14,129 - INFO - [Step 110200] Loss: 0.0000 | CLS: 0.0000 | CRF: 0.0000 | CRF_W: 0.0500
2026-01-15 18:40:17,245 - INFO - Epoch 14 | Val F1: 0.9683 | mIoU: 0.9679
2026-01-15 18:40:17,257 - INFO -  正在写入模型
2026-01-15 18:40:20,223 - INFO -   💾 Saved epoch checkpoint to checkpoint_epoch_14.pt
2026-01-15 18:42:10,057 - INFO -   ✅ New Best F1! Saved best_model.pt
2026-01-15 18:45:34,042 - INFO - Epoch 15 | CRF Loss Weight: 0.0500
2026-01-15 18:46:25,681 - INFO - [Step 110300] Loss: 0.0000 | CLS: 0.0000 | CRF: 0.0000 | CRF_W: 0.0500
2026-01-15 18:47:36,639 - INFO - [Step 110400] Loss: 0.0000 | CLS: 0.0000 | CRF: 0.0000 | CRF_W: 0.0500
2026-01-15 18:48:49,365 - INFO - [Step 110500] Loss: 0.0000 | CLS: 0.0000 | CRF: 0.0000 | CRF_W: 0.0500
2026-01-15 18:50:02,484 - INFO - [Step 110600] Loss: 0.0047 | CLS: 0.0045 | CRF: 0.0031 | CRF_W: 0.0500
2026-01-15 18:51:16,272 - INFO - [Step 110700] Loss: 0.0000 | CLS: 0.0000 | CRF: 0.0001 | CRF_W: 0.0500
2026-01-15 18:52:29,415 - INFO - [Step 110800] Loss: 0.0000 | CLS: 0.0000 | CRF: 0.0000 | CRF_W: 0.0500
2026-01-15 18:53:42,187 - INFO - [Step 110900] Loss: 0.0001 | CLS: 0.0001 | CRF: 0.0000 | CRF_W: 0.0500
2026-01-15 18:54:56,065 - INFO - [Step 111000] Loss: 0.0002 | CLS: 0.0002 | CRF: 0.0001 | CRF_W: 0.0500
2026-01-15 18:56:09,760 - INFO - [Step 111100] Loss: 0.0000 | CLS: 0.0000 | CRF: 0.0001 | CRF_W: 0.0500
2026-01-15 18:57:23,711 - INFO - [Step 111200] Loss: 0.0000 | CLS: 0.0000 | CRF: 0.0000 | CRF_W: 0.0500
2026-01-15 18:58:37,895 - INFO - [Step 111300] Loss: 0.0001 | CLS: 0.0001 | CRF: 0.0004 | CRF_W: 0.0500
2026-01-15 18:59:51,636 - INFO - [Step 111400] Loss: 0.0000 | CLS: 0.0000 | CRF: 0.0000 | CRF_W: 0.0500
2026-01-15 19:01:05,377 - INFO - [Step 111500] Loss: 0.0000 | CLS: 0.0000 | CRF: 0.0000 | CRF_W: 0.0500
2026-01-15 19:02:19,496 - INFO - [Step 111600] Loss: 0.0000 | CLS: 0.0000 | CRF: 0.0000 | CRF_W: 0.0500
2026-01-15 19:03:34,125 - INFO - [Step 111700] Loss: 0.0000 | CLS: 0.0000 | CRF: 0.0000 | CRF_W: 0.0500
2026-01-15 19:04:48,145 - INFO - [Step 111800] Loss: 0.0001 | CLS: 0.0001 | CRF: 0.0000 | CRF_W: 0.0500
2026-01-15 19:06:00,967 - INFO - [Step 111900] Loss: 0.0000 | CLS: 0.0000 | CRF: 0.0000 | CRF_W: 0.0500
2026-01-15 19:07:13,399 - INFO - [Step 112000] Loss: 0.0001 | CLS: 0.0000 | CRF: 0.0008 | CRF_W: 0.0500
2026-01-15 19:08:24,929 - INFO - [Step 112100] Loss: 0.0016 | CLS: 0.0016 | CRF: 0.0000 | CRF_W: 0.0500
2026-01-15 19:09:36,124 - INFO - [Step 112200] Loss: 0.0000 | CLS: 0.0000 | CRF: 0.0001 | CRF_W: 0.0500
2026-01-15 19:10:47,947 - INFO - [Step 112300] Loss: 0.0001 | CLS: 0.0001 | CRF: 0.0000 | CRF_W: 0.0500
2026-01-15 19:11:58,717 - INFO - [Step 112400] Loss: 0.0012 | CLS: 0.0011 | CRF: 0.0009 | CRF_W: 0.0500
2026-01-15 19:13:09,936 - INFO - [Step 112500] Loss: 0.0003 | CLS: 0.0001 | CRF: 0.0042 | CRF_W: 0.0500
2026-01-15 19:14:21,083 - INFO - [Step 112600] Loss: 0.0001 | CLS: 0.0001 | CRF: 0.0000 | CRF_W: 0.0500
2026-01-15 19:15:31,811 - INFO - [Step 112700] Loss: 0.0005 | CLS: 0.0005 | CRF: 0.0004 | CRF_W: 0.0500
2026-01-15 19:16:42,935 - INFO - [Step 112800] Loss: 0.0000 | CLS: 0.0000 | CRF: 0.0000 | CRF_W: 0.0500
2026-01-15 19:17:54,539 - INFO - [Step 112900] Loss: 0.0013 | CLS: 0.0013 | CRF: 0.0000 | CRF_W: 0.0500
2026-01-15 19:19:06,448 - INFO - [Step 113000] Loss: 0.0002 | CLS: 0.0002 | CRF: 0.0001 | CRF_W: 0.0500
2026-01-15 19:20:17,453 - INFO - [Step 113100] Loss: 0.0002 | CLS: 0.0002 | CRF: 0.0000 | CRF_W: 0.0500
2026-01-15 19:21:28,697 - INFO - [Step 113200] Loss: 0.0002 | CLS: 0.0002 | CRF: 0.0001 | CRF_W: 0.0500
2026-01-15 19:22:39,626 - INFO - [Step 113300] Loss: 0.0003 | CLS: 0.0003 | CRF: 0.0006 | CRF_W: 0.0500
2026-01-15 19:23:50,590 - INFO - [Step 113400] Loss: 0.0003 | CLS: 0.0003 | CRF: 0.0001 | CRF_W: 0.0500
2026-01-15 19:25:01,770 - INFO - [Step 113500] Loss: 0.0001 | CLS: 0.0000 | CRF: 0.0002 | CRF_W: 0.0500
2026-01-15 19:26:12,851 - INFO - [Step 113600] Loss: 0.0000 | CLS: 0.0000 | CRF: 0.0001 | CRF_W: 0.0500
2026-01-15 19:27:24,241 - INFO - [Step 113700] Loss: 0.0006 | CLS: 0.0006 | CRF: 0.0002 | CRF_W: 0.0500
2026-01-15 19:28:36,340 - INFO - [Step 113800] Loss: 0.0006 | CLS: 0.0006 | CRF: 0.0007 | CRF_W: 0.0500
2026-01-15 19:29:48,464 - INFO - [Step 113900] Loss: 0.0299 | CLS: 0.0296 | CRF: 0.0066 | CRF_W: 0.0500
2026-01-15 19:31:00,642 - INFO - [Step 114000] Loss: 0.0000 | CLS: 0.0000 | CRF: 0.0000 | CRF_W: 0.0500
2026-01-15 19:32:12,584 - INFO - [Step 114100] Loss: 0.0000 | CLS: 0.0000 | CRF: 0.0000 | CRF_W: 0.0500
2026-01-15 19:33:24,920 - INFO - [Step 114200] Loss: 0.0010 | CLS: 0.0008 | CRF: 0.0048 | CRF_W: 0.0500
2026-01-15 19:34:36,973 - INFO - [Step 114300] Loss: 0.0001 | CLS: 0.0001 | CRF: 0.0001 | CRF_W: 0.0500
2026-01-15 19:35:48,705 - INFO - [Step 114400] Loss: 0.0132 | CLS: 0.0132 | CRF: 0.0017 | CRF_W: 0.0500
2026-01-15 19:37:01,285 - INFO - [Step 114500] Loss: 0.0000 | CLS: 0.0000 | CRF: 0.0000 | CRF_W: 0.0500
2026-01-15 19:38:13,674 - INFO - [Step 114600] Loss: 0.0000 | CLS: 0.0000 | CRF: 0.0003 | CRF_W: 0.0500
2026-01-15 19:39:26,758 - INFO - [Step 114700] Loss: 0.0105 | CLS: 0.0103 | CRF: 0.0037 | CRF_W: 0.0500
2026-01-15 19:40:40,066 - INFO - [Step 114800] Loss: 0.0000 | CLS: 0.0000 | CRF: 0.0000 | CRF_W: 0.0500
2026-01-15 19:41:53,221 - INFO - [Step 114900] Loss: 0.0001 | CLS: 0.0001 | CRF: 0.0000 | CRF_W: 0.0500
2026-01-15 19:43:06,974 - INFO - [Step 115000] Loss: 0.0001 | CLS: 0.0001 | CRF: 0.0000 | CRF_W: 0.0500
2026-01-15 19:44:21,453 - INFO - [Step 115100] Loss: 0.0004 | CLS: 0.0004 | CRF: 0.0001 | CRF_W: 0.0500
2026-01-15 19:45:35,971 - INFO - [Step 115200] Loss: 0.0000 | CLS: 0.0000 | CRF: 0.0001 | CRF_W: 0.0500
2026-01-15 19:46:50,491 - INFO - [Step 115300] Loss: 0.0000 | CLS: 0.0000 | CRF: 0.0000 | CRF_W: 0.0500
2026-01-15 19:48:05,820 - INFO - [Step 115400] Loss: 0.0044 | CLS: 0.0044 | CRF: 0.0005 | CRF_W: 0.0500
2026-01-15 19:49:21,449 - INFO - [Step 115500] Loss: 0.0000 | CLS: 0.0000 | CRF: 0.0001 | CRF_W: 0.0500
2026-01-15 19:50:36,875 - INFO - [Step 115600] Loss: 0.0001 | CLS: 0.0001 | CRF: 0.0000 | CRF_W: 0.0500
2026-01-15 19:51:51,669 - INFO - [Step 115700] Loss: 0.0001 | CLS: 0.0001 | CRF: 0.0000 | CRF_W: 0.0500
2026-01-15 19:53:06,158 - INFO - [Step 115800] Loss: 0.0116 | CLS: 0.0115 | CRF: 0.0021 | CRF_W: 0.0500
2026-01-15 19:54:20,327 - INFO - [Step 115900] Loss: 0.0001 | CLS: 0.0000 | CRF: 0.0016 | CRF_W: 0.0500
2026-01-15 19:55:34,650 - INFO - [Step 116000] Loss: 0.0000 | CLS: 0.0000 | CRF: 0.0001 | CRF_W: 0.0500
2026-01-15 19:56:49,283 - INFO - [Step 116100] Loss: 0.0001 | CLS: 0.0001 | CRF: 0.0001 | CRF_W: 0.0500
2026-01-15 19:58:03,597 - INFO - [Step 116200] Loss: 0.0003 | CLS: 0.0002 | CRF: 0.0012 | CRF_W: 0.0500
2026-01-15 19:59:18,241 - INFO - [Step 116300] Loss: 0.0034 | CLS: 0.0033 | CRF: 0.0008 | CRF_W: 0.0500
2026-01-15 20:00:32,054 - INFO - [Step 116400] Loss: 0.0000 | CLS: 0.0000 | CRF: 0.0000 | CRF_W: 0.0500
2026-01-15 20:01:46,060 - INFO - [Step 116500] Loss: 0.0000 | CLS: 0.0000 | CRF: 0.0001 | CRF_W: 0.0500
2026-01-15 20:03:00,744 - INFO - [Step 116600] Loss: 0.0000 | CLS: 0.0000 | CRF: 0.0000 | CRF_W: 0.0500
2026-01-15 20:04:16,668 - INFO - [Step 116700] Loss: 0.0003 | CLS: 0.0003 | CRF: 0.0000 | CRF_W: 0.0500
2026-01-15 20:05:32,596 - INFO - [Step 116800] Loss: 0.0058 | CLS: 0.0057 | CRF: 0.0006 | CRF_W: 0.0500
2026-01-15 20:06:48,600 - INFO - [Step 116900] Loss: 0.0000 | CLS: 0.0000 | CRF: 0.0000 | CRF_W: 0.0500
2026-01-15 20:08:04,601 - INFO - [Step 117000] Loss: 0.0000 | CLS: 0.0000 | CRF: 0.0000 | CRF_W: 0.0500
2026-01-15 20:09:20,574 - INFO - [Step 117100] Loss: 0.0000 | CLS: 0.0000 | CRF: 0.0000 | CRF_W: 0.0500
2026-01-15 20:10:36,887 - INFO - [Step 117200] Loss: 0.0002 | CLS: 0.0001 | CRF: 0.0023 | CRF_W: 0.0500
2026-01-15 20:11:52,894 - INFO - [Step 117300] Loss: 0.0004 | CLS: 0.0004 | CRF: 0.0000 | CRF_W: 0.0500
2026-01-15 20:13:09,699 - INFO - [Step 117400] Loss: 0.0001 | CLS: 0.0001 | CRF: 0.0000 | CRF_W: 0.0500
2026-01-15 20:14:25,854 - INFO - [Step 117500] Loss: 0.0001 | CLS: 0.0001 | CRF: 0.0000 | CRF_W: 0.0500
2026-01-15 20:15:41,733 - INFO - [Step 117600] Loss: 0.0002 | CLS: 0.0000 | CRF: 0.0025 | CRF_W: 0.0500
2026-01-15 20:16:58,045 - INFO - [Step 117700] Loss: 0.0000 | CLS: 0.0000 | CRF: 0.0000 | CRF_W: 0.0500
2026-01-15 20:18:13,863 - INFO - [Step 117800] Loss: 0.0000 | CLS: 0.0000 | CRF: 0.0001 | CRF_W: 0.0500
2026-01-15 20:19:30,294 - INFO - [Step 117900] Loss: 0.0001 | CLS: 0.0001 | CRF: 0.0000 | CRF_W: 0.0500
2026-01-15 20:20:47,021 - INFO - [Step 118000] Loss: 0.0001 | CLS: 0.0001 | CRF: 0.0000 | CRF_W: 0.0500
2026-01-15 20:32:03,963 - INFO - Epoch 15 | Val F1: 0.9663 | mIoU: 0.9674
2026-01-15 20:32:03,976 - INFO -  正在写入模型
2026-01-15 20:32:07,802 - INFO -   💾 Saved epoch checkpoint to checkpoint_epoch_15.pt
2026-01-15 20:32:21,108 - INFO - Epoch 16 | CRF Loss Weight: 0.0500
2026-01-15 20:32:24,863 - INFO - [Step 118100] Loss: 0.0001 | CLS: 0.0001 | CRF: 0.0000 | CRF_W: 0.0500
2026-01-15 20:33:39,221 - INFO - [Step 118200] Loss: 0.0001 | CLS: 0.0001 | CRF: 0.0000 | CRF_W: 0.0500
2026-01-15 20:34:55,259 - INFO - [Step 118300] Loss: 0.0003 | CLS: 0.0003 | CRF: 0.0000 | CRF_W: 0.0500
2026-01-15 20:36:11,388 - INFO - [Step 118400] Loss: 0.0000 | CLS: 0.0000 | CRF: 0.0000 | CRF_W: 0.0500
2026-01-15 20:37:27,330 - INFO - [Step 118500] Loss: 0.0001 | CLS: 0.0001 | CRF: 0.0000 | CRF_W: 0.0500
2026-01-15 20:38:43,196 - INFO - [Step 118600] Loss: 0.0000 | CLS: 0.0000 | CRF: 0.0005 | CRF_W: 0.0500
2026-01-15 20:39:59,159 - INFO - [Step 118700] Loss: 0.0000 | CLS: 0.0000 | CRF: 0.0000 | CRF_W: 0.0500
2026-01-15 20:41:15,020 - INFO - [Step 118800] Loss: 0.0001 | CLS: 0.0001 | CRF: 0.0002 | CRF_W: 0.0500
2026-01-15 20:42:31,505 - INFO - [Step 118900] Loss: 0.0000 | CLS: 0.0000 | CRF: 0.0000 | CRF_W: 0.0500
2026-01-15 20:43:47,515 - INFO - [Step 119000] Loss: 0.0001 | CLS: 0.0001 | CRF: 0.0000 | CRF_W: 0.0500
2026-01-15 20:45:03,588 - INFO - [Step 119100] Loss: 0.0000 | CLS: 0.0000 | CRF: 0.0000 | CRF_W: 0.0500
2026-01-15 20:46:19,781 - INFO - [Step 119200] Loss: 0.0001 | CLS: 0.0001 | CRF: 0.0000 | CRF_W: 0.0500
2026-01-15 20:47:35,773 - INFO - [Step 119300] Loss: 0.0000 | CLS: 0.0000 | CRF: 0.0000 | CRF_W: 0.0500
2026-01-15 20:48:51,701 - INFO - [Step 119400] Loss: 0.0001 | CLS: 0.0001 | CRF: 0.0000 | CRF_W: 0.0500
2026-01-15 20:50:07,805 - INFO - [Step 119500] Loss: 0.0009 | CLS: 0.0008 | CRF: 0.0001 | CRF_W: 0.0500
2026-01-15 20:51:24,141 - INFO - [Step 119600] Loss: 0.0002 | CLS: 0.0002 | CRF: 0.0000 | CRF_W: 0.0500
2026-01-15 20:52:40,876 - INFO - [Step 119700] Loss: 0.0003 | CLS: 0.0003 | CRF: 0.0001 | CRF_W: 0.0500
2026-01-15 20:53:57,267 - INFO - [Step 119800] Loss: 0.0007 | CLS: 0.0007 | CRF: 0.0002 | CRF_W: 0.0500
2026-01-15 20:55:13,504 - INFO - [Step 119900] Loss: 0.0000 | CLS: 0.0000 | CRF: 0.0000 | CRF_W: 0.0500
2026-01-15 20:56:29,539 - INFO - [Step 120000] Loss: 0.0000 | CLS: 0.0000 | CRF: 0.0000 | CRF_W: 0.0500
2026-01-15 20:57:46,092 - INFO - [Step 120100] Loss: 0.0000 | CLS: 0.0000 | CRF: 0.0000 | CRF_W: 0.0500
2026-01-15 20:59:02,208 - INFO - [Step 120200] Loss: 0.0000 | CLS: 0.0000 | CRF: 0.0000 | CRF_W: 0.0500
2026-01-15 21:00:18,399 - INFO - [Step 120300] Loss: 0.0000 | CLS: 0.0000 | CRF: 0.0000 | CRF_W: 0.0500
2026-01-15 21:01:34,389 - INFO - [Step 120400] Loss: 0.0000 | CLS: 0.0000 | CRF: 0.0000 | CRF_W: 0.0500
2026-01-15 21:02:50,597 - INFO - [Step 120500] Loss: 0.0005 | CLS: 0.0005 | CRF: 0.0000 | CRF_W: 0.0500
2026-01-15 21:04:06,817 - INFO - [Step 120600] Loss: 0.0003 | CLS: 0.0003 | CRF: 0.0006 | CRF_W: 0.0500
2026-01-15 21:05:22,676 - INFO - [Step 120700] Loss: 0.0006 | CLS: 0.0006 | CRF: 0.0003 | CRF_W: 0.0500
2026-01-15 21:06:39,020 - INFO - [Step 120800] Loss: 0.0000 | CLS: 0.0000 | CRF: 0.0000 | CRF_W: 0.0500
2026-01-15 21:07:58,266 - INFO - [Step 120900] Loss: 0.0000 | CLS: 0.0000 | CRF: 0.0000 | CRF_W: 0.0500
2026-01-15 21:09:15,785 - INFO - [Step 121000] Loss: 0.0000 | CLS: 0.0000 | CRF: 0.0000 | CRF_W: 0.0500
2026-01-15 21:10:31,981 - INFO - [Step 121100] Loss: 0.0000 | CLS: 0.0000 | CRF: 0.0000 | CRF_W: 0.0500
2026-01-15 21:11:48,660 - INFO - [Step 121200] Loss: 0.0000 | CLS: 0.0000 | CRF: 0.0000 | CRF_W: 0.0500
2026-01-15 21:13:05,026 - INFO - [Step 121300] Loss: 0.0014 | CLS: 0.0014 | CRF: 0.0001 | CRF_W: 0.0500
2026-01-15 21:14:21,306 - INFO - [Step 121400] Loss: 0.0000 | CLS: 0.0000 | CRF: 0.0000 | CRF_W: 0.0500
2026-01-15 21:15:37,924 - INFO - [Step 121500] Loss: 0.0000 | CLS: 0.0000 | CRF: 0.0000 | CRF_W: 0.0500
2026-01-15 21:16:54,466 - INFO - [Step 121600] Loss: 0.0002 | CLS: 0.0002 | CRF: 0.0000 | CRF_W: 0.0500
2026-01-15 21:18:10,553 - INFO - [Step 121700] Loss: 0.0000 | CLS: 0.0000 | CRF: 0.0000 | CRF_W: 0.0500
2026-01-15 21:19:26,504 - INFO - [Step 121800] Loss: 0.0002 | CLS: 0.0002 | CRF: 0.0001 | CRF_W: 0.0500
2026-01-15 21:20:42,624 - INFO - [Step 121900] Loss: 0.0000 | CLS: 0.0000 | CRF: 0.0000 | CRF_W: 0.0500
2026-01-15 21:21:58,905 - INFO - [Step 122000] Loss: 0.0000 | CLS: 0.0000 | CRF: 0.0000 | CRF_W: 0.0500
2026-01-15 21:23:15,532 - INFO - [Step 122100] Loss: 0.0000 | CLS: 0.0000 | CRF: 0.0000 | CRF_W: 0.0500
2026-01-15 21:24:31,579 - INFO - [Step 122200] Loss: 0.0054 | CLS: 0.0053 | CRF: 0.0005 | CRF_W: 0.0500
2026-01-15 21:25:48,218 - INFO - [Step 122300] Loss: 0.0000 | CLS: 0.0000 | CRF: 0.0000 | CRF_W: 0.0500
2026-01-15 21:27:04,787 - INFO - [Step 122400] Loss: 0.0001 | CLS: 0.0001 | CRF: 0.0000 | CRF_W: 0.0500
2026-01-15 21:28:20,706 - INFO - [Step 122500] Loss: 0.0000 | CLS: 0.0000 | CRF: 0.0000 | CRF_W: 0.0500
2026-01-15 21:29:37,106 - INFO - [Step 122600] Loss: 0.0002 | CLS: 0.0002 | CRF: 0.0000 | CRF_W: 0.0500
2026-01-15 21:30:53,844 - INFO - [Step 122700] Loss: 0.0000 | CLS: 0.0000 | CRF: 0.0000 | CRF_W: 0.0500
2026-01-15 21:32:10,143 - INFO - [Step 122800] Loss: 0.0000 | CLS: 0.0000 | CRF: 0.0000 | CRF_W: 0.0500
2026-01-15 21:33:26,698 - INFO - [Step 122900] Loss: 0.0000 | CLS: 0.0000 | CRF: 0.0003 | CRF_W: 0.0500
2026-01-15 21:34:42,705 - INFO - [Step 123000] Loss: 0.0000 | CLS: 0.0000 | CRF: 0.0000 | CRF_W: 0.0500
2026-01-15 21:35:58,607 - INFO - [Step 123100] Loss: 0.0000 | CLS: 0.0000 | CRF: 0.0000 | CRF_W: 0.0500
2026-01-15 21:37:15,056 - INFO - [Step 123200] Loss: 0.0000 | CLS: 0.0000 | CRF: 0.0000 | CRF_W: 0.0500
2026-01-15 21:38:31,368 - INFO - [Step 123300] Loss: 0.0017 | CLS: 0.0016 | CRF: 0.0001 | CRF_W: 0.0500
2026-01-15 21:39:47,727 - INFO - [Step 123400] Loss: 0.0005 | CLS: 0.0004 | CRF: 0.0016 | CRF_W: 0.0500
2026-01-15 21:41:04,163 - INFO - [Step 123500] Loss: 0.0005 | CLS: 0.0005 | CRF: 0.0000 | CRF_W: 0.0500
2026-01-15 21:42:20,176 - INFO - [Step 123600] Loss: 0.0000 | CLS: 0.0000 | CRF: 0.0003 | CRF_W: 0.0500
2026-01-15 21:43:36,431 - INFO - [Step 123700] Loss: 0.0000 | CLS: 0.0000 | CRF: 0.0000 | CRF_W: 0.0500
2026-01-15 21:44:52,863 - INFO - [Step 123800] Loss: 0.0018 | CLS: 0.0018 | CRF: 0.0001 | CRF_W: 0.0500
2026-01-15 21:46:09,307 - INFO - [Step 123900] Loss: 0.0005 | CLS: 0.0004 | CRF: 0.0000 | CRF_W: 0.0500
2026-01-15 21:47:25,996 - INFO - [Step 124000] Loss: 0.0006 | CLS: 0.0006 | CRF: 0.0000 | CRF_W: 0.0500
2026-01-15 21:48:42,424 - INFO - [Step 124100] Loss: 0.0002 | CLS: 0.0002 | CRF: 0.0000 | CRF_W: 0.0500
2026-01-15 21:49:58,281 - INFO - [Step 124200] Loss: 0.0000 | CLS: 0.0000 | CRF: 0.0000 | CRF_W: 0.0500
2026-01-15 21:51:14,577 - INFO - [Step 124300] Loss: 0.0000 | CLS: 0.0000 | CRF: 0.0002 | CRF_W: 0.0500
2026-01-15 21:52:30,549 - INFO - [Step 124400] Loss: 0.0000 | CLS: 0.0000 | CRF: 0.0000 | CRF_W: 0.0500
2026-01-15 21:53:46,550 - INFO - [Step 124500] Loss: 0.0001 | CLS: 0.0001 | CRF: 0.0000 | CRF_W: 0.0500
2026-01-15 21:55:02,416 - INFO - [Step 124600] Loss: 0.0000 | CLS: 0.0000 | CRF: 0.0000 | CRF_W: 0.0500
2026-01-15 21:56:18,181 - INFO - [Step 124700] Loss: 0.0000 | CLS: 0.0000 | CRF: 0.0000 | CRF_W: 0.0500
2026-01-15 21:57:34,261 - INFO - [Step 124800] Loss: 0.0000 | CLS: 0.0000 | CRF: 0.0000 | CRF_W: 0.0500
2026-01-15 21:58:50,555 - INFO - [Step 124900] Loss: 0.0000 | CLS: 0.0000 | CRF: 0.0000 | CRF_W: 0.0500
2026-01-15 22:00:06,486 - INFO - [Step 125000] Loss: 0.0000 | CLS: 0.0000 | CRF: 0.0000 | CRF_W: 0.0500
2026-01-15 22:01:22,637 - INFO - [Step 125100] Loss: 0.0000 | CLS: 0.0000 | CRF: 0.0000 | CRF_W: 0.0500
2026-01-15 22:02:38,494 - INFO - [Step 125200] Loss: 0.0022 | CLS: 0.0022 | CRF: 0.0001 | CRF_W: 0.0500
2026-01-15 22:03:53,832 - INFO - [Step 125300] Loss: 0.0000 | CLS: 0.0000 | CRF: 0.0000 | CRF_W: 0.0500
2026-01-15 22:05:09,592 - INFO - [Step 125400] Loss: 0.0001 | CLS: 0.0001 | CRF: 0.0000 | CRF_W: 0.0500
2026-01-15 22:06:25,103 - INFO - [Step 125500] Loss: 0.0000 | CLS: 0.0000 | CRF: 0.0001 | CRF_W: 0.0500
2026-01-15 22:07:41,275 - INFO - [Step 125600] Loss: 0.0001 | CLS: 0.0000 | CRF: 0.0001 | CRF_W: 0.0500
2026-01-15 22:08:56,884 - INFO - [Step 125700] Loss: 0.0003 | CLS: 0.0001 | CRF: 0.0039 | CRF_W: 0.0500
2026-01-15 22:10:12,604 - INFO - [Step 125800] Loss: 0.0000 | CLS: 0.0000 | CRF: 0.0000 | CRF_W: 0.0500
2026-01-15 22:11:27,741 - INFO - [Step 125900] Loss: 0.0004 | CLS: 0.0004 | CRF: 0.0000 | CRF_W: 0.0500
2026-01-15 22:22:22,018 - INFO - Epoch 16 | Val F1: 0.9691 | mIoU: 0.9683
2026-01-15 22:22:22,030 - INFO -  正在写入模型
2026-01-15 22:22:25,716 - INFO -   💾 Saved epoch checkpoint to checkpoint_epoch_16.pt
2026-01-15 22:23:28,346 - INFO -   ✅ New Best F1! Saved best_model.pt
2026-01-15 22:24:54,429 - INFO - Epoch 17 | CRF Loss Weight: 0.0500
2026-01-15 22:25:16,493 - INFO - [Step 126000] Loss: 0.0006 | CLS: 0.0000 | CRF: 0.0116 | CRF_W: 0.0500
2026-01-15 22:26:28,258 - INFO - [Step 126100] Loss: 0.0000 | CLS: 0.0000 | CRF: 0.0000 | CRF_W: 0.0500
2026-01-15 22:27:43,067 - INFO - [Step 126200] Loss: 0.0000 | CLS: 0.0000 | CRF: 0.0000 | CRF_W: 0.0500
2026-01-15 22:28:58,200 - INFO - [Step 126300] Loss: 0.0000 | CLS: 0.0000 | CRF: 0.0002 | CRF_W: 0.0500
2026-01-15 22:30:14,377 - INFO - [Step 126400] Loss: 0.0037 | CLS: 0.0037 | CRF: 0.0002 | CRF_W: 0.0500
2026-01-15 22:31:30,154 - INFO - [Step 126500] Loss: 0.0000 | CLS: 0.0000 | CRF: 0.0000 | CRF_W: 0.0500
2026-01-15 22:32:46,486 - INFO - [Step 126600] Loss: 0.0000 | CLS: 0.0000 | CRF: 0.0000 | CRF_W: 0.0500
2026-01-15 22:34:02,455 - INFO - [Step 126700] Loss: 0.0000 | CLS: 0.0000 | CRF: 0.0000 | CRF_W: 0.0500
2026-01-15 22:35:18,449 - INFO - [Step 126800] Loss: 0.0000 | CLS: 0.0000 | CRF: 0.0000 | CRF_W: 0.0500
2026-01-15 22:36:34,330 - INFO - [Step 126900] Loss: 0.0000 | CLS: 0.0000 | CRF: 0.0001 | CRF_W: 0.0500
2026-01-15 22:37:50,749 - INFO - [Step 127000] Loss: 0.0625 | CLS: 0.0619 | CRF: 0.0106 | CRF_W: 0.0500
2026-01-15 22:39:07,243 - INFO - [Step 127100] Loss: 0.0000 | CLS: 0.0000 | CRF: 0.0000 | CRF_W: 0.0500
2026-01-15 22:40:23,794 - INFO - [Step 127200] Loss: 0.0000 | CLS: 0.0000 | CRF: 0.0000 | CRF_W: 0.0500
2026-01-15 22:41:40,669 - INFO - [Step 127300] Loss: 0.0000 | CLS: 0.0000 | CRF: 0.0000 | CRF_W: 0.0500
2026-01-15 22:42:57,546 - INFO - [Step 127400] Loss: 0.0000 | CLS: 0.0000 | CRF: 0.0000 | CRF_W: 0.0500
2026-01-15 22:44:14,912 - INFO - [Step 127500] Loss: 0.0000 | CLS: 0.0000 | CRF: 0.0000 | CRF_W: 0.0500
2026-01-15 22:45:32,153 - INFO - [Step 127600] Loss: 0.0000 | CLS: 0.0000 | CRF: 0.0000 | CRF_W: 0.0500
2026-01-15 22:46:50,406 - INFO - [Step 127700] Loss: 0.0000 | CLS: 0.0000 | CRF: 0.0000 | CRF_W: 0.0500
2026-01-15 22:48:07,237 - INFO - [Step 127800] Loss: 0.0000 | CLS: 0.0000 | CRF: 0.0000 | CRF_W: 0.0500
2026-01-15 22:49:24,171 - INFO - [Step 127900] Loss: 0.0000 | CLS: 0.0000 | CRF: 0.0000 | CRF_W: 0.0500
2026-01-15 22:50:41,035 - INFO - [Step 128000] Loss: 0.0000 | CLS: 0.0000 | CRF: 0.0000 | CRF_W: 0.0500
2026-01-15 22:51:57,967 - INFO - [Step 128100] Loss: 0.0000 | CLS: 0.0000 | CRF: 0.0000 | CRF_W: 0.0500
2026-01-15 22:53:14,975 - INFO - [Step 128200] Loss: 0.0000 | CLS: 0.0000 | CRF: 0.0000 | CRF_W: 0.0500
2026-01-15 22:54:32,660 - INFO - [Step 128300] Loss: 0.0000 | CLS: 0.0000 | CRF: 0.0000 | CRF_W: 0.0500
2026-01-15 22:55:49,181 - INFO - [Step 128400] Loss: 0.0000 | CLS: 0.0000 | CRF: 0.0000 | CRF_W: 0.0500
2026-01-15 22:57:06,049 - INFO - [Step 128500] Loss: 0.0000 | CLS: 0.0000 | CRF: 0.0000 | CRF_W: 0.0500
2026-01-15 22:58:22,834 - INFO - [Step 128600] Loss: 0.0000 | CLS: 0.0000 | CRF: 0.0001 | CRF_W: 0.0500
2026-01-15 22:59:39,965 - INFO - [Step 128700] Loss: 0.0000 | CLS: 0.0000 | CRF: 0.0000 | CRF_W: 0.0500
2026-01-15 23:00:56,890 - INFO - [Step 128800] Loss: 0.0007 | CLS: 0.0007 | CRF: 0.0001 | CRF_W: 0.0500
2026-01-15 23:02:13,627 - INFO - [Step 128900] Loss: 0.0001 | CLS: 0.0001 | CRF: 0.0001 | CRF_W: 0.0500
2026-01-15 23:03:30,708 - INFO - [Step 129000] Loss: 0.0000 | CLS: 0.0000 | CRF: 0.0000 | CRF_W: 0.0500
2026-01-15 23:04:47,733 - INFO - [Step 129100] Loss: 0.0002 | CLS: 0.0002 | CRF: 0.0001 | CRF_W: 0.0500
2026-01-15 23:06:04,636 - INFO - [Step 129200] Loss: 0.0000 | CLS: 0.0000 | CRF: 0.0000 | CRF_W: 0.0500
2026-01-15 23:07:21,581 - INFO - [Step 129300] Loss: 0.0000 | CLS: 0.0000 | CRF: 0.0000 | CRF_W: 0.0500
2026-01-15 23:08:37,937 - INFO - [Step 129400] Loss: 0.0000 | CLS: 0.0000 | CRF: 0.0000 | CRF_W: 0.0500
2026-01-15 23:09:54,776 - INFO - [Step 129500] Loss: 0.0000 | CLS: 0.0000 | CRF: 0.0000 | CRF_W: 0.0500
2026-01-15 23:11:11,274 - INFO - [Step 129600] Loss: 0.0000 | CLS: 0.0000 | CRF: 0.0000 | CRF_W: 0.0500
2026-01-15 23:12:28,128 - INFO - [Step 129700] Loss: 0.0052 | CLS: 0.0051 | CRF: 0.0016 | CRF_W: 0.0500
2026-01-15 23:13:44,782 - INFO - [Step 129800] Loss: 0.0000 | CLS: 0.0000 | CRF: 0.0000 | CRF_W: 0.0500
2026-01-15 23:15:01,725 - INFO - [Step 129900] Loss: 0.0002 | CLS: 0.0000 | CRF: 0.0032 | CRF_W: 0.0500
2026-01-15 23:16:18,264 - INFO - [Step 130000] Loss: 0.0001 | CLS: 0.0001 | CRF: 0.0000 | CRF_W: 0.0500
2026-01-15 23:17:34,835 - INFO - [Step 130100] Loss: 0.0000 | CLS: 0.0000 | CRF: 0.0001 | CRF_W: 0.0500
2026-01-15 23:18:51,867 - INFO - [Step 130200] Loss: 0.0000 | CLS: 0.0000 | CRF: 0.0000 | CRF_W: 0.0500
2026-01-15 23:20:08,679 - INFO - [Step 130300] Loss: 0.0000 | CLS: 0.0000 | CRF: 0.0000 | CRF_W: 0.0500
2026-01-15 23:21:25,228 - INFO - [Step 130400] Loss: 0.0002 | CLS: 0.0002 | CRF: 0.0000 | CRF_W: 0.0500
2026-01-15 23:22:41,840 - INFO - [Step 130500] Loss: 0.0003 | CLS: 0.0003 | CRF: 0.0000 | CRF_W: 0.0500
2026-01-15 23:23:58,206 - INFO - [Step 130600] Loss: 0.0004 | CLS: 0.0004 | CRF: 0.0000 | CRF_W: 0.0500
2026-01-15 23:25:14,771 - INFO - [Step 130700] Loss: 0.0024 | CLS: 0.0024 | CRF: 0.0002 | CRF_W: 0.0500
2026-01-15 23:26:31,321 - INFO - [Step 130800] Loss: 0.0000 | CLS: 0.0000 | CRF: 0.0000 | CRF_W: 0.0500
2026-01-15 23:27:48,119 - INFO - [Step 130900] Loss: 0.0000 | CLS: 0.0000 | CRF: 0.0000 | CRF_W: 0.0500
2026-01-15 23:29:04,871 - INFO - [Step 131000] Loss: 0.0000 | CLS: 0.0000 | CRF: 0.0000 | CRF_W: 0.0500
2026-01-15 23:30:21,826 - INFO - [Step 131100] Loss: 0.0000 | CLS: 0.0000 | CRF: 0.0000 | CRF_W: 0.0500
2026-01-15 23:31:38,831 - INFO - [Step 131200] Loss: 0.0000 | CLS: 0.0000 | CRF: 0.0000 | CRF_W: 0.0500
2026-01-15 23:32:55,942 - INFO - [Step 131300] Loss: 0.0000 | CLS: 0.0000 | CRF: 0.0000 | CRF_W: 0.0500
2026-01-15 23:34:12,323 - INFO - [Step 131400] Loss: 0.0000 | CLS: 0.0000 | CRF: 0.0000 | CRF_W: 0.0500
2026-01-15 23:35:29,352 - INFO - [Step 131500] Loss: 0.0000 | CLS: 0.0000 | CRF: 0.0000 | CRF_W: 0.0500
2026-01-15 23:36:46,533 - INFO - [Step 131600] Loss: 0.0000 | CLS: 0.0000 | CRF: 0.0000 | CRF_W: 0.0500
2026-01-15 23:38:03,056 - INFO - [Step 131700] Loss: 0.0000 | CLS: 0.0000 | CRF: 0.0000 | CRF_W: 0.0500
2026-01-15 23:39:19,288 - INFO - [Step 131800] Loss: 0.0000 | CLS: 0.0000 | CRF: 0.0001 | CRF_W: 0.0500
2026-01-15 23:40:35,603 - INFO - [Step 131900] Loss: 0.0000 | CLS: 0.0000 | CRF: 0.0000 | CRF_W: 0.0500
2026-01-15 23:41:52,329 - INFO - [Step 132000] Loss: 0.0000 | CLS: 0.0000 | CRF: 0.0000 | CRF_W: 0.0500
2026-01-15 23:43:08,240 - INFO - [Step 132100] Loss: 0.0000 | CLS: 0.0000 | CRF: 0.0000 | CRF_W: 0.0500
2026-01-15 23:44:23,732 - INFO - [Step 132200] Loss: 0.0000 | CLS: 0.0000 | CRF: 0.0000 | CRF_W: 0.0500
2026-01-15 23:45:39,265 - INFO - [Step 132300] Loss: 0.0000 | CLS: 0.0000 | CRF: 0.0000 | CRF_W: 0.0500
2026-01-15 23:46:54,607 - INFO - [Step 132400] Loss: 0.0000 | CLS: 0.0000 | CRF: 0.0000 | CRF_W: 0.0500
2026-01-15 23:48:10,200 - INFO - [Step 132500] Loss: 0.0000 | CLS: 0.0000 | CRF: 0.0001 | CRF_W: 0.0500
2026-01-15 23:49:25,248 - INFO - [Step 132600] Loss: 0.0000 | CLS: 0.0000 | CRF: 0.0000 | CRF_W: 0.0500
2026-01-15 23:50:42,254 - INFO - [Step 132700] Loss: 0.0000 | CLS: 0.0000 | CRF: 0.0000 | CRF_W: 0.0500
2026-01-15 23:51:58,897 - INFO - [Step 132800] Loss: 0.0008 | CLS: 0.0008 | CRF: 0.0000 | CRF_W: 0.0500
2026-01-15 23:53:14,421 - INFO - [Step 132900] Loss: 0.0000 | CLS: 0.0000 | CRF: 0.0000 | CRF_W: 0.0500
2026-01-15 23:54:29,376 - INFO - [Step 133000] Loss: 0.0002 | CLS: 0.0002 | CRF: 0.0000 | CRF_W: 0.0500
2026-01-15 23:55:44,657 - INFO - [Step 133100] Loss: 0.0000 | CLS: 0.0000 | CRF: 0.0000 | CRF_W: 0.0500
2026-01-15 23:56:59,618 - INFO - [Step 133200] Loss: 0.0000 | CLS: 0.0000 | CRF: 0.0000 | CRF_W: 0.0500
2026-01-15 23:58:14,573 - INFO - [Step 133300] Loss: 0.0005 | CLS: 0.0005 | CRF: 0.0001 | CRF_W: 0.0500
2026-01-15 23:59:29,930 - INFO - [Step 133400] Loss: 0.0000 | CLS: 0.0000 | CRF: 0.0000 | CRF_W: 0.0500
2026-01-16 00:00:45,171 - INFO - [Step 133500] Loss: 0.0000 | CLS: 0.0000 | CRF: 0.0000 | CRF_W: 0.0500
2026-01-16 00:02:00,409 - INFO - [Step 133600] Loss: 0.0000 | CLS: 0.0000 | CRF: 0.0000 | CRF_W: 0.0500
2026-01-16 00:03:15,883 - INFO - [Step 133700] Loss: 0.0000 | CLS: 0.0000 | CRF: 0.0000 | CRF_W: 0.0500
2026-01-16 00:04:30,749 - INFO - [Step 133800] Loss: 0.0053 | CLS: 0.0052 | CRF: 0.0028 | CRF_W: 0.0500
2026-01-16 00:14:58,134 - INFO - Epoch 17 | Val F1: 0.9701 | mIoU: 0.9696
2026-01-16 00:14:58,153 - INFO -  正在写入模型
2026-01-16 00:15:02,166 - INFO -   💾 Saved epoch checkpoint to checkpoint_epoch_17.pt
2026-01-16 00:15:11,040 - INFO -   ✅ New Best F1! Saved best_model.pt
2026-01-16 00:15:20,729 - INFO - Epoch 18 | CRF Loss Weight: 0.0500
2026-01-16 00:16:05,165 - INFO - [Step 133900] Loss: 0.0000 | CLS: 0.0000 | CRF: 0.0000 | CRF_W: 0.0500
2026-01-16 00:17:20,100 - INFO - [Step 134000] Loss: 0.0000 | CLS: 0.0000 | CRF: 0.0000 | CRF_W: 0.0500
